txn_date,vehicle_id,litres,price_per_litre,total_cost,station,card_ref
07/05/2026,VH-001,"12,33","1,652","€ 20,36",Shell,FC756895
09/11/2025,VH-001,"10,41","1,812","€ 18,86",Avin,FC983218
03/05/2025,VH-001,"12,01","1,773","€ 21,29",eko,FC143447
19/09/2025,VH-001,"10,56","1,786","€ 18,86",EKO,FC168250
23/04/2026,VH-001,"9,10","1,694","€ 15,42",EKO,FC360401
22/10/2025,VH-001,"7,34","1,708","€ 12,54",Shell,FC185738
29/07/2025,VH-001,"11,48","1,733","€ 19,90",Shell,FC718451
15/05/2026,VH-001,"14,17","1,550","€ 21,96",Avin,FC491524
20/12/2025,VH-001,"9,87","1,777","€ 17,54",Shell,FC949397
16/07/2025,VH-001,"12,36","1,732","€ 21,41",eko,FC454663
18/01/2026,VH-001,"14,17","1,600","€ 22,67",EKO,FC768403
25/06/2026,VH-001,"12,94","1,554","€ 20,11",eko,FC334186
08/07/2026,VH-001,"12,54","1,748","€ 21,93",Shell,FC899246
24/02/2025,VH-001,"9,27","1,775","€ 16,45",Avin,FC484543
13/06/2026,VH-001,"10,63","1,525","€ 16,21",eko,FC939323
27/01/2026,VH-001,"11,21","1,554","€ 17,42",eko,FC634476
06/08/2025,VH-001,"12,29","1,716","€ 21,10",EKO,FC229346
05/01/2026,VH-001,"7,29","1,815","€ 13,23",Avin,FC489637
21/02/2026,VH-001,"12,51","1,566","€ 19,58",shell,FC387468
23/03/2025,VH-001,"10,49","1,748","€ 18,33",shell,FC919223
04/06/2025,VH-001,"16,09","1,534","€ 24,69",Avin,FC437176
16/08/2025,VH-001,"7,40","1,689","€ 12,49",eko,FC508499
03/06/2026,VH-001,"5,46","1,795","€ 9,80",eko,FC165463
17/06/2025,VH-001,"15,90","1,833","€ 29,14",BP,FC391879
11/05/2026,VH-001,"18,29","1,584","€ 28,97",eko,FC382436
03/01/2026,VH-001,"10,25","1,773","€ 18,17",shell,FC295521
12/01/2026,VH-001,"13,73","1,601","€ 21,98",Avin,FC322048
28/04/2026,VH-001,"9,99","1,912","€ 19,10",Shell,FC266115
11/05/2026,VH-001,"9,01","1,860","€ 16,75",Shell,FC955415
07/01/2026,VH-001,"11,53","1,648","€ 19,00",Shell,FC786463
19/01/2025,VH-001,"6,70","1,923","€ 12,88",eko,FC734442
24/04/2025,VH-001,"12,86","1,768","€ 22,74",Avin,FC268538
08/06/2025,VH-001,"9,54","1,933","€ 18,44",EKO,FC331997
20/08/2025,VH-001,"13,19","1,728","€ 22,80",Shell,FC934361
09/03/2025,VH-001,"12,54","1,669","€ 20,93",BP,FC633253
12/05/2026,VH-001,"9,61","1,546","€ 14,86",EKO,FC524947
30/04/2025,VH-001,"10,62","1,861","€ 19,76",Avin,FC279014
25/06/2026,VH-001,"8,66","1,853","€ 16,04",eko,FC206382
04/03/2025,VH-001,"7,50","1,827","€ 13,71",BP,FC981270
03/03/2026,VH-001,"8,88","1,918","€ 17,03",eko,FC803248
18/02/2025,VH-001,"9,54","1,787","€ 17,05",BP,FC154586
15/08/2025,VH-001,"5,88","1,920","€ 11,30",Avin,FC761993
05/10/2025,VH-001,"8,34","1,524","€ 12,72",BP,FC102426
16/10/2025,VH-001,,"1,811","€ 27,75",EKO,FC634521
22/07/2025,VH-001,"13,32","1,715","€ 22,85",Avin,FC634502
03/01/2026,VH-001,"6,70","1,912","€ 12,81",Shell,FC840351
30/04/2025,VH-001,"8,97","1,596","€ 14,32",Avin,FC529697
21/04/2026,VH-001,"12,31","1,563","€ 19,24",Avin,FC105551
26/01/2025,VH-001,"13,82","1,678","€ 23,20",Avin,FC463463
22/05/2026,VH-001,"10,86","1,835","€ 19,93",shell,FC812020
17/09/2025,VH-001,"9,63","1,739","€ 16,74",shell,FC753821
20/07/2025,VH-001,"8,30","1,629","€ 13,52",eko,FC863403
20/05/2025,VH-001,"9,27","1,857","€ 17,21",BP,FC906931
20/03/2026,VH-001,"12,14","1,894","€ 23,00",Avin,FC647625
04/06/2025,VH-001,"10,24","1,569","€ 16,07",EKO,FC831103
25/06/2025,VH-001,"13,52","1,861","€ 25,17",eko,FC188704
09/05/2026,VH-001,"11,41","1,797","€ 20,50",Avin,FC832892
21/08/2025,VH-001,"15,24","1,794","€ 27,35",eko,FC256068
03/05/2025,VH-001,"13,26","1,555","€ 20,62",Shell,FC848503
23/02/2025,VH-001,"8,22","1,916","€ 15,75",BP,FC368939
26/02/2025,VH-001,"11,61","1,816","€ 21,08",Shell,FC195734
06/09/2025,VH-001,"10,46","1,778","€ 18,60",Avin,FC999029
04/06/2026,VH-001,"13,05","1,935","€ 25,25",Shell,FC103002
10/11/2025,VH-001,"8,44","1,919","€ 16,19",eko,FC938069
15/06/2026,VH-001,"10,48","1,677","€ 17,58",eko,FC987967
12/01/2025,VH-001,"10,28","1,903","€ 19,57",Shell,FC513364
13/02/2025,VH-001,"10,72","1,884","€ 20,20",shell,FC974230
23/09/2025,VH-001,"12,83","1,849","€ 23,73",BP,FC512216
15/03/2026,VH-001,"6,03","1,917","€ 11,56",shell,FC727455
19/01/2026,VH-001,"10,62","1,904","€ 20,22",EKO,FC366741
31/07/2025,VH-001,"8,21","1,900","€ 15,61",Shell,FC520197
03/07/2026,VH-001,"8,11","1,889","€ 15,32",EKO,FC459843
16/12/2025,VH-001,"5,85","1,856","€ 10,85",Avin,FC199825
14/07/2025,VH-001,"9,82","1,526","€ 14,99",Shell,FC891642
04/02/2026,VH-001,"14,57","1,528","€ 22,26",Avin,FC891732
03/06/2026,VH-001,"8,37","1,781","€ 14,91",Avin,FC156890
18/07/2025,VH-001,"6,51","1,618","€ 10,53",Shell,FC365084
20/02/2025,VH-001,"15,07","1,728","€ 26,04",EKO,FC160093
15/01/2026,VH-001,"8,94","1,896","€ 16,95",Avin,FC288957
29/08/2025,VH-001,"15,09","1,538","€ 23,21",Avin,FC289838
02/07/2026,VH-001,"6,78","1,911","€ 12,95",Avin,FC728537
15/06/2025,VH-001,"13,14","1,666","€ 21,90",Avin,FC434088
06/06/2026,VH-001,"8,88","1,873","€ 16,63",shell,FC857708
21/04/2025,VH-001,"8,54","1,597","€ 13,63",eko,FC219259
03/06/2025,VH-001,"5,77","1,685","€ 9,72",Shell,FC412899
16/09/2025,VH-001,"5,96","1,791","€ 10,68",EKO,FC382744
27/05/2025,VH-001,"5,22","1,524","€ 7,95",EKO,FC250654
17/06/2026,VH-001,"14,44","1,792","€ 25,88",EKO,FC571143
02/02/2026,VH-001,"11,30","1,568","€ 17,72",Shell,FC526011
12/04/2025,VH-001,"11,02","1,721","€ 18,97",Shell,FC510870
25/01/2026,VH-001,"15,32","1,673","€ 25,62",eko,FC503944
30/08/2025,VH-001,"7,44","1,624","€ 12,08",Shell,FC471505
26/12/2025,VH-001,"13,96","1,679","€ 23,44",shell,FC979232
06/10/2025,VH-001,"10,28","1,692","€ 17,40",BP,FC801217
19/05/2026,VH-001,"12,28","1,695","€ 20,81",eko,FC577567
28/04/2026,VH-001,"19,04","1,646","€ 31,34",Avin,FC503277
16/01/2025,VH-001,"12,52","1,577","€ 19,75",Shell,FC865129
12/02/2026,VH-001,"12,01","1,811","€ 21,76",Avin,FC671163
12/09/2025,VH-001,"8,46","1,855","€ 15,69",shell,FC839069
21/01/2026,VH-001,"11,82","1,934","€ 22,86",shell,FC374794
06/07/2026,VH-001,"14,97","1,571","€ 23,52",Shell,FC579818
20/01/2025,VH-001,"8,53","1,905","€ 16,26",eko,FC324316
16/05/2025,VH-001,"8,12","1,745","€ 14,16",BP,FC820186
05/05/2025,VH-001,"15,98","1,652","€ 26,40",EKO,FC626995
15/09/2025,VH-001,"7,69","1,842","€ 14,16",BP,FC211535
22/04/2025,VH-001,"10,21","1,788","€ 18,26",shell,FC630158
01/01/2026,VH-001,"14,68","1,594","€ 23,40",shell,FC818670
25/08/2025,VH-001,"9,94","1,815","€ 18,03",Avin,FC317821
06/07/2025,VH-001,"14,08","1,534","€ 21,59",Shell,FC815282
27/06/2026,VH-001,"9,58","1,681","€ 16,11",Avin,FC490913
08/11/2025,VH-001,"15,12","1,644","€ 24,85",Shell,FC667820
04/07/2026,VH-001,"9,33","1,851","€ 17,26",Shell,FC789638
11/06/2026,VH-001,"4,81","1,938","€ 9,32",EKO,FC642020
26/02/2026,VH-001,"15,07","1,584","€ 23,88",Shell,FC974823
29/05/2025,VH-001,"12,71","1,610","€ 20,46",Shell,FC649503
10/12/2025,VH-001,"10,35","1,740","€ 18,01",EKO,FC592394
02/02/2026,VH-001,"7,02","1,687","€ 11,85",eko,FC769466
09/07/2025,VH-001,"12,84","1,775","€ 22,79",Avin,FC509360
15/05/2025,VH-001,"8,29","1,861","€ 15,43",BP,FC512744
01/10/2025,VH-001,"7,33","1,899","€ 13,91",eko,FC583594
25/03/2026,VH-001,"13,82","1,768","€ 24,44",EKO,FC883944
22/03/2025,VH-001,"13,35","1,881","€ 25,11",shell,FC641815
01/05/2025,VH-001,"11,23","1,603","€ 18,00",Shell,FC554013
27/06/2026,VH-001,"12,12","1,871","€ 22,69",eko,FC325921
16/05/2026,VH-001,"13,48","1,583","€ 21,35",EKO,FC431013
20/12/2025,VH-001,"13,88","1,763","€ 24,47",BP,FC679458
21/09/2025,VH-001,"13,54","1,661","€ 22,49",EKO,FC793626
24/02/2025,VH-001,"11,75","1,911","€ 22,46",Avin,FC477548
20/05/2025,VH-001,"12,74","1,594","€ 20,31",EKO,FC467570
19/04/2025,VH-001,"16,44","1,578","€ 25,93",BP,FC521850
05/03/2026,VH-001,"9,76","1,766","€ 17,23",shell,FC461479
22/04/2025,VH-001,"15,21","1,663","€ 25,29",EKO,FC316556
17/12/2025,VH-001,"17,61","1,673","€ 29,45",EKO,FC705758
26/01/2025,VH-001,"12,80","1,674","€ 21,43",Shell,FC915263
16/05/2026,VH-001,"10,84","1,862","€ 20,18",eko,FC559721
10/02/2026,VH-001,"17,06","1,747","€ 29,80",Shell,FC172945
31/05/2026,VH-001,"10,72","1,836","€ 19,69",BP,FC977082
08/11/2025,VH-001,"11,94","1,575","€ 18,81",Shell,FC772382
25/04/2026,VH-001,"10,84","1,677","€ 18,18",EKO,FC144357
23/02/2025,VH-001,"8,80","1,708","€ 15,03",BP,FC997160
03/01/2025,VH-001,"14,47","1,741","€ 25,20",Avin,FC473163
01/04/2025,VH-001,"12,58","1,884","€ 23,70",Shell,FC805546
07/03/2026,VH-001,"11,12","1,796","€ 19,98",BP,FC119172
11/07/2025,VH-001,"10,30","1,819","€ 18,74",eko,FC120082
03/02/2026,VH-001,"10,73","1,676","€ 17,99",Avin,FC643204
05/04/2025,VH-001,"13,40","1,588","€ 21,28",shell,FC941481
25/05/2026,VH-001,"12,18","1,895","€ 23,08",shell,FC730182
14/05/2026,VH-001,"14,82","1,907","€ 28,27",Shell,FC911311
03/11/2025,VH-001,"15,34","1,544","€ 23,69",shell,FC928917
22/02/2025,VH-001,"9,76","1,844","€ 18,01",EKO,FC127562
20/04/2026,VH-001,"12,45","1,606","€ 19,99",EKO,FC154242
04/03/2025,VH-001,"15,70","1,526","€ 23,96",Shell,FC795568
13/09/2025,VH-002,"28,35","0,444","€ 12,59",shell,FC559007
11/03/2025,VH-002,"27,99","0,436","€ 12,21",EKO,FC279295
02/06/2025,VH-002,"23,81","0,320","€ 7,62",Avin,FC529477
11/01/2026,VH-002,"27,38","0,485","€ 13,28",Shell,FC611259
25/05/2025,VH-002,"32,50","0,402","€ 13,06",EKO,FC944557
09/02/2026,VH-002,"16,37","0,462","€ 7,56",Shell,FC799561
25/11/2025,VH-002,"47,56","0,332","€ 15,79",EKO,FC185348
30/12/2025,VH-002,"33,50","0,414","€ 13,87",EKO,FC182841
17/02/2025,VH-002,"15,22","0,500","€ 7,61",shell,FC764381
31/12/2025,VH-002,"33,66","0,286","€ 9,63",eko,FC370393
12/01/2025,VH-002,"50,13","0,283","€ 14,19",Shell,FC381198
29/04/2026,VH-002,"18,99","0,311","€ 5,90",BP,FC188152
27/04/2026,VH-002,"39,23","0,393","€ 15,42",Shell,FC956523
27/10/2025,VH-002,"18,95","0,414","€ 7,84",eko,FC759078
03/03/2026,VH-002,"37,21","0,325","€ 12,09",BP,FC992917
07/03/2025,VH-002,"28,90","0,501","€ 14,48",shell,FC141224
22/04/2026,VH-002,"26,79","0,488","€ 13,07",EKO,FC912210
03/07/2025,VH-002,"26,77","0,454","€ 12,15",EKO,FC583959
03/12/2025,VH-002,"31,26","0,459","€ 14,35",shell,FC994755
19/12/2025,VH-002,"28,45","0,469","€ 13,34",eko,FC342102
30/01/2026,VH-002,"24,77","0,453","€ 11,22",Shell,FC842062
25/12/2025,VH-002,"31,29","0,517","€ 16,18",shell,FC389630
11/07/2026,VH-002,"39,45","0,355","€ 14,01",BP,FC508772
14/05/2026,VH-002,"29,86","0,473","€ 14,12",EKO,FC102255
31/01/2025,VH-002,"34,20","0,383","€ 13,10",EKO,FC892409
21/03/2026,VH-002,"39,44","0,297","€ 11,71",eko,FC688546
01/09/2025,VH-002,"41,72","0,321","€ 13,39",shell,FC125511
01/01/2026,VH-002,"42,20","0,352","€ 14,85",Shell,FC155339
21/02/2026,VH-002,"27,12","0,378","€ 10,25",Shell,FC374903
08/02/2026,VH-002,"43,09","0,401","€ 17,28",BP,FC819201
03/01/2026,VH-002,"41,09","0,427","€ 17,54",EKO,FC217977
11/03/2025,VH-002,"32,46","0,319","€ 10,36",shell,FC838185
06/09/2025,VH-002,"30,61","0,371","€ 11,36",Shell,FC843085
02/04/2025,VH-002,"26,31","0,421","€ 11,08",EKO,FC363039
23/02/2025,VH-002,"18,40","0,391","€ 7,20",Avin,FC854262
22/05/2026,VH-002,"64,78","0,309","€ 20,02",EKO,FC997051
11/09/2025,VH-002,"30,42","0,397","€ 12,08",eko,FC152085
28/09/2025,VH-002,"23,43","0,492","€ 11,53",Avin,FC518774
24/01/2026,VH-002,"19,73","0,287","€ 5,66",Shell,FC480273
06/06/2026,VH-002,"28,84","0,464","€ 13,38",Shell,FC799189
08/08/2025,VH-002,"35,52","0,349","€ 12,40",EKO,FC285788
17/12/2025,VH-002,"40,84","0,403","€ 16,46",eko,FC218176
20/01/2025,VH-002,"18,62","0,410","€ 7,64",BP,FC491958
17/08/2025,VH-002,"27,59","0,334","€ 9,22",Avin,FC910288
18/07/2025,VH-002,"51,17","0,286","€ 14,64",shell,FC474980
04/03/2025,VH-002,"22,58","0,471","€ 10,64",Avin,FC819876
26/02/2025,VH-002,"38,34","0,328","€ 12,57",Avin,FC958667
26/05/2025,VH-002,"29,31","0,418","€ 12,25",Shell,FC326550
01/07/2026,VH-002,"25,58","0,290","€ 7,42",Shell,FC397986
23/03/2026,VH-002,"38,48","0,287","€ 11,04",Avin,FC766634
05/01/2026,VH-002,"22,17","0,493","€ 10,93",EKO,FC842649
13/03/2026,VH-002,"26,74","0,448","€ 11,98",EKO,FC654819
07/09/2025,VH-002,"50,84","0,294","€ 14,95",Avin,FC759118
15/08/2025,VH-002,"38,08","0,355","€ 13,52",EKO,FC318300
01/07/2025,VH-002,"29,47","0,290","€ 8,55",BP,FC616922
23/11/2025,VH-002,"43,36","0,346","€ 15,00",Shell,FC626349
21/10/2025,VH-002,"25,95","0,319","€ 8,28",Shell,FC769642
25/08/2025,VH-002,"52,96","0,307","€ 16,26",EKO,FC833794
02/12/2025,VH-002,"33,51","0,371","€ 12,43",Shell,FC393554
25/04/2026,VH-002,"37,49","0,360","€ 13,50",Avin,FC414293
10/02/2025,VH-002,"30,46","0,444","€ 13,53",Avin,FC961842
21/09/2025,VH-002,"47,07","0,389","€ 18,31",EKO,FC769011
02/01/2025,VH-002,"33,23","0,371","€ 12,33",Shell,FC520433
04/05/2026,VH-002,"34,13","0,415","€ 14,16",eko,FC196868
09/06/2025,VH-002,"24,63","0,507","€ 12,49",BP,FC148545
12/02/2026,VH-002,"30,99","0,431","€ 13,36",Shell,FC123617
07/04/2026,VH-002,"34,38","0,316","€ 10,86",Avin,FC724830
09/03/2025,VH-002,"20,73","0,520","€ 10,78",BP,FC870238
03/07/2026,VH-002,"28,66","0,310","€ 8,89",BP,FC962524
20/02/2025,VH-002,"35,30","0,386","€ 13,63",eko,FC957269
18/09/2025,VH-002,"20,95","0,487","€ 10,20",EKO,FC238426
31/07/2025,VH-002,"35,09","0,471","€ 16,53",Avin,FC567437
21/03/2025,VH-002,"31,54","0,454","€ 14,32",Avin,FC668652
26/10/2025,VH-002,"34,47","0,291","€ 10,03",eko,FC959538
31/01/2026,VH-002,"35,96","0,392","€ 14,10",shell,FC159080
17/04/2026,VH-002,"32,20","0,441","€ 14,20",EKO,FC464459
19/10/2025,VH-002,"29,90","0,439","€ 13,13",Avin,FC612629
18/10/2025,VH-002,"12,61","0,411","€ 5,18",eko,FC708111
18/04/2025,VH-002,"33,17","0,309","€ 10,25",eko,FC476569
14/02/2026,VH-002,"21,27","0,482","€ 10,25",shell,FC752098
14/03/2026,VH-002,"31,61","0,352","€ 11,13",shell,FC195237
26/02/2026,VH-002,"36,93","0,327","€ 12,08",eko,FC128962
07/06/2025,VH-002,"42,65","0,325","€ 13,86",BP,FC467934
09/01/2025,VH-002,"38,74","0,384","€ 14,88",Avin,FC706314
26/07/2025,VH-002,"28,54","0,331","€ 9,45",shell,FC675281
24/12/2025,VH-002,"34,83","0,372","€ 12,96",eko,FC749311
06/08/2025,VH-002,"14,00","0,438","€ 6,13",BP,FC549258
20/07/2025,VH-002,"35,00","0,313","€ 10,95",Avin,FC759542
28/06/2026,VH-002,"40,93","0,289","€ 11,83",BP,FC485366
15/06/2026,VH-002,"46,55","0,281","€ 13,08",shell,FC934250
05/12/2025,VH-002,"14,18","0,495","€ 7,02",eko,FC269919
24/03/2025,VH-002,"41,22","0,313","€ 12,90",Avin,FC730290
12/03/2026,VH-002,,"0,298","€ 13,02",BP,FC313534
03/03/2025,VH-002,"13,73","0,403","€ 5,53",Shell,FC727973
26/02/2025,VH-002,"22,88","0,460","€ 10,53",eko,FC357771
24/04/2025,VH-002,,"0,415","€ 8,45",eko,FC812865
05/04/2026,VH-002,"31,85","0,315","€ 10,03",BP,FC575688
09/01/2026,VH-002,"17,00","0,424","€ 7,21",BP,FC249961
17/05/2025,VH-002,"46,91","0,294","€ 13,79",eko,FC149172
15/05/2026,VH-002,"41,45","0,305","€ 12,64",shell,FC369624
20/01/2026,VH-002,"45,85","0,352","€ 16,14",shell,FC424904
19/02/2026,VH-002,"22,12","0,464","€ 10,26",BP,FC551912
17/02/2025,VH-002,"37,43","0,350","€ 13,10",Avin,FC732789
06/03/2026,VH-002,"55,68","0,325","€ 18,10",EKO,FC206664
23/06/2026,VH-002,,"0,339","€ 9,20",eko,FC673512
29/10/2025,VH-002,"39,56","0,297","€ 11,75",eko,FC872289
12/10/2025,VH-002,"36,66","0,399","€ 14,63",EKO,FC583050
30/05/2025,VH-002,,"0,453","€ 12,65",EKO,FC752952
21/11/2025,VH-002,"17,43","0,460","€ 8,02",Avin,FC222388
14/08/2025,VH-002,"40,84","0,351","€ 14,33",Shell,FC157999
16/02/2025,VH-002,"31,79","0,343","€ 10,91",BP,FC253130
24/01/2025,VH-002,"53,88","0,294","€ 15,84",Avin,FC809984
11/02/2026,VH-002,"33,28","0,347","€ 11,55",shell,FC212883
04/03/2025,VH-002,"16,02","0,503","€ 8,06",Avin,FC705462
08/06/2025,VH-002,"21,61","0,315","€ 6,81",Shell,FC590192
23/05/2026,VH-002,"22,64","0,453","€ 10,26",shell,FC361339
24/10/2025,VH-002,"35,79","0,347","€ 12,42",shell,FC995871
24/04/2025,VH-002,"25,04","0,302","€ 7,56",eko,FC392356
28/10/2025,VH-002,"26,49","0,376","€ 9,96",eko,FC253809
02/01/2025,VH-002,"39,83","0,320","€ 12,75",eko,FC489266
05/10/2025,VH-002,"48,79","0,285","€ 13,90",EKO,FC681288
29/03/2026,VH-002,"34,35","0,314","€ 10,79",Avin,FC993459
22/05/2026,VH-002,"18,35","0,459","€ 8,42",EKO,FC877905
28/03/2026,VH-002,"63,22","0,299","€ 18,90",shell,FC693280
18/06/2025,VH-002,"26,11","0,457","€ 11,93",eko,FC725187
30/01/2026,VH-002,"38,90","0,408","€ 15,87",EKO,FC180930
26/02/2025,VH-002,"33,39","0,354","€ 11,82",EKO,FC176045
27/01/2026,VH-002,"40,72","0,323","€ 13,15",Avin,FC568487
06/01/2025,VH-002,"36,68","0,360","€ 13,20",EKO,FC853765
05/01/2026,VH-002,"17,49","0,417","€ 7,29",Avin,FC143833
09/06/2025,VH-002,"13,00","0,404","€ 5,25",EKO,FC932523
27/01/2026,VH-002,"34,13","0,300","€ 10,24",eko,FC875011
27/04/2025,VH-002,"40,54","0,390","€ 15,81",EKO,FC143202
09/06/2025,VH-002,"26,63","0,306","€ 8,15",Avin,FC363981
14/04/2026,VH-002,"55,50","0,287","€ 15,93",Avin,FC745656
21/03/2025,VH-002,"29,03","0,514","€ 14,92",shell,FC198234
08/05/2025,VH-002,"26,80","0,488","€ 13,08",shell,FC534007
30/11/2025,VH-002,"29,74","0,444","€ 13,21",BP,FC856029
17/03/2026,VH-002,"25,09","0,335","€ 8,41",shell,FC988542
15/11/2025,VH-002,"24,97","0,382","€ 9,54",EKO,FC228280
10/07/2026,VH-002,"34,38","0,417","€ 14,34",Avin,FC996506
22/09/2025,VH-002,"36,46","0,495","€ 18,05",shell,FC879369
09/05/2026,VH-002,,"0,327","€ 17,17",EKO,FC596772
29/03/2025,VH-002,"34,73","0,352","€ 12,22",EKO,FC549776
05/07/2025,VH-002,"53,63","0,315","€ 16,89",eko,FC823076
22/06/2026,VH-002,"21,86","0,508","€ 11,10",eko,FC182487
12/11/2025,VH-002,"17,63","0,316","€ 5,57",EKO,FC848161
27/03/2026,VH-002,"33,09","0,506","€ 16,75",shell,FC188468
17/12/2025,VH-002,"16,81","0,504","€ 8,47",Shell,FC286622
31/05/2025,VH-002,"41,49","0,392","€ 16,27",Avin,FC768865
27/07/2025,VH-002,"41,70","0,388","€ 16,18",eko,FC452874
19/05/2025,VH-002,"21,87","0,378","€ 8,27",BP,FC681830
14/08/2025,VH-002,"29,16","0,419","€ 12,22",BP,FC802103
16/11/2025,VH-002,"25,28","0,381","€ 9,63",BP,FC393865
30/07/2025,VH-002,,"0,400","€ 15,94",shell,FC906193
19/03/2026,VH-002,"40,91","0,293","€ 11,99",shell,FC156554
21/04/2026,VH-002,"36,67","0,510","€ 18,70",Avin,FC751376
08/01/2026,VH-002,"55,85","0,286","€ 15,97",BP,FC659409
12/05/2025,VH-002,"48,09","0,299","€ 14,38",eko,FC253497
16/01/2026,VH-002,"29,56","0,422","€ 12,48",Avin,FC171503
24/03/2026,VH-002,"41,00","0,308","€ 12,63",Shell,FC701286
01/06/2025,VH-002,"38,57","0,323","€ 12,46",Avin,FC866983
14/10/2025,VH-002,"29,28","0,467","€ 13,68",EKO,FC292562
11/02/2026,VH-002,"25,75","0,341","€ 8,78",eko,FC146110
14/11/2025,VH-003,"26,23","0,394","€ 10,34",Avin,FC314603
23/01/2026,VH-003,"27,70","0,296","€ 8,20",EKO,FC843435
04/07/2025,VH-003,"22,56","0,452","€ 10,20",Shell,FC161241
23/09/2025,VH-003,"29,78","0,364","€ 10,84",BP,FC738045
28/03/2025,VH-003,"37,16","0,327","€ 12,15",eko,FC573728
18/05/2026,VH-003,"46,54","0,353","€ 16,43",Avin,FC746164
16/03/2026,VH-003,"40,50","0,351","€ 14,22",EKO,FC776319
19/11/2025,VH-003,"18,42","0,492","€ 9,06",Shell,FC322995
23/01/2025,VH-003,"39,79","0,373","€ 14,84",BP,FC589342
03/08/2025,VH-003,"37,11","0,410","€ 15,21",Shell,FC486325
10/05/2025,VH-003,"41,16","0,313","€ 12,88",EKO,FC300129
15/02/2026,VH-003,"22,90","0,467","€ 10,69",BP,FC237605
25/03/2026,VH-003,"29,77","0,397","€ 11,82",EKO,FC455927
10/09/2025,VH-003,"29,40","0,507","€ 14,91",BP,FC333095
23/04/2025,VH-003,"34,03","0,448","€ 15,25",shell,FC989835
03/01/2026,VH-003,"30,80","0,489","€ 15,06",eko,FC558649
14/01/2025,VH-003,"24,38","0,411","€ 10,02",eko,FC774207
10/01/2026,VH-003,"49,57","0,294","€ 14,57",EKO,FC920943
01/02/2026,VH-003,"45,15","0,408","€ 18,42",Avin,FC180365
28/03/2026,VH-003,"24,80","0,483","€ 11,98",shell,FC539736
16/08/2025,VH-003,"48,49","0,364","€ 17,65",eko,FC114796
15/11/2025,VH-003,"33,26","0,425","€ 14,13",Shell,FC641944
17/04/2026,VH-003,"22,19","0,482","€ 10,69",Shell,FC335043
21/03/2025,VH-003,"39,22","0,354","€ 13,88",shell,FC667081
17/03/2025,VH-003,"23,20","0,473","€ 10,98",BP,FC336383
21/03/2026,VH-003,"42,80","0,340","€ 14,55",Shell,FC841383
20/03/2026,VH-003,"57,76","0,335","€ 19,35",Shell,FC994536
04/04/2026,VH-003,"34,92","0,359","€ 12,54",eko,FC734869
20/04/2026,VH-003,"19,11","0,471","€ 9,00",Shell,FC436022
20/05/2025,VH-003,"30,24","0,451","€ 13,64",Avin,FC593271
09/09/2025,VH-003,"53,57","0,300","€ 16,07",shell,FC778774
29/04/2026,VH-003,"24,68","0,517","€ 12,76",Shell,FC667150
26/07/2025,VH-003,"35,98","0,373","€ 13,42",Shell,FC562245
22/06/2025,VH-003,"20,73","0,448","€ 9,29",EKO,FC842322
23/04/2025,VH-003,"33,54","0,364","€ 12,21",BP,FC208714
17/05/2026,VH-003,"26,89","0,491","€ 13,20",EKO,FC469841
29/06/2025,VH-003,"36,10","0,404","€ 14,59",Shell,FC408136
18/06/2025,VH-003,"31,88","0,347","€ 11,06",Avin,FC622005
26/07/2025,VH-003,"39,64","0,423","€ 16,77",eko,FC188607
05/12/2025,VH-003,"22,00","0,390","€ 8,58",Avin,FC445113
10/02/2026,VH-003,"48,02","0,382","€ 18,34",EKO,FC412000
20/02/2025,VH-003,"35,18","0,395","€ 13,90",Shell,FC545586
12/05/2025,VH-003,"21,02","0,452","€ 9,50",EKO,FC885003
14/04/2025,VH-003,"38,63","0,297","€ 11,47",shell,FC735541
02/11/2025,VH-003,"27,05","0,301","€ 8,14",shell,FC375693
18/02/2025,VH-003,"26,28","0,355","€ 9,33",eko,FC636378
09/01/2026,VH-003,,"0,416","€ 18,49",EKO,FC717469
21/09/2025,VH-003,"42,39","0,440","€ 18,65",shell,FC377256
05/03/2026,VH-003,"28,21","0,496","€ 13,99",BP,FC592669
13/06/2025,VH-003,"37,30","0,354","€ 13,20",eko,FC509659
01/05/2026,VH-003,"34,76","0,373","€ 12,96",EKO,FC193299
06/04/2026,VH-003,"33,80","0,421","€ 14,23",eko,FC807566
18/10/2025,VH-003,"22,61","0,434","€ 9,81",eko,FC559749
30/04/2026,VH-003,"40,38","0,332","€ 13,41",EKO,FC150193
18/01/2026,VH-003,"45,41","0,281","€ 12,76",EKO,FC255503
20/02/2026,VH-003,"40,74","0,362","€ 14,75",eko,FC623554
10/05/2026,VH-003,"20,26","0,308","€ 6,24",Shell,FC711676
27/02/2025,VH-003,"49,39","0,284","€ 14,03",EKO,FC117391
10/07/2026,VH-003,"22,74","0,497","€ 11,30",eko,FC500024
21/04/2026,VH-003,"24,37","0,427","€ 10,41",Shell,FC939431
09/03/2025,VH-003,"43,27","0,294","€ 12,72",Avin,FC223992
29/05/2025,VH-003,"39,89","0,287","€ 11,45",EKO,FC699163
07/12/2025,VH-003,"32,46","0,427","€ 13,86",BP,FC450469
20/01/2025,VH-003,"22,76","0,482","€ 10,97",EKO,FC842551
02/11/2025,VH-003,"26,56","0,447","€ 11,87",BP,FC742172
07/06/2025,VH-003,"49,89","0,288","€ 14,37",Shell,FC484512
21/05/2026,VH-003,"35,63","0,418","€ 14,90",Avin,FC781441
08/10/2025,VH-003,"42,14","0,381","€ 16,06",BP,FC361083
13/02/2026,VH-003,"42,63","0,303","€ 12,92",EKO,FC432354
16/07/2025,VH-003,"39,37","0,416","€ 16,38",Shell,FC271961
28/03/2026,VH-003,"27,25","0,309","€ 8,42",shell,FC538234
07/04/2025,VH-003,"16,45","0,457","€ 7,52",Shell,FC316518
24/03/2026,VH-003,"28,81","0,434","€ 12,50",BP,FC442793
23/05/2025,VH-003,"28,32","0,479","€ 13,57",EKO,FC253527
27/07/2025,VH-003,"28,68","0,305","€ 8,75",Shell,FC833072
25/10/2025,VH-003,"14,54","0,463","€ 6,73",Avin,FC270038
01/09/2025,VH-003,"25,55","0,417","€ 10,66",Avin,FC356165
22/01/2025,VH-003,"33,43","0,388","€ 12,97",shell,FC402632
16/02/2025,VH-003,"34,46","0,381","€ 13,13",BP,FC775183
17/02/2025,VH-003,"41,91","0,309","€ 12,95",Avin,FC873119
12/12/2025,VH-003,"24,11","0,452","€ 10,90",BP,FC339998
08/08/2025,VH-003,"23,37","0,515","€ 12,04",eko,FC373035
21/07/2025,VH-003,"21,40","0,486","€ 10,40",shell,FC382149
05/04/2025,VH-003,"18,30","0,426","€ 7,79",eko,FC818011
07/03/2026,VH-003,"25,36","0,507","€ 12,86",eko,FC297719
11/06/2026,VH-003,"27,55","0,420","€ 11,57",BP,FC153453
03/06/2026,VH-003,"27,56","0,509","€ 14,03",shell,FC937439
11/05/2026,VH-003,"33,97","0,438","€ 14,88",Shell,FC311445
15/06/2025,VH-003,"42,78","0,349","€ 14,93",EKO,FC539793
03/11/2025,VH-003,"34,18","0,322","€ 11,01",eko,FC160852
29/03/2026,VH-003,"26,13","0,504","€ 13,17",eko,FC849137
30/11/2025,VH-003,"19,43","0,512","€ 9,95",Avin,FC150609
27/03/2025,VH-003,"38,20","0,329","€ 12,57",EKO,FC687751
06/04/2026,VH-003,"36,63","0,433","€ 15,86",shell,FC274393
16/02/2025,VH-003,"22,62","0,490","€ 11,08",Avin,FC259809
12/02/2025,VH-003,"30,32","0,394","€ 11,95",BP,FC776700
29/01/2026,VH-003,"13,01","0,290","€ 3,77",BP,FC775498
27/04/2026,VH-003,,"0,479","€ 14,59",EKO,FC339535
25/01/2026,VH-003,"34,65","0,367","€ 12,72",eko,FC217696
05/07/2025,VH-003,"25,82","0,428","€ 11,05",Shell,FC931773
08/12/2025,VH-003,"32,42","0,468","€ 15,17",BP,FC342035
24/04/2026,VH-003,"11,57","0,497","€ 5,75",Shell,FC354662
23/03/2025,VH-003,"31,36","0,348","€ 10,91",Avin,FC603700
15/01/2025,VH-003,"35,35","0,295","€ 10,43",BP,FC636590
17/04/2026,VH-003,"32,05","0,332","€ 10,64",Avin,FC700642
19/05/2025,VH-003,"34,97","0,369","€ 12,90",Shell,FC892040
29/11/2025,VH-003,"34,61","0,466","€ 16,13",EKO,FC136955
13/08/2025,VH-003,"25,75","0,501","€ 12,90",shell,FC384092
15/06/2026,VH-003,"22,93","0,452","€ 10,37",EKO,FC959107
16/07/2025,VH-003,"29,47","0,354","€ 10,43",BP,FC116744
27/08/2025,VH-003,"26,83","0,497","€ 13,33",eko,FC432481
01/05/2026,VH-003,"25,79","0,433","€ 11,17",EKO,FC657447
05/01/2025,VH-003,"60,30","0,281","€ 16,94",Shell,FC898250
03/03/2025,VH-003,"51,54","0,352","€ 18,14",BP,FC354657
31/03/2026,VH-003,"23,84","0,429","€ 10,23",shell,FC126749
26/06/2025,VH-003,"45,01","0,318","€ 14,31",shell,FC321474
28/11/2025,VH-003,"36,67","0,316","€ 11,59",BP,FC735815
16/05/2025,VH-003,"16,91","0,502","€ 8,49",BP,FC848099
17/03/2025,VH-003,"35,26","0,359","€ 12,66",eko,FC328537
27/01/2025,VH-003,"28,18","0,499","€ 14,06",eko,FC215413
02/02/2026,VH-003,"36,98","0,316","€ 11,69",eko,FC545656
11/11/2025,VH-003,"46,12","0,360","€ 16,60",EKO,FC523302
20/01/2026,VH-003,"25,76","0,450","€ 11,59",shell,FC169229
16/02/2025,VH-003,"38,74","0,495","€ 19,18",Avin,FC904529
14/07/2025,VH-003,"38,65","0,386","€ 14,92",shell,FC410734
25/08/2025,VH-003,"35,14","0,469","€ 16,48",eko,FC372456
21/09/2025,VH-003,"49,54","0,344","€ 17,04",eko,FC898623
25/03/2026,VH-003,"39,60","0,360","€ 14,26",Shell,FC119666
04/02/2026,VH-003,"44,74","0,376","€ 16,82",eko,FC134284
29/10/2025,VH-003,"22,18","0,466","€ 10,34",eko,FC521379
25/05/2026,VH-003,"22,58","0,483","€ 10,91",Shell,FC460416
24/01/2025,VH-003,"24,97","0,487","€ 12,16",eko,FC574443
22/06/2026,VH-003,"30,91","0,519","€ 16,04",shell,FC605093
14/12/2025,VH-003,"38,32","0,342","€ 13,11",eko,FC770848
16/01/2026,VH-003,"36,07","0,408","€ 14,72",Avin,FC881521
03/07/2026,VH-003,"38,08","0,475","€ 18,09",eko,FC679827
15/08/2025,VH-003,"24,00","0,454","€ 10,90",shell,FC686313
01/11/2025,VH-003,"37,65","0,371","€ 13,97",Shell,FC108342
28/02/2025,VH-003,"29,07","0,410","€ 11,92",BP,FC499671
28/05/2026,VH-003,"39,79","0,307","€ 12,21",Shell,FC234223
24/06/2025,VH-003,"32,86","0,451","€ 14,82",eko,FC664336
30/09/2025,VH-003,"35,06","0,509","€ 17,85",Shell,FC877218
20/01/2025,VH-003,"43,16","0,302","€ 13,04",Avin,FC469490
14/06/2026,VH-003,"49,26","0,284","€ 13,99",Avin,FC796182
30/01/2025,VH-003,"21,81","0,347","€ 7,57",BP,FC498959
14/03/2026,VH-003,"38,31","0,446","€ 17,09",BP,FC643614
07/01/2026,VH-003,"42,39","0,303","€ 12,84",shell,FC653728
06/08/2025,VH-003,"37,28","0,422","€ 15,73",BP,FC332608
04/09/2025,VH-003,"37,01","0,388","€ 14,36",EKO,FC893952
20/01/2025,VH-003,"31,19","0,410","€ 12,79",eko,FC980084
02/03/2025,VH-003,"24,80","0,483","€ 11,98",BP,FC316575
25/05/2025,VH-003,"31,61","0,408","€ 12,90",Avin,FC211775
08/05/2025,VH-003,"29,05","0,345","€ 10,02",Shell,FC298620
07/01/2025,VH-003,"15,99","0,473","€ 7,56",shell,FC831636
27/01/2026,VH-003,"30,11","0,474","€ 14,27",EKO,FC313633
23/10/2025,VH-003,"28,52","0,480","€ 13,69",Shell,FC108252
16/05/2026,VH-003,"52,43","0,332","€ 17,41",eko,FC458085
20/04/2026,VH-003,"39,83","0,353","€ 14,06",Shell,FC892490
04/05/2026,VH-003,"31,16","0,462","€ 14,40",BP,FC546855
21/06/2025,VH-004,"18,45","1,561","€ 28,81",Shell,FC975044
30/06/2025,VH-004,"13,46","1,587","€ 21,36",EKO,FC266198
27/09/2025,VH-004,"11,61","1,526","€ 17,72",EKO,FC718665
18/07/2025,VH-004,"10,02","1,644","€ 16,48",Avin,FC658864
27/02/2025,VH-004,"13,01","1,804","€ 23,47",Avin,FC894302
17/12/2025,VH-004,"10,07","1,763","€ 17,76",EKO,FC267225
11/03/2026,VH-004,"12,26","1,813","€ 22,23",Avin,FC501613
19/03/2025,VH-004,"16,64","1,888","€ 31,41",BP,FC450115
26/03/2025,VH-004,"11,53","1,861","€ 21,45",EKO,FC372403
26/02/2025,VH-004,"11,95","1,546","€ 18,47",shell,FC792328
09/10/2025,VH-004,"11,25","1,772","€ 19,94",shell,FC977046
13/09/2025,VH-004,"10,79","1,866","€ 20,13",Shell,FC658540
02/06/2025,VH-004,"9,79","1,830","€ 17,92",eko,FC477118
26/05/2026,VH-004,"12,90","1,720","€ 22,18",BP,FC402619
01/08/2025,VH-004,"13,20","1,551","€ 20,48",EKO,FC211016
01/05/2026,VH-004,"8,54","1,937","€ 16,54",shell,FC115354
24/05/2025,VH-004,"9,73","1,925","€ 18,73",EKO,FC861180
16/06/2025,VH-004,"9,09","1,846","€ 16,78",Shell,FC515989
24/05/2025,VH-004,"12,51","1,763","€ 22,06",BP,FC444895
28/08/2025,VH-004,"15,74","1,804","€ 28,39",eko,FC135594
13/01/2025,VH-004,"15,24","1,657","€ 25,26",shell,FC556064
06/05/2026,VH-004,"11,47","1,860","€ 21,33",shell,FC778931
07/03/2025,VH-004,"9,95","1,564","€ 15,57",eko,FC750954
21/10/2025,VH-004,"11,89","1,840","€ 21,89",shell,FC989344
11/01/2025,VH-004,"9,68","1,652","€ 16,00",Avin,FC933264
26/10/2025,VH-004,"12,40","1,633","€ 20,25",Avin,FC475551
27/01/2026,VH-004,"8,12","1,847","€ 15,00",Avin,FC387725
09/04/2025,VH-004,"11,48","1,897","€ 21,77",Shell,FC581811
15/02/2025,VH-004,"14,28","1,580","€ 22,56",Avin,FC699361
14/03/2025,VH-004,"13,68","1,569","€ 21,46",eko,FC285391
19/06/2026,VH-004,"11,86","1,790","€ 21,22",Shell,FC973016
03/12/2025,VH-004,"9,11","1,922","€ 17,50",Shell,FC889663
05/07/2026,VH-004,"6,52","1,792","€ 11,68",EKO,FC813565
06/06/2026,VH-004,"9,37","1,651","€ 15,46",Avin,FC351266
13/08/2025,VH-004,"6,55","1,598","€ 10,47",eko,FC539304
22/04/2026,VH-004,"8,64","1,909","€ 16,50",Shell,FC797028
28/02/2026,VH-004,"9,55","1,843","€ 17,60",Avin,FC266935
14/12/2025,VH-004,"13,17","1,771","€ 23,32",EKO,FC641199
29/05/2026,VH-004,"13,44","1,617","€ 21,73",eko,FC326842
17/04/2026,VH-004,"12,30","1,591","€ 19,57",Shell,FC240941
27/10/2025,VH-004,"8,19","1,635","€ 13,39",BP,FC760051
15/01/2026,VH-004,"9,56","1,799","€ 17,19",Avin,FC108146
08/03/2026,VH-004,"9,65","1,826","€ 17,61",Shell,FC942960
06/10/2025,VH-004,"14,23","1,759","€ 25,02",EKO,FC240129
14/04/2026,VH-004,"9,48","1,640","€ 15,55",EKO,FC930388
17/01/2025,VH-004,"11,68","1,662","€ 19,41",Avin,FC845286
23/06/2025,VH-004,"13,97","1,554","€ 21,71",BP,FC681512
29/03/2025,VH-004,"9,41","1,675","€ 15,76",Avin,FC191777
14/05/2026,VH-004,"6,56","1,656","€ 10,86",BP,FC992274
12/04/2026,VH-004,"8,09","1,934","€ 15,65",EKO,FC816925
30/04/2025,VH-004,"9,36","1,916","€ 17,93",EKO,FC767222
24/12/2025,VH-004,"13,03","1,524","€ 19,86",eko,FC740105
03/05/2026,VH-004,"10,23","1,923","€ 19,67",BP,FC110055
10/06/2025,VH-004,"9,96","1,844","€ 18,36",eko,FC979151
04/07/2025,VH-004,"13,60","1,694","€ 23,05",shell,FC153633
26/06/2026,VH-004,"15,08","1,719","€ 25,93",Shell,FC756052
25/02/2025,VH-004,"11,90","1,864","€ 22,19",Avin,FC938188
07/05/2025,VH-004,"8,08","1,628","€ 13,15",BP,FC891765
26/10/2025,VH-004,"9,77","1,847","€ 18,05",eko,FC310088
18/06/2026,VH-004,"11,34","1,869","€ 21,19",Avin,FC292168
11/11/2025,VH-004,"15,06","1,536","€ 23,14",Avin,FC394406
08/03/2025,VH-004,"12,15","1,815","€ 22,05",EKO,FC334178
05/07/2025,VH-004,"11,52","1,910","€ 22,00",eko,FC467341
15/11/2025,VH-004,"7,17","1,855","€ 13,30",shell,FC501113
28/06/2025,VH-004,"10,68","1,818","€ 19,41",EKO,FC156540
18/12/2025,VH-004,"10,28","1,691","€ 17,38",shell,FC286084
03/05/2025,VH-004,"9,28","1,716","€ 15,93",EKO,FC665303
14/06/2025,VH-004,"8,12","1,835","€ 14,89",Shell,FC921748
06/11/2025,VH-004,"12,62","1,823","€ 23,01",Shell,FC624101
08/06/2026,VH-004,"11,28","1,812","€ 20,43",Avin,FC153548
09/12/2025,VH-004,"13,76","1,646","€ 22,66",shell,FC882134
15/09/2025,VH-004,"10,43","1,563","€ 16,31",shell,FC713757
01/02/2026,VH-004,"10,68","1,583","€ 16,91",BP,FC151098
02/10/2025,VH-004,"9,18","1,927","€ 17,69",EKO,FC512192
01/02/2026,VH-004,"11,26","1,687","€ 18,99",shell,FC309475
24/07/2025,VH-004,"15,52","1,571","€ 24,38",BP,FC261763
06/01/2025,VH-004,"9,39","1,692","€ 15,89",eko,FC320393
29/05/2025,VH-004,"12,90","1,614","€ 20,82",eko,FC255939
23/03/2025,VH-004,"11,10","1,854","€ 20,58",shell,FC906260
08/08/2025,VH-004,"10,59","1,622","€ 17,17",eko,FC906440
04/02/2025,VH-004,"12,44","1,568","€ 19,50",Shell,FC888393
12/02/2025,VH-004,"13,06","1,683","€ 21,98",EKO,FC956592
25/04/2026,VH-004,"15,34","1,603","€ 24,59",eko,FC659409
06/05/2025,VH-004,"8,38","1,752","€ 14,67",eko,FC203895
28/01/2025,VH-004,"12,55","1,529","€ 19,19",eko,FC259430
02/01/2025,VH-004,"8,06","1,568","€ 12,63",BP,FC717646
09/06/2026,VH-004,"7,56","1,535","€ 11,61",Shell,FC641939
09/06/2026,VH-004,"16,64","1,697","€ 28,24",eko,FC599900
24/02/2026,VH-004,"10,99","1,607","€ 17,65",shell,FC375127
25/01/2025,VH-004,"9,47","1,735","€ 16,42",Avin,FC905873
30/05/2026,VH-004,"13,40","1,554","€ 20,82",eko,FC488138
25/02/2025,VH-004,"14,02","1,538","€ 21,56",BP,FC873315
31/05/2026,VH-004,"7,81","1,715","€ 13,40",eko,FC216701
28/05/2026,VH-004,"9,47","1,803","€ 17,07",BP,FC799802
29/09/2025,VH-004,"12,26","1,768","€ 21,67",EKO,FC456136
25/09/2025,VH-004,"12,17","1,759","€ 21,40",EKO,FC396120
06/02/2025,VH-004,"14,20","1,732","€ 24,60",Shell,FC900933
28/12/2025,VH-004,"7,95","1,933","€ 15,37",shell,FC471072
09/01/2026,VH-004,"11,24","1,532","€ 17,22",BP,FC880913
14/01/2026,VH-004,"8,36","1,897","€ 15,85",shell,FC797008
07/05/2025,VH-004,"9,47","1,816","€ 17,19",EKO,FC740485
27/08/2025,VH-004,"15,66","1,581","€ 24,76",EKO,FC469657
04/02/2025,VH-004,"9,70","1,888","€ 18,32",shell,FC867371
12/04/2025,VH-004,"13,41","1,713","€ 22,97",eko,FC918781
16/04/2026,VH-004,"15,12","1,598","€ 24,16",Shell,FC856932
05/05/2026,VH-004,"8,51","1,911","€ 16,26",Avin,FC670042
28/08/2025,VH-004,"11,82","1,788","€ 21,14",BP,FC676946
25/02/2026,VH-004,"8,79","1,938","€ 17,03",BP,FC367065
28/11/2025,VH-004,"9,59","1,919","€ 18,39",eko,FC164104
31/08/2025,VH-004,"10,69","1,845","€ 19,73",BP,FC946148
22/12/2025,VH-004,"14,51","1,562","€ 22,67",BP,FC249932
23/06/2025,VH-004,"9,54","1,827","€ 17,44",EKO,FC319631
17/06/2025,VH-004,"7,64","1,629","€ 12,44",Avin,FC924727
05/03/2026,VH-004,"10,08","1,525","€ 15,38",EKO,FC373419
05/10/2025,VH-004,"13,31","1,704","€ 22,68",eko,FC219366
05/02/2026,VH-004,"7,51","1,761","€ 13,22",eko,FC591646
17/06/2025,VH-004,"10,59","1,722","€ 18,24",eko,FC826777
02/05/2025,VH-004,"13,23","1,576","€ 20,85",Shell,FC376424
27/06/2025,VH-004,"17,38","1,572","€ 27,32",Avin,FC923349
26/06/2025,VH-004,"10,41","1,741","€ 18,12",shell,FC967883
16/05/2025,VH-004,"9,17","1,524","€ 13,98",BP,FC661984
24/10/2025,VH-004,"11,32","1,597","€ 18,08",Shell,FC715421
14/12/2025,VH-004,"9,45","1,779","€ 16,81",shell,FC790337
12/10/2025,VH-004,"9,22","1,743","€ 16,08",Avin,FC372786
18/04/2025,VH-004,"10,15","1,775","€ 18,02",Avin,FC573613
30/04/2026,VH-004,"9,68","1,704","€ 16,49",shell,FC850606
24/01/2026,VH-004,"9,77","1,696","€ 16,57",Shell,FC992000
19/10/2025,VH-004,"11,79","1,749","€ 20,61",EKO,FC931537
08/02/2025,VH-004,"14,63","1,886","€ 27,60",eko,FC444435
26/02/2025,VH-004,"13,57","1,666","€ 22,60",BP,FC719968
23/06/2025,VH-004,"9,34","1,906","€ 17,79",Shell,FC568980
10/01/2026,VH-004,"11,53","1,540","€ 17,76",EKO,FC820137
17/07/2025,VH-004,"12,63","1,723","€ 21,76",Avin,FC423208
11/07/2026,VH-004,"11,60","1,753","€ 20,34",Shell,FC588158
17/10/2025,VH-004,"13,61","1,888","€ 25,69",EKO,FC543494
19/06/2025,VH-004,"8,90","1,685","€ 15,00",BP,FC145371
31/03/2026,VH-004,"11,75","1,527","€ 17,94",Avin,FC723040
10/03/2025,VH-004,"12,60","1,896","€ 23,89",Avin,FC743329
04/11/2025,VH-004,"12,83","1,581","€ 20,28",Avin,FC861348
12/10/2025,VH-004,"12,29","1,792","€ 22,02",BP,FC721336
10/04/2025,VH-004,"9,33","1,558","€ 14,53",Shell,FC594633
25/09/2025,VH-004,"10,77","1,786","€ 19,23",eko,FC831859
24/02/2026,VH-004,"4,25","1,865","€ 7,92",Shell,FC361697
01/07/2025,VH-004,"8,39","1,783","€ 14,95",shell,FC645513
24/01/2025,VH-004,"9,19","1,916","€ 17,61",Avin,FC213186
29/03/2026,VH-004,"10,76","1,604","€ 17,26",Shell,FC910229
16/07/2025,VH-004,"8,93","1,655","€ 14,78",BP,FC686831
10/04/2026,VH-004,"10,32","1,815","€ 18,73",Avin,FC786735
09/12/2025,VH-004,"7,86","1,687","€ 13,25",Shell,FC751791
19/09/2025,VH-004,"10,20","1,924","€ 19,62",BP,FC724025
15/07/2025,VH-004,"9,75","1,619","€ 15,79",shell,FC557974
21/02/2025,VH-004,"5,86","1,726","€ 10,11",BP,FC127223
18/03/2025,VH-004,"13,08","1,837","€ 24,03",BP,FC985488
22/03/2025,VH-004,"18,82","1,589","€ 29,90",Avin,FC477616
28/04/2025,VH-004,"14,60","1,650","€ 24,08",BP,FC392377
28/02/2026,VH-004,"14,20","1,785","€ 25,34",Avin,FC334494
23/07/2025,VH-004,"9,78","1,865","€ 18,23",shell,FC841311
11/08/2025,VH-004,"10,55","1,892","€ 19,96",BP,FC972461
20/08/2025,VH-004,"13,05","1,548","€ 20,20",shell,FC715960
04/03/2025,VH-005,"12,12","1,876","€ 22,73",Avin,FC527947
03/09/2025,VH-005,"7,86","1,815","€ 14,27",BP,FC162968
09/04/2026,VH-005,"8,41","1,737","€ 14,60",eko,FC650808
06/07/2025,VH-005,"19,91","1,545","€ 30,76",Shell,FC821782
28/04/2025,VH-005,"8,44","1,639","€ 13,83",BP,FC689779
19/07/2025,VH-005,"11,92","1,684","€ 20,07",shell,FC427207
02/02/2025,VH-005,"16,87","1,572","€ 26,52",BP,FC839994
11/01/2025,VH-005,"10,90","1,573","€ 17,15",Avin,FC889309
13/09/2025,VH-005,"8,74","1,777","€ 15,53",eko,FC147727
29/03/2025,VH-005,"14,39","1,640","€ 23,60",eko,FC748572
23/01/2026,VH-005,"11,27","1,929","€ 21,75",EKO,FC701028
30/06/2026,VH-005,"14,12","1,862","€ 26,30",eko,FC987997
30/01/2026,VH-005,"13,28","1,535","€ 20,38",Avin,FC314584
05/07/2025,VH-005,"9,27","1,802","€ 16,71",Shell,FC408847
12/04/2025,VH-005,"11,33","1,574","€ 17,83",BP,FC605716
22/11/2025,VH-005,"10,49","1,831","€ 19,21",EKO,FC434508
21/03/2026,VH-005,"11,25","1,909","€ 21,47",shell,FC737853
25/11/2025,VH-005,"11,26","1,855","€ 20,89",BP,FC858012
26/05/2026,VH-005,"9,39","1,931","€ 18,13",shell,FC831363
06/06/2025,VH-005,"5,32","1,627","€ 8,66",eko,FC177036
30/04/2025,VH-005,"8,89","1,697","€ 15,08",EKO,FC343813
31/08/2025,VH-005,"10,29","1,712","€ 17,61",EKO,FC314842
03/06/2025,VH-005,"12,52","1,536","€ 19,23",Avin,FC808411
19/11/2025,VH-005,"4,82","1,917","€ 9,24",Avin,FC607371
20/01/2026,VH-005,"8,20","1,861","€ 15,25",BP,FC735732
10/11/2025,VH-005,"9,39","1,834","€ 17,22",Shell,FC565257
21/04/2025,VH-005,"10,40","1,777","€ 18,48",eko,FC855217
11/06/2026,VH-005,"9,10","1,588","€ 14,45",shell,FC299728
16/06/2026,VH-005,"12,30","1,615","€ 19,86",eko,FC661128
25/07/2025,VH-005,"10,89","1,718","€ 18,71",Avin,FC739797
18/02/2025,VH-005,"6,51","1,825","€ 11,88",Shell,FC253303
14/06/2025,VH-005,"4,97","1,728","€ 8,59",Shell,FC751447
01/09/2025,VH-005,"6,28","1,718","€ 10,79",eko,FC815081
07/10/2025,VH-005,"9,33","1,696","€ 15,82",EKO,FC579780
31/10/2025,VH-005,"7,06","1,539","€ 10,86",Avin,FC264399
09/02/2026,VH-005,"9,21","1,802","€ 16,59",eko,FC412793
08/06/2026,VH-005,"12,72","1,805","€ 22,97",shell,FC806296
30/10/2025,VH-005,"13,27","1,643","€ 21,80",BP,FC218024
15/12/2025,VH-005,"10,32","1,862","€ 19,22",Avin,FC258006
26/07/2025,VH-005,"16,41","1,573","€ 25,81",BP,FC174652
15/10/2025,VH-005,"9,06","1,547","€ 14,01",BP,FC510721
18/01/2026,VH-005,"13,30","1,815","€ 24,15",eko,FC528512
10/04/2025,VH-005,"12,73","1,702","€ 21,66",Shell,FC535928
22/03/2025,VH-005,"15,25","1,607","€ 24,51",Shell,FC463951
03/06/2025,VH-005,"8,74","1,826","€ 15,96",shell,FC518444
01/06/2025,VH-005,"12,36","1,720","€ 21,25",BP,FC102749
16/04/2026,VH-005,"10,64","1,556","€ 16,56",eko,FC301487
18/02/2025,VH-005,"10,68","1,715","€ 18,31",EKO,FC957443
01/05/2025,VH-005,"6,80","1,839","€ 12,51",BP,FC949134
09/07/2025,VH-005,"7,03","1,856","€ 13,06",eko,FC185708
05/02/2026,VH-005,"9,57","1,726","€ 16,51",Avin,FC324735
25/12/2025,VH-005,"13,34","1,856","€ 24,76",shell,FC581840
08/01/2026,VH-005,"9,94","1,662","€ 16,51",eko,FC179238
07/05/2025,VH-005,"13,95","1,629","€ 22,72",BP,FC354302
11/06/2025,VH-005,"13,86","1,616","€ 22,40",Avin,FC866948
08/08/2025,VH-005,"12,91","1,682","€ 21,71",eko,FC743907
02/06/2025,VH-005,"9,65","1,735","€ 16,75",Avin,FC783127
28/02/2026,VH-005,"11,67","1,546","€ 18,04",BP,FC166108
28/03/2026,VH-005,"15,39","1,558","€ 23,98",Shell,FC709066
31/07/2025,VH-005,"16,31","1,633","€ 26,64",eko,FC663447
22/03/2026,VH-005,"11,55","1,607","€ 18,56",Shell,FC148834
03/09/2025,VH-005,"12,69","1,780","€ 22,59",shell,FC924882
28/01/2026,VH-005,"10,73","1,849","€ 19,85",Avin,FC865687
31/07/2025,VH-005,"8,20","1,786","€ 14,64",shell,FC592168
22/12/2025,VH-005,"12,87","1,835","€ 23,62",Avin,FC492748
26/11/2025,VH-005,"13,06","1,732","€ 22,63",BP,FC394888
17/01/2026,VH-005,"11,16","1,576","€ 17,58",shell,FC815959
04/03/2025,VH-005,"4,58","1,775","€ 8,13",shell,FC458937
12/07/2026,VH-005,"10,59","1,932","€ 20,47",shell,FC765955
27/04/2026,VH-005,"8,86","1,757","€ 15,56",BP,FC421652
10/07/2025,VH-005,"13,31","1,855","€ 24,68",BP,FC611856
19/05/2025,VH-005,"19,76","1,585","€ 31,31",BP,FC973685
21/08/2025,VH-005,"9,82","1,548","€ 15,21",Shell,FC960848
24/10/2025,VH-005,"11,37","1,654","€ 18,80",shell,FC286865
14/03/2025,VH-005,"10,31","1,825","€ 18,81",shell,FC391386
27/06/2025,VH-005,"15,01","1,610","€ 24,17",Avin,FC715450
18/12/2025,VH-005,"5,32","1,531","€ 8,14",BP,FC501003
12/12/2025,VH-005,"8,02","1,583","€ 12,70",Shell,FC731208
22/08/2025,VH-005,"13,11","1,805","€ 23,67",EKO,FC957628
09/03/2025,VH-005,"10,84","1,906","€ 20,67",Avin,FC252358
02/05/2026,VH-005,"12,94","1,585","€ 20,51",EKO,FC948597
07/02/2026,VH-005,"11,09","1,843","€ 20,45",Shell,FC174891
25/02/2025,VH-005,"14,56","1,752","€ 25,51",Shell,FC878442
10/09/2025,VH-005,"8,62","1,804","€ 15,55",eko,FC663751
08/12/2025,VH-005,"10,56","1,657","€ 17,50",eko,FC685036
31/08/2025,VH-005,"8,30","1,710","€ 14,19",EKO,FC894342
01/10/2025,VH-005,"12,78","1,897","€ 24,25",Avin,FC768409
19/04/2025,VH-005,"12,65","1,522","€ 19,25",Avin,FC405872
11/05/2026,VH-005,"10,54","1,524","€ 16,07",Avin,FC879754
05/05/2025,VH-005,"9,72","1,917","€ 18,63",Shell,FC179501
10/04/2025,VH-005,"12,42","1,874","€ 23,27",eko,FC421599
21/10/2025,VH-005,"11,77","1,836","€ 21,61",shell,FC677708
11/02/2025,VH-005,"10,68","1,536","€ 16,41",EKO,FC467363
14/01/2025,VH-005,"13,16","1,705","€ 22,43",Avin,FC497665
05/06/2026,VH-005,"17,16","1,718","€ 29,48",BP,FC831166
11/07/2026,VH-005,"7,75","1,896","€ 14,70",eko,FC185379
05/03/2026,VH-005,"11,77","1,721","€ 20,25",EKO,FC489843
30/08/2025,VH-005,"15,75","1,660","€ 26,14",Avin,FC567075
22/03/2025,VH-005,"8,19","1,754","€ 14,37",shell,FC699253
08/04/2025,VH-005,"13,73","1,605","€ 22,03",eko,FC220932
01/05/2025,VH-005,"12,13","1,885","€ 22,87",Avin,FC193433
04/02/2025,VH-005,"10,13","1,745","€ 17,68",Avin,FC938505
19/05/2025,VH-005,"11,00","1,933","€ 21,25",BP,FC984965
12/11/2025,VH-005,"10,17","1,662","€ 16,91",Shell,FC483267
06/06/2026,VH-005,"10,50","1,524","€ 16,00",Shell,FC397688
06/05/2026,VH-005,"7,58","1,847","€ 14,00",eko,FC885997
28/07/2025,VH-005,"9,47","1,699","€ 16,09",Shell,FC920367
06/01/2026,VH-005,"14,14","1,647","€ 23,28",BP,FC647176
22/09/2025,VH-005,"5,21","1,531","€ 7,98",BP,FC588757
09/03/2026,VH-005,"14,66","1,848","€ 27,10",BP,FC775162
22/01/2025,VH-005,"7,48","1,780","€ 13,31",eko,FC209164
29/11/2025,VH-005,"4,27","1,766","€ 7,54",EKO,FC201432
09/06/2025,VH-005,"9,86","1,620","€ 15,97",Avin,FC419846
09/08/2025,VH-005,"6,54","1,912","€ 12,51",Shell,FC289644
09/06/2026,VH-005,"10,04","1,593","€ 15,99",BP,FC945017
23/05/2026,VH-005,"13,10","1,618","€ 21,19",BP,FC799710
19/06/2026,VH-005,"9,16","1,929","€ 17,67",Shell,FC871355
25/06/2026,VH-005,"14,64","1,562","€ 22,87",EKO,FC456064
11/05/2026,VH-005,"12,31","1,581","€ 19,46",shell,FC542896
14/10/2025,VH-005,"7,52","1,856","€ 13,95",BP,FC515479
14/01/2025,VH-005,"7,70","1,574","€ 12,12",BP,FC350444
24/07/2025,VH-005,"6,52","1,782","€ 11,62",eko,FC327408
31/05/2025,VH-005,"10,16","1,682","€ 17,10",BP,FC835827
15/10/2025,VH-005,"10,27","1,763","€ 18,11",eko,FC415743
05/07/2026,VH-005,"9,33","1,908","€ 17,80",BP,FC102457
30/06/2025,VH-005,,"1,569","€ 18,78",BP,FC320638
07/11/2025,VH-005,"6,96","1,925","€ 13,40",eko,FC895640
22/04/2026,VH-005,"9,13","1,858","€ 16,97",eko,FC110581
09/01/2026,VH-005,"3,39","1,689","€ 5,72",Avin,FC328212
13/03/2025,VH-005,"10,42","1,653","€ 17,22",shell,FC406415
01/02/2026,VH-005,"10,30","1,857","€ 19,12",EKO,FC971980
28/11/2025,VH-005,"12,39","1,621","€ 20,08",Shell,FC286190
29/05/2025,VH-005,"10,88","1,631","€ 17,75",Shell,FC107231
17/06/2026,VH-005,"12,04","1,700","€ 20,47",eko,FC884241
18/04/2026,VH-005,"6,91","1,756","€ 12,14",Avin,FC274677
02/02/2026,VH-005,"8,20","1,843","€ 15,11",Shell,FC286220
23/05/2025,VH-005,"10,72","1,589","€ 17,03",eko,FC474522
24/01/2025,VH-005,"15,96","1,680","€ 26,81",Shell,FC530015
28/02/2026,VH-005,"10,05","1,871","€ 18,81",BP,FC127514
14/06/2026,VH-005,"7,63","1,580","€ 12,06",eko,FC871534
16/02/2026,VH-005,"9,46","1,701","€ 16,10",Shell,FC645684
27/06/2025,VH-005,"10,89","1,709","€ 18,60",EKO,FC119700
25/04/2026,VH-005,"10,28","1,875","€ 19,27",shell,FC335106
04/11/2025,VH-005,"9,28","1,630","€ 15,13",Avin,FC919183
17/06/2025,VH-005,"11,82","1,785","€ 21,11",Shell,FC453971
10/02/2026,VH-005,"13,40","1,738","€ 23,28",Avin,FC257304
11/05/2025,VH-005,"8,93","1,531","€ 13,68",BP,FC939937
25/08/2025,VH-005,"12,06","1,841","€ 22,20",shell,FC770210
09/01/2025,VH-005,"5,52","1,904","€ 10,50",shell,FC232412
15/02/2025,VH-005,"10,56","1,545","€ 16,31",BP,FC565977
07/07/2026,VH-005,"13,16","1,814","€ 23,88",EKO,FC639235
04/04/2025,VH-005,"10,22","1,820","€ 18,60",Shell,FC548600
19/05/2025,VH-005,"7,96","1,873","€ 14,91",Shell,FC269533
05/04/2026,VH-005,"10,03","1,844","€ 18,49",shell,FC783586
06/05/2026,VH-005,"10,19","1,753","€ 17,86",Shell,FC926946
13/11/2025,VH-005,"11,45","1,534","€ 17,57",Shell,FC760574
02/03/2026,VH-005,"12,69","1,543","€ 19,58",BP,FC601868
02/01/2025,VH-005,"11,07","1,670","€ 18,48",eko,FC521249
13/07/2026,VH-005,"11,35","1,905","€ 21,62",EKO,FC126861
12/06/2025,VH-005,"11,41","1,730","€ 19,74",shell,FC842067
28/07/2025,VH-005,"15,54","1,655","€ 25,73",Avin,FC373551
15/09/2025,VH-005,"8,54","1,939","€ 16,57",Shell,FC237397
26/02/2026,VH-005,"13,00","1,645","€ 21,38",eko,FC776203
25/07/2025,VH-005,"11,91","1,817","€ 21,64",eko,FC205194
18/04/2026,VH-006,"19,88","0,405","€ 8,05",EKO,FC175851
01/06/2026,VH-006,"16,58","0,395","€ 6,55",EKO,FC811891
17/01/2025,VH-006,"15,28","0,409","€ 6,25",shell,FC663311
31/05/2025,VH-006,"10,82","0,496","€ 5,37",eko,FC510124
07/04/2026,VH-006,"15,14","0,344","€ 5,21",EKO,FC624980
07/01/2025,VH-006,"12,52","0,489","€ 6,12",shell,FC763142
15/04/2026,VH-006,"21,59","0,310","€ 6,69",shell,FC897207
09/06/2025,VH-006,"14,32","0,443","€ 6,34",eko,FC915244
16/03/2026,VH-006,"11,93","0,362","€ 4,32",Shell,FC852683
02/11/2025,VH-006,"12,69","0,361","€ 4,58",EKO,FC895036
21/04/2025,VH-006,"27,71","0,290","€ 8,04",BP,FC656645
16/02/2026,VH-006,"23,84","0,284","€ 6,77",eko,FC297430
16/03/2025,VH-006,"17,04","0,317","€ 5,40",EKO,FC688716
07/01/2025,VH-006,"16,73","0,427","€ 7,14",EKO,FC545748
02/01/2026,VH-006,"24,81","0,281","€ 6,97",Shell,FC818965
17/10/2025,VH-006,"15,32","0,456","€ 6,98",EKO,FC923194
31/05/2025,VH-006,"20,48","0,377","€ 7,72",eko,FC327011
10/11/2025,VH-006,"9,77","0,446","€ 4,36",eko,FC223238
20/04/2025,VH-006,"20,60","0,284","€ 5,85",Avin,FC801172
15/11/2025,VH-006,"19,67","0,491","€ 9,66",shell,FC680616
04/05/2025,VH-006,"28,02","0,332","€ 9,30",shell,FC729367
26/05/2026,VH-006,"32,26","0,298","€ 9,61",shell,FC489078
31/01/2025,VH-006,"19,11","0,409","€ 7,82",BP,FC947532
28/08/2025,VH-006,"16,15","0,463","€ 7,48",eko,FC285752
11/03/2026,VH-006,"15,12","0,426","€ 6,44",EKO,FC335386
04/02/2026,VH-006,"19,07","0,469","€ 8,94",shell,FC161192
09/11/2025,VH-006,"27,68","0,283","€ 7,83",Avin,FC703140
02/03/2026,VH-006,"16,32","0,415","€ 6,77",Avin,FC272509
25/06/2026,VH-006,"16,18","0,476","€ 7,70",EKO,FC119832
23/11/2025,VH-006,"14,63","0,386","€ 5,65",eko,FC960773
04/02/2025,VH-006,"22,42","0,336","€ 7,53",Shell,FC600715
06/05/2026,VH-006,"16,13","0,438","€ 7,06",BP,FC800390
27/05/2026,VH-006,"15,89","0,302","€ 4,80",Shell,FC807622
05/04/2026,VH-006,"17,08","0,360","€ 6,15",EKO,FC601847
29/08/2025,VH-006,"20,52","0,432","€ 8,86",Shell,FC167749
19/05/2026,VH-006,"15,43","0,387","€ 5,97",Shell,FC234586
14/02/2026,VH-006,"16,55","0,371","€ 6,14",eko,FC721549
06/07/2026,VH-006,"19,13","0,366","€ 7,00",eko,FC905737
16/01/2026,VH-006,"19,33","0,431","€ 8,33",BP,FC225760
19/10/2025,VH-006,"13,83","0,432","€ 5,97",eko,FC859667
29/03/2025,VH-006,"12,78","0,448","€ 5,73",Avin,FC357158
09/02/2026,VH-006,"14,44","0,438","€ 6,33",EKO,FC821329
17/06/2026,VH-006,"24,30","0,312","€ 7,58",eko,FC186937
01/12/2025,VH-006,"15,62","0,357","€ 5,57",shell,FC618017
19/02/2025,VH-006,"12,01","0,421","€ 5,05",Avin,FC916806
27/07/2025,VH-006,"12,71","0,458","€ 5,82",shell,FC244958
14/03/2025,VH-006,"19,69","0,339","€ 6,67",EKO,FC385310
21/06/2025,VH-006,"11,06","0,410","€ 4,53",Shell,FC784057
17/07/2025,VH-006,"24,75","0,338","€ 8,37",shell,FC553370
17/04/2025,VH-006,"15,38","0,504","€ 7,75",EKO,FC150390
05/02/2026,VH-006,"14,39","0,355","€ 5,11",EKO,FC320678
06/05/2026,VH-006,"17,46","0,415","€ 7,25",shell,FC708280
18/03/2025,VH-006,"17,17","0,470","€ 8,07",EKO,FC103008
13/01/2026,VH-006,"16,56","0,474","€ 7,85",eko,FC677506
08/10/2025,VH-006,"21,98","0,368","€ 8,09",Shell,FC379256
18/06/2026,VH-006,"19,40","0,488","€ 9,47",EKO,FC171256
19/02/2026,VH-006,"24,93","0,289","€ 7,21",Shell,FC912233
23/09/2025,VH-006,"25,47","0,345","€ 8,79",EKO,FC517667
03/08/2025,VH-006,"13,84","0,509","€ 7,04",shell,FC188574
29/05/2025,VH-006,"16,72","0,374","€ 6,25",Avin,FC940992
06/09/2025,VH-006,"12,38","0,381","€ 4,72",BP,FC825608
24/05/2026,VH-006,"17,20","0,389","€ 6,69",EKO,FC796760
06/07/2025,VH-006,"20,10","0,413","€ 8,30",Avin,FC355442
13/09/2025,VH-006,"18,55","0,334","€ 6,20",EKO,FC343026
01/05/2025,VH-006,"17,91","0,380","€ 6,80",EKO,FC406554
09/12/2025,VH-006,"8,45","0,451","€ 3,81",Shell,FC945224
18/06/2025,VH-006,"16,04","0,335","€ 5,37",eko,FC592839
28/09/2025,VH-006,"16,84","0,470","€ 7,92",Shell,FC553810
11/06/2025,VH-006,"14,95","0,289","€ 4,32",BP,FC807124
12/12/2025,VH-006,"15,12","0,518","€ 7,83",Shell,FC588376
09/11/2025,VH-006,"9,08","0,519","€ 4,71",BP,FC971384
16/03/2025,VH-006,"19,94","0,384","€ 7,66",EKO,FC212268
05/06/2025,VH-006,"17,69","0,429","€ 7,59",Avin,FC185695
10/12/2025,VH-006,"8,04","0,514","€ 4,13",eko,FC750786
25/06/2026,VH-006,"16,29","0,369","€ 6,01",Avin,FC134860
17/01/2026,VH-006,"15,25","0,511","€ 7,79",eko,FC227844
23/01/2026,VH-006,"15,33","0,502","€ 7,70",Avin,FC888113
25/02/2025,VH-006,"16,19","0,397","€ 6,43",Shell,FC282019
14/08/2025,VH-006,"16,33","0,472","€ 7,71",shell,FC372027
05/07/2025,VH-006,"9,24","0,484","€ 4,47",eko,FC728903
19/09/2025,VH-006,"8,60","0,349","€ 3,00",EKO,FC576332
11/02/2026,VH-006,"15,32","0,436","€ 6,68",shell,FC487878
17/05/2026,VH-006,"26,65","0,337","€ 8,98",BP,FC934243
25/09/2025,VH-006,"13,21","0,489","€ 6,46",Avin,FC528628
18/07/2025,VH-006,"19,69","0,342","€ 6,73",Shell,FC129729
02/07/2026,VH-006,"20,55","0,402","€ 8,26",Avin,FC103941
05/01/2026,VH-006,"13,77","0,447","€ 6,16",Shell,FC638349
23/05/2025,VH-006,"19,30","0,311","€ 6,00",EKO,FC228807
06/04/2025,VH-006,"18,09","0,483","€ 8,74",Shell,FC971486
25/12/2025,VH-006,"11,06","0,475","€ 5,25",Avin,FC366123
27/11/2025,VH-006,"12,53","0,468","€ 5,87",EKO,FC326035
07/02/2026,VH-006,"22,13","0,426","€ 9,43",BP,FC338998
09/03/2026,VH-006,"19,19","0,479","€ 9,19",EKO,FC456982
30/05/2026,VH-006,"12,25","0,458","€ 5,61",BP,FC326986
04/07/2025,VH-006,"21,70","0,289","€ 6,27",eko,FC518207
16/03/2026,VH-006,"15,84","0,486","€ 7,70",Avin,FC431205
22/05/2025,VH-006,"12,83","0,385","€ 4,94",Shell,FC905965
11/08/2025,VH-006,"18,29","0,407","€ 7,45",shell,FC824815
29/05/2025,VH-006,"24,99","0,380","€ 9,49",eko,FC978902
16/11/2025,VH-006,"25,87","0,402","€ 10,40",Avin,FC697316
11/05/2025,VH-006,"14,29","0,470","€ 6,72",BP,FC979915
10/01/2025,VH-006,"14,36","0,363","€ 5,21",shell,FC157391
13/02/2025,VH-006,"11,22","0,513","€ 5,75",shell,FC702715
18/03/2025,VH-006,"22,56","0,321","€ 7,24",Avin,FC438028
12/01/2025,VH-006,"22,23","0,344","€ 7,65",EKO,FC933444
17/01/2026,VH-006,"18,57","0,371","€ 6,89",Shell,FC418056
14/03/2025,VH-006,"11,77","0,496","€ 5,84",EKO,FC767162
22/06/2026,VH-006,"16,00","0,299","€ 4,78",Avin,FC286943
08/02/2025,VH-006,"16,33","0,512","€ 8,36",eko,FC999537
11/03/2025,VH-006,"8,82","0,497","€ 4,39",BP,FC557870
26/04/2025,VH-006,"11,90","0,513","€ 6,11",eko,FC518842
26/11/2025,VH-006,"9,51","0,400","€ 3,80",BP,FC349067
06/11/2025,VH-006,"16,75","0,483","€ 8,09",EKO,FC778650
30/09/2025,VH-006,"13,20","0,493","€ 6,51",shell,FC313284
23/02/2025,VH-006,"29,23","0,313","€ 9,15",eko,FC959489
11/11/2025,VH-006,"9,63","0,429","€ 4,13",Avin,FC978437
07/04/2025,VH-006,"11,37","0,390","€ 4,43",Avin,FC581973
27/12/2025,VH-006,"21,75","0,355","€ 7,72",shell,FC310855
18/06/2026,VH-006,"19,39","0,493","€ 9,56",Avin,FC520669
28/04/2026,VH-006,"18,97","0,302","€ 5,73",Avin,FC766747
30/04/2025,VH-006,"13,09","0,448","€ 5,86",BP,FC900295
02/02/2025,VH-006,"7,84","0,432","€ 3,38",eko,FC276468
17/04/2025,VH-006,"11,42","0,487","€ 5,56",BP,FC996053
21/03/2025,VH-006,"15,49","0,335","€ 5,19",BP,FC325838
16/06/2025,VH-006,"15,36","0,511","€ 7,85",eko,FC388044
02/05/2026,VH-006,"23,52","0,418","€ 9,83",Shell,FC977572
15/06/2025,VH-006,"13,78","0,458","€ 6,31",Avin,FC751222
21/01/2025,VH-006,"18,08","0,397","€ 7,18",EKO,FC411892
04/01/2026,VH-006,"16,13","0,341","€ 5,50",Avin,FC590961
03/01/2025,VH-006,,"0,441","€ 7,31",EKO,FC842001
25/01/2026,VH-006,"27,95","0,320","€ 8,94",EKO,FC556692
07/03/2025,VH-006,"16,11","0,448","€ 7,22",Avin,FC570062
12/06/2025,VH-006,"14,54","0,424","€ 6,16",EKO,FC836688
20/12/2025,VH-006,"22,55","0,313","€ 7,06",Avin,FC798791
07/01/2025,VH-006,"10,26","0,475","€ 4,87",Shell,FC678120
06/03/2025,VH-006,"14,90","0,410","€ 6,11",eko,FC311899
15/02/2025,VH-006,"7,81","0,384","€ 3,00",Avin,FC606451
14/02/2026,VH-006,"21,33","0,360","€ 7,68",Shell,FC620082
20/07/2025,VH-006,"36,66","0,327","€ 11,99",Shell,FC126193
16/01/2026,VH-006,"7,94","0,428","€ 3,40",shell,FC737929
05/04/2025,VH-006,"12,49","0,465","€ 5,81",BP,FC170632
07/07/2026,VH-006,"9,80","0,508","€ 4,98",BP,FC753333
05/02/2025,VH-006,"17,65","0,394","€ 6,95",EKO,FC857706
30/06/2026,VH-006,"22,09","0,350","€ 7,73",Avin,FC948831
10/09/2025,VH-006,"16,13","0,487","€ 7,85",Avin,FC629804
21/12/2025,VH-006,"18,42","0,364","€ 6,71",Avin,FC319736
02/02/2026,VH-006,"15,91","0,518","€ 8,24",EKO,FC972002
18/05/2026,VH-006,"18,16","0,355","€ 6,45",BP,FC864962
07/06/2025,VH-006,"22,77","0,470","€ 10,70",eko,FC180808
10/07/2026,VH-006,"20,51","0,378","€ 7,75",BP,FC379159
03/01/2025,VH-006,"21,08","0,386","€ 8,13",Avin,FC399881
27/12/2025,VH-006,"13,87","0,469","€ 6,51",Shell,FC409810
27/01/2026,VH-006,"16,79","0,409","€ 6,87",eko,FC543931
27/02/2025,VH-006,"35,56","0,285","€ 10,13",Shell,FC406991
09/11/2025,VH-006,"15,91","0,455","€ 7,24",shell,FC448657
11/03/2025,VH-006,"19,84","0,467","€ 9,27",EKO,FC560565
28/10/2025,VH-006,"18,62","0,486","€ 9,05",EKO,FC245719
29/05/2025,VH-006,"20,85","0,285","€ 5,94",eko,FC925065
15/11/2025,VH-007,"16,82","0,428","€ 7,20",EKO,FC511076
05/11/2025,VH-007,"26,74","0,459","€ 12,27",EKO,FC826203
30/03/2025,VH-007,"21,67","0,501","€ 10,86",eko,FC839248
15/09/2025,VH-007,"30,09","0,425","€ 12,79",Avin,FC424419
04/11/2025,VH-007,"49,45","0,362","€ 17,90",eko,FC604497
04/03/2025,VH-007,"20,45","0,490","€ 10,02",EKO,FC293654
09/03/2026,VH-007,"36,50","0,390","€ 14,24",BP,FC620917
25/02/2025,VH-007,"26,49","0,410","€ 10,86",Avin,FC374276
23/02/2026,VH-007,"36,26","0,466","€ 16,90",shell,FC311045
16/05/2025,VH-007,"18,15","0,515","€ 9,35",BP,FC748190
07/06/2026,VH-007,"34,24","0,331","€ 11,33",EKO,FC845568
27/10/2025,VH-007,"25,15","0,449","€ 11,29",EKO,FC153604
18/09/2025,VH-007,"27,45","0,337","€ 9,25",EKO,FC242598
23/01/2025,VH-007,"25,41","0,443","€ 11,26",eko,FC687025
13/04/2026,VH-007,"33,53","0,314","€ 10,53",eko,FC631960
25/08/2025,VH-007,"27,74","0,329","€ 9,13",shell,FC297430
27/04/2026,VH-007,"38,41","0,309","€ 11,87",eko,FC276912
17/11/2025,VH-007,"46,10","0,361","€ 16,64",EKO,FC125524
19/06/2025,VH-007,"24,60","0,498","€ 12,25",shell,FC311496
31/01/2026,VH-007,"27,29","0,491","€ 13,40",eko,FC352941
19/04/2026,VH-007,"34,40","0,295","€ 10,15",eko,FC796143
03/08/2025,VH-007,"28,31","0,448","€ 12,68",BP,FC605611
04/01/2026,VH-007,"24,62","0,511","€ 12,58",shell,FC678770
25/02/2026,VH-007,"45,82","0,329","€ 15,08",eko,FC655898
04/10/2025,VH-007,"30,80","0,504","€ 15,52",eko,FC766889
25/06/2026,VH-007,"35,77","0,420","€ 15,02",Avin,FC380044
08/04/2025,VH-007,"37,20","0,489","€ 18,19",eko,FC254423
02/09/2025,VH-007,"32,13","0,298","€ 9,58",EKO,FC160855
26/08/2025,VH-007,"34,12","0,361","€ 12,32",EKO,FC430348
16/01/2025,VH-007,"46,47","0,349","€ 16,22",Shell,FC959603
18/08/2025,VH-007,"27,42","0,336","€ 9,21",EKO,FC442073
11/06/2026,VH-007,"28,86","0,436","€ 12,58",BP,FC300434
16/06/2026,VH-007,"39,96","0,324","€ 12,95",shell,FC479097
24/03/2025,VH-007,"37,86","0,396","€ 14,99",Shell,FC343611
13/11/2025,VH-007,"37,97","0,380","€ 14,43",BP,FC702487
06/05/2025,VH-007,"30,13","0,400","€ 12,05",EKO,FC118460
23/04/2025,VH-007,"33,33","0,426","€ 14,20",Shell,FC412473
09/11/2025,VH-007,"29,91","0,492","€ 14,72",BP,FC587289
28/11/2025,VH-007,"25,91","0,464","€ 12,02",Shell,FC786014
12/02/2026,VH-007,"50,30","0,294","€ 14,79",shell,FC728977
29/06/2026,VH-007,"32,99","0,293","€ 9,67",eko,FC257464
15/02/2025,VH-007,"33,38","0,415","€ 13,85",Avin,FC930205
20/05/2025,VH-007,"16,02","0,446","€ 7,14",Shell,FC889311
20/08/2025,VH-007,"29,35","0,463","€ 13,59",EKO,FC623339
13/01/2025,VH-007,"31,28","0,500","€ 15,64",EKO,FC905989
28/03/2026,VH-007,"24,04","0,463","€ 11,13",EKO,FC526208
29/03/2025,VH-007,"32,36","0,338","€ 10,94",shell,FC969735
16/04/2025,VH-007,"26,79","0,519","€ 13,90",shell,FC780736
25/07/2025,VH-007,"40,50","0,296","€ 11,99",BP,FC670465
13/09/2025,VH-007,"27,79","0,511","€ 14,20",BP,FC301977
09/11/2025,VH-007,"25,18","0,461","€ 11,61",BP,FC202523
03/04/2026,VH-007,"60,25","0,320","€ 19,28",Shell,FC236404
11/12/2025,VH-007,"36,94","0,354","€ 13,08",Shell,FC357394
30/06/2025,VH-007,"22,37","0,484","€ 10,83",Shell,FC310066
25/02/2025,VH-007,"30,12","0,492","€ 14,82",shell,FC337829
07/04/2026,VH-007,"27,63","0,323","€ 8,92",BP,FC172856
13/06/2025,VH-007,"28,83","0,416","€ 11,99",eko,FC369382
09/02/2026,VH-007,"48,66","0,289","€ 14,06",shell,FC655882
18/02/2026,VH-007,"17,81","0,392","€ 6,98",Avin,FC387089
03/08/2025,VH-007,"42,78","0,293","€ 12,54",shell,FC955563
12/05/2026,VH-007,"20,69","0,403","€ 8,34",shell,FC769051
14/11/2025,VH-007,"29,08","0,403","€ 11,72",BP,FC775433
19/08/2025,VH-007,"19,18","0,442","€ 8,48",shell,FC962597
15/01/2025,VH-007,"23,48","0,425","€ 9,98",BP,FC473168
26/03/2025,VH-007,"36,57","0,376","€ 13,75",BP,FC761200
10/04/2025,VH-007,"49,19","0,346","€ 17,02",EKO,FC353121
14/01/2025,VH-007,"38,19","0,412","€ 15,73",Avin,FC373311
17/02/2026,VH-007,"30,76","0,373","€ 11,47",Avin,FC970086
28/11/2025,VH-007,"49,37","0,306","€ 15,11",eko,FC471051
16/01/2026,VH-007,"42,64","0,318","€ 13,56",Shell,FC663076
04/07/2026,VH-007,"33,11","0,473","€ 15,66",shell,FC783053
13/02/2025,VH-007,"27,73","0,496","€ 13,75",BP,FC770328
20/01/2026,VH-007,"39,05","0,354","€ 13,82",shell,FC139273
30/04/2025,VH-007,"26,08","0,461","€ 12,02",BP,FC963047
15/08/2025,VH-007,"28,71","0,415","€ 11,91",BP,FC213379
10/09/2025,VH-007,"39,78","0,367","€ 14,60",shell,FC927418
03/08/2025,VH-007,"31,51","0,492","€ 15,51",shell,FC548231
18/01/2026,VH-007,"24,16","0,507","€ 12,25",eko,FC175665
21/08/2025,VH-007,"33,94","0,328","€ 11,13",EKO,FC472217
28/07/2025,VH-007,"25,45","0,394","€ 10,03",Avin,FC775778
04/02/2025,VH-007,"20,34","0,438","€ 8,91",shell,FC775371
13/12/2025,VH-007,"25,68","0,487","€ 12,50",shell,FC911920
01/06/2025,VH-007,"10,02","0,489","€ 4,90",shell,FC859970
10/01/2025,VH-007,"46,88","0,346","€ 16,22",Avin,FC978962
26/06/2026,VH-007,"26,39","0,499","€ 13,17",Shell,FC398789
08/11/2025,VH-007,"23,12","0,413","€ 9,55",shell,FC762083
16/01/2026,VH-007,"46,14","0,286","€ 13,20",Avin,FC979832
15/05/2025,VH-007,"27,08","0,483","€ 13,08",shell,FC832317
04/05/2025,VH-007,"17,68","0,486","€ 8,59",eko,FC962960
24/06/2025,VH-007,"23,55","0,439","€ 10,34",EKO,FC509029
19/04/2025,VH-007,"24,78","0,445","€ 11,03",BP,FC449824
15/05/2025,VH-007,"40,16","0,430","€ 17,27",eko,FC158299
30/08/2025,VH-007,"21,78","0,378","€ 8,23",Avin,FC497246
14/02/2025,VH-007,"18,15","0,382","€ 6,93",BP,FC138038
22/08/2025,VH-007,"15,54","0,394","€ 6,12",BP,FC294588
26/11/2025,VH-007,"28,34","0,440","€ 12,47",Avin,FC753178
26/06/2025,VH-007,"57,15","0,313","€ 17,89",eko,FC788069
28/01/2026,VH-007,"46,25","0,335","€ 15,49",eko,FC191932
13/01/2026,VH-007,"46,13","0,340","€ 15,68",shell,FC886227
02/02/2026,VH-007,"22,20","0,519","€ 11,52",eko,FC230750
10/07/2026,VH-007,"29,99","0,458","€ 13,74",BP,FC426167
10/09/2025,VH-007,"15,20","0,478","€ 7,26",EKO,FC399567
14/05/2026,VH-007,"23,25","0,510","€ 11,86",Shell,FC356273
28/04/2025,VH-007,"41,74","0,343","€ 14,32",shell,FC255892
18/07/2025,VH-007,"39,96","0,387","€ 15,46",shell,FC798476
12/07/2025,VH-007,"29,97","0,379","€ 11,36",eko,FC240219
29/04/2026,VH-007,"56,89","0,329","€ 18,72",shell,FC626901
07/06/2026,VH-007,"30,88","0,411","€ 12,69",shell,FC734138
03/04/2026,VH-007,"46,28","0,350","€ 16,20",EKO,FC786999
13/03/2025,VH-007,"19,03","0,485","€ 9,23",Avin,FC553003
07/08/2025,VH-007,"34,76","0,457","€ 15,89",EKO,FC390248
10/08/2025,VH-007,"17,14","0,508","€ 8,70",shell,FC745866
10/03/2025,VH-007,"32,50","0,368","€ 11,96",EKO,FC549564
28/01/2025,VH-007,"31,50","0,428","€ 13,48",BP,FC705101
08/10/2025,VH-007,"31,75","0,468","€ 14,86",shell,FC481656
29/03/2026,VH-007,"43,04","0,315","€ 13,56",eko,FC918356
10/05/2025,VH-007,"21,46","0,360","€ 7,73",BP,FC154027
22/04/2026,VH-007,"27,61","0,509","€ 14,05",Avin,FC127605
11/10/2025,VH-007,"41,44","0,299","€ 12,39",shell,FC876923
25/04/2026,VH-007,"41,18","0,337","€ 13,88",EKO,FC387912
27/01/2026,VH-007,"24,39","0,400","€ 9,75",Shell,FC699261
02/02/2026,VH-007,"43,61","0,369","€ 16,09",Avin,FC767046
09/12/2025,VH-007,"30,55","0,435","€ 13,29",Avin,FC639506
26/02/2025,VH-007,"22,66","0,481","€ 10,90",Avin,FC136980
08/02/2026,VH-007,"34,75","0,335","€ 11,64",EKO,FC690968
26/12/2025,VH-007,"41,12","0,405","€ 16,65",eko,FC506439
26/07/2025,VH-007,"27,64","0,350","€ 9,67",eko,FC812378
07/05/2025,VH-007,"33,78","0,499","€ 16,86",shell,FC766166
19/09/2025,VH-007,"24,99","0,407","€ 10,17",EKO,FC120263
27/01/2026,VH-007,"36,36","0,391","€ 14,21",BP,FC378247
21/03/2026,VH-007,"52,07","0,370","€ 19,27",Avin,FC833873
13/06/2026,VH-007,"28,08","0,394","€ 11,06",BP,FC709233
19/10/2025,VH-007,"21,05","0,413","€ 8,69",EKO,FC425015
11/09/2025,VH-007,"24,54","0,424","€ 10,41",EKO,FC229253
02/07/2026,VH-007,"25,34","0,517","€ 13,10",eko,FC614058
20/11/2025,VH-007,"23,60","0,476","€ 11,23",EKO,FC968325
27/05/2026,VH-007,"14,37","0,504","€ 7,24",Shell,FC302792
02/01/2025,VH-007,"53,56","0,296","€ 15,85",shell,FC889920
13/03/2025,VH-007,"28,75","0,497","€ 14,29",eko,FC831689
23/08/2025,VH-007,"28,61","0,334","€ 9,56",Shell,FC368243
06/04/2026,VH-007,"28,99","0,398","€ 11,54",EKO,FC687862
01/11/2025,VH-007,"19,47","0,476","€ 9,27",shell,FC818789
27/01/2025,VH-007,"43,40","0,306","€ 13,28",eko,FC268901
17/05/2025,VH-007,"29,45","0,412","€ 12,13",Avin,FC691260
15/10/2025,VH-007,"25,57","0,485","€ 12,40",eko,FC813791
07/01/2026,VH-007,"27,04","0,438","€ 11,84",Shell,FC707259
19/07/2025,VH-007,"48,19","0,330","€ 15,90",BP,FC270062
22/08/2025,VH-007,"31,66","0,325","€ 10,29",eko,FC588587
15/01/2026,VH-007,"28,10","0,464","€ 13,04",Shell,FC546678
13/07/2025,VH-007,"40,32","0,480","€ 19,35",shell,FC646501
17/07/2025,VH-007,"40,74","0,337","€ 13,73",Shell,FC939131
11/11/2025,VH-007,"23,74","0,438","€ 10,40",shell,FC954882
20/01/2025,VH-007,"52,44","0,305","€ 15,99",EKO,FC250459
09/12/2025,VH-007,"35,49","0,284","€ 10,08",eko,FC140185
26/12/2025,VH-007,"25,66","0,460","€ 11,80",eko,FC633427
07/02/2026,VH-007,"41,18","0,364","€ 14,99",Avin,FC685924
07/06/2026,VH-007,"41,66","0,294","€ 12,25",shell,FC281965
04/02/2025,VH-007,"58,54","0,330","€ 19,32",BP,FC735698
28/07/2025,VH-007,"43,18","0,282","€ 12,18",shell,FC368504
09/04/2025,VH-007,"23,67","0,508","€ 12,03",Shell,FC522709
27/04/2025,VH-007,"28,21","0,490","€ 13,82",Avin,FC616540
21/01/2026,VH-007,"20,76","0,508","€ 10,55",Avin,FC161844
16/03/2025,VH-008,"13,40","1,645","€ 22,05",eko,FC311427
08/06/2025,VH-008,"11,15","1,818","€ 20,27",Shell,FC415693
04/06/2025,VH-008,"10,59","1,719","€ 18,20",EKO,FC881471
12/06/2026,VH-008,"14,01","1,907","€ 26,72",Shell,FC577989
02/06/2025,VH-008,"9,20","1,606","€ 14,77",shell,FC970907
15/11/2025,VH-008,"11,89","1,777","€ 21,12",shell,FC894047
26/03/2025,VH-008,"17,49","1,559","€ 27,26",EKO,FC864228
29/12/2025,VH-008,"11,74","1,849","€ 21,71",EKO,FC462345
02/12/2025,VH-008,"8,08","1,764","€ 14,25",eko,FC583898
17/03/2026,VH-008,"22,09","1,575","€ 34,80",shell,FC658849
13/02/2025,VH-008,"8,54","1,540","€ 13,16",BP,FC181826
04/05/2026,VH-008,"11,42","1,876","€ 21,42",shell,FC849991
19/05/2026,VH-008,"13,67","1,562","€ 21,35",Avin,FC274354
16/07/2025,VH-008,"8,80","1,891","€ 16,65",shell,FC288414
26/10/2025,VH-008,"10,27","1,623","€ 16,67",Avin,FC597756
10/06/2025,VH-008,"13,20","1,717","€ 22,66",eko,FC864657
11/04/2025,VH-008,"10,78","1,634","€ 17,62",EKO,FC379415
17/06/2026,VH-008,"11,97","1,697","€ 20,32",Shell,FC773274
16/01/2026,VH-008,"10,24","1,913","€ 19,59",BP,FC819335
03/02/2026,VH-008,"14,79","1,739","€ 25,71",shell,FC594992
26/01/2025,VH-008,"12,91","1,561","€ 20,15",Shell,FC632638
26/11/2025,VH-008,"11,59","1,611","€ 18,66",EKO,FC412297
01/10/2025,VH-008,"13,31","1,872","€ 24,92",shell,FC162843
01/09/2025,VH-008,"12,02","1,728","€ 20,77",Avin,FC480645
10/10/2025,VH-008,"11,85","1,847","€ 21,89",EKO,FC151981
14/06/2026,VH-008,"7,68","1,544","€ 11,86",Avin,FC888901
14/08/2025,VH-008,"12,89","1,619","€ 20,87",Shell,FC641423
12/01/2026,VH-008,"11,03","1,599","€ 17,64",Avin,FC707443
18/05/2025,VH-008,"16,59","1,552","€ 25,74",Avin,FC580406
11/04/2025,VH-008,"19,51","1,599","€ 31,20",EKO,FC264288
30/01/2026,VH-008,"11,90","1,551","€ 18,45",Shell,FC832425
09/07/2025,VH-008,"8,57","1,823","€ 15,63",EKO,FC845373
28/10/2025,VH-008,"16,67","1,664","€ 27,73",Shell,FC186323
25/03/2026,VH-008,"7,07","1,873","€ 13,25",EKO,FC598319
04/10/2025,VH-008,"17,84","1,700","€ 30,32",eko,FC474858
28/06/2025,VH-008,"10,31","1,724","€ 17,78",Shell,FC953282
27/11/2025,VH-008,"11,43","1,912","€ 21,85",eko,FC516863
25/10/2025,VH-008,,"1,822","€ 16,23",Shell,FC461506
10/03/2025,VH-008,"11,91","1,863","€ 22,19",Shell,FC861290
19/04/2026,VH-008,"9,65","1,699","€ 16,39",BP,FC364983
10/04/2026,VH-008,"8,71","1,883","€ 16,39",BP,FC233517
28/03/2026,VH-008,"6,85","1,523","€ 10,43",Avin,FC227017
26/10/2025,VH-008,"15,28","1,678","€ 25,63",Avin,FC880248
07/07/2026,VH-008,"14,93","1,840","€ 27,47",BP,FC838325
06/06/2025,VH-008,"17,27","1,598","€ 27,60",BP,FC283921
04/03/2026,VH-008,"6,47","1,678","€ 10,86",BP,FC629110
13/10/2025,VH-008,"7,55","1,845","€ 13,94",EKO,FC836571
20/08/2025,VH-008,"8,52","1,930","€ 16,44",Avin,FC378061
02/01/2025,VH-008,"15,70","1,587","€ 24,91",EKO,FC643080
28/04/2026,VH-008,"17,28","1,594","€ 27,55",eko,FC619347
15/06/2025,VH-008,"17,82","1,670","€ 29,77",EKO,FC928472
20/09/2025,VH-008,"7,91","1,628","€ 12,87",shell,FC505468
27/09/2025,VH-008,"12,60","1,741","€ 21,94",shell,FC289251
11/01/2025,VH-008,"9,23","1,895","€ 17,49",Shell,FC973892
07/03/2025,VH-008,"5,46","1,735","€ 9,47",shell,FC535738
19/07/2025,VH-008,"6,44","1,863","€ 11,99",EKO,FC686338
24/07/2025,VH-008,"13,85","1,716","€ 23,77",Avin,FC569397
07/01/2025,VH-008,"6,58","1,847","€ 12,15",Avin,FC352406
07/08/2025,VH-008,"8,41","1,752","€ 14,74",Shell,FC915498
27/06/2025,VH-008,"18,32","1,736","€ 31,80",Shell,FC342696
25/10/2025,VH-008,"14,24","1,822","€ 25,94",shell,FC749778
17/03/2025,VH-008,"5,76","1,906","€ 10,98",eko,FC331751
09/11/2025,VH-008,"15,13","1,664","€ 25,18",EKO,FC910346
29/04/2025,VH-008,"12,86","1,861","€ 23,94",BP,FC603782
09/01/2025,VH-008,"12,45","1,667","€ 20,76",eko,FC629652
20/04/2026,VH-008,,"1,920","€ 12,75",Shell,FC602714
27/03/2025,VH-008,"12,40","1,669","€ 20,70",Shell,FC354541
17/02/2025,VH-008,"9,33","1,593","€ 14,86",shell,FC132790
14/01/2025,VH-008,"21,72","1,563","€ 33,95",BP,FC369836
21/08/2025,VH-008,"7,13","1,756","€ 12,53",eko,FC836166
05/03/2026,VH-008,"10,02","1,682","€ 16,86",BP,FC835842
03/02/2026,VH-008,"7,96","1,897","€ 15,09",eko,FC982119
17/01/2025,VH-008,"12,74","1,789","€ 22,78",EKO,FC526638
14/07/2025,VH-008,"11,03","1,773","€ 19,56",EKO,FC651476
15/06/2025,VH-008,"7,14","1,539","€ 10,98",Shell,FC372597
30/05/2026,VH-008,"13,33","1,532","€ 20,42",EKO,FC940095
18/08/2025,VH-008,"8,39","1,791","€ 15,02",Avin,FC648767
16/10/2025,VH-008,"12,17","1,769","€ 21,52",shell,FC435080
16/06/2026,VH-008,"9,09","1,789","€ 16,26",Shell,FC405308
18/03/2025,VH-008,"5,78","1,705","€ 9,86",shell,FC193352
25/01/2026,VH-008,"6,78","1,826","€ 12,37",shell,FC495781
14/10/2025,VH-008,"11,94","1,716","€ 20,49",Avin,FC486138
01/10/2025,VH-008,"17,50","1,538","€ 26,92",Avin,FC909026
16/01/2025,VH-008,"16,99","1,591","€ 27,02",eko,FC542974
08/08/2025,VH-008,"9,65","1,691","€ 16,32",EKO,FC531678
12/02/2026,VH-008,"8,13","1,849","€ 15,03",shell,FC246217
28/02/2025,VH-008,"8,30","1,803","€ 14,97",eko,FC235342
04/04/2025,VH-008,"13,78","1,561","€ 21,51",EKO,FC866341
13/03/2026,VH-008,"16,21","1,727","€ 28,00",Shell,FC345948
08/02/2026,VH-008,"11,28","1,848","€ 20,85",shell,FC901250
20/01/2026,VH-008,"11,17","1,812","€ 20,24",eko,FC344440
12/08/2025,VH-008,"10,47","1,610","€ 16,86",EKO,FC618443
03/05/2026,VH-008,"8,69","1,794","€ 15,58",shell,FC704856
27/05/2025,VH-008,"12,45","1,902","€ 23,69",EKO,FC950865
07/02/2025,VH-008,"12,31","1,884","€ 23,20",Avin,FC733416
14/10/2025,VH-008,"6,76","1,795","€ 12,13",Shell,FC610308
20/07/2025,VH-008,"6,34","1,707","€ 10,83",shell,FC672709
11/02/2026,VH-008,"13,22","1,673","€ 22,11",Avin,FC281284
19/05/2025,VH-008,"17,61","1,677","€ 29,53",EKO,FC617256
05/06/2025,VH-008,"2,90","1,916","€ 5,56",shell,FC605319
12/01/2026,VH-008,"14,60","1,876","€ 27,39",eko,FC769200
04/05/2025,VH-008,"12,95","1,520","€ 19,68",Shell,FC373097
06/06/2025,VH-008,"11,25","1,895","€ 21,31",eko,FC773260
18/06/2025,VH-008,"12,26","1,604","€ 19,66",BP,FC987821
01/02/2026,VH-008,"12,99","1,871","€ 24,30",shell,FC107536
22/09/2025,VH-008,"12,14","1,687","€ 20,47",eko,FC648127
23/04/2025,VH-008,"7,19","1,854","€ 13,33",Shell,FC544003
04/12/2025,VH-008,"8,20","1,909","€ 15,65",eko,FC613340
11/06/2026,VH-008,"14,62","1,792","€ 26,21",EKO,FC318443
06/10/2025,VH-008,"10,41","1,859","€ 19,35",BP,FC460649
27/01/2025,VH-008,"15,02","1,731","€ 26,00",Avin,FC251957
10/11/2025,VH-008,"9,83","1,774","€ 17,44",eko,FC938307
27/08/2025,VH-008,"11,94","1,898","€ 22,66",eko,FC380886
20/03/2025,VH-008,"11,69","1,929","€ 22,55",shell,FC600603
08/04/2025,VH-008,"11,88","1,655","€ 19,66",eko,FC273121
19/06/2025,VH-008,"10,60","1,545","€ 16,38",Avin,FC266002
07/05/2025,VH-008,"10,35","1,601","€ 16,56",eko,FC396947
09/05/2026,VH-008,"17,94","1,602","€ 28,74",EKO,FC113012
06/03/2025,VH-008,"12,00","1,644","€ 19,72",EKO,FC611661
01/05/2025,VH-008,"9,53","1,855","€ 17,67",Avin,FC332734
07/03/2025,VH-008,"7,83","1,781","€ 13,94",eko,FC332957
23/02/2026,VH-008,"6,55","1,701","€ 11,14",shell,FC115251
30/06/2025,VH-008,"8,66","1,567","€ 13,58",Avin,FC159052
14/02/2025,VH-008,"12,15","1,561","€ 18,96",Avin,FC536866
15/04/2025,VH-008,"16,07","1,713","€ 27,53",eko,FC899779
25/03/2026,VH-008,"9,13","1,830","€ 16,70",EKO,FC199878
13/03/2026,VH-008,"5,55","1,743","€ 9,68",eko,FC229968
11/02/2025,VH-008,"9,98","1,605","€ 16,01",Shell,FC465480
02/08/2025,VH-008,"21,04","1,555","€ 32,72",EKO,FC300336
01/08/2025,VH-008,"14,29","1,817","€ 25,97",EKO,FC170177
31/03/2026,VH-008,"13,12","1,919","€ 25,19",Shell,FC737512
23/02/2026,VH-008,,"1,922","€ 25,04",BP,FC516213
30/05/2025,VH-008,,"1,826","€ 17,84",EKO,FC810707
01/02/2026,VH-008,"12,36","1,822","€ 22,52",shell,FC571857
14/11/2025,VH-008,"18,03","1,695","€ 30,57",Shell,FC392517
09/05/2025,VH-008,"7,46","1,718","€ 12,82",eko,FC987920
21/05/2025,VH-008,"8,04","1,858","€ 14,93",shell,FC932886
11/08/2025,VH-008,"11,14","1,666","€ 18,56",Shell,FC997859
12/07/2025,VH-008,"8,70","1,877","€ 16,33",Avin,FC122469
29/01/2025,VH-008,"13,64","1,892","€ 25,81",Shell,FC194172
04/01/2026,VH-008,"9,95","1,857","€ 18,47",EKO,FC563070
30/09/2025,VH-008,"14,75","1,616","€ 23,84",BP,FC846461
15/07/2025,VH-008,"14,38","1,845","€ 26,53",eko,FC557333
26/02/2026,VH-008,"14,87","1,923","€ 28,60",shell,FC380915
03/11/2025,VH-008,"7,20","1,920","€ 13,82",BP,FC367707
29/04/2026,VH-008,"14,49","1,639","€ 23,75",EKO,FC225267
12/07/2026,VH-008,"12,38","1,720","€ 21,29",Shell,FC176130
12/04/2026,VH-008,"11,38","1,568","€ 17,84",EKO,FC561152
01/11/2025,VH-008,"9,39","1,531","€ 14,37",BP,FC210141
20/11/2025,VH-008,"14,47","1,695","€ 24,53",BP,FC559686
19/09/2025,VH-008,"10,49","1,884","€ 19,76",shell,FC416644
05/06/2025,VH-009,"10,52","1,833","€ 19,29",BP,FC844116
24/03/2026,VH-009,"9,86","1,681","€ 16,57",Avin,FC605498
03/03/2026,VH-009,"11,50","1,860","€ 21,40",EKO,FC291044
01/10/2025,VH-009,"8,25","1,733","€ 14,30",shell,FC272071
24/05/2026,VH-009,"10,58","1,595","€ 16,87",shell,FC657461
28/02/2025,VH-009,"7,91","1,861","€ 14,72",Avin,FC543455
24/04/2026,VH-009,"12,65","1,851","€ 23,41",Shell,FC721012
09/01/2025,VH-009,"7,78","1,903","€ 14,81",EKO,FC220305
24/06/2025,VH-009,"8,11","1,882","€ 15,25",eko,FC963146
12/03/2025,VH-009,"12,60","1,675","€ 21,11",Avin,FC979956
11/07/2025,VH-009,"12,94","1,578","€ 20,41",Avin,FC388331
12/12/2025,VH-009,"11,48","1,764","€ 20,25",Avin,FC423463
14/12/2025,VH-009,"14,05","1,545","€ 21,71",BP,FC440475
23/01/2026,VH-009,"10,65","1,666","€ 17,75",BP,FC146603
03/09/2025,VH-009,"6,89","1,810","€ 12,48",Shell,FC691671
07/07/2026,VH-009,"11,47","1,648","€ 18,90",Shell,FC600655
30/05/2025,VH-009,"12,82","1,594","€ 20,44",Shell,FC465485
15/10/2025,VH-009,"3,67","1,846","€ 6,78",BP,FC701599
09/02/2026,VH-009,,"1,871","€ 17,35",Avin,FC725805
28/09/2025,VH-009,"7,80","1,592","€ 12,41",Shell,FC718603
25/07/2025,VH-009,"16,28","1,562","€ 25,43",Avin,FC138334
27/02/2025,VH-009,"7,78","1,886","€ 14,68",Avin,FC376314
29/06/2025,VH-009,"9,66","1,877","€ 18,12",EKO,FC683538
19/11/2025,VH-009,"10,41","1,665","€ 17,33",shell,FC504268
05/04/2026,VH-009,"17,53","1,552","€ 27,21",EKO,FC306251
07/07/2026,VH-009,"12,59","1,868","€ 23,52",Shell,FC133928
01/07/2026,VH-009,"13,17","1,590","€ 20,94",eko,FC529020
26/11/2025,VH-009,"11,21","1,621","€ 18,18",Shell,FC678936
18/02/2026,VH-009,"14,53","1,774","€ 25,78",EKO,FC677205
01/01/2025,VH-009,"10,21","1,786","€ 18,23",eko,FC445662
25/01/2026,VH-009,"12,18","1,883","€ 22,93",eko,FC471646
04/08/2025,VH-009,"10,62","1,833","€ 19,47",shell,FC372605
08/02/2026,VH-009,"16,29","1,756","€ 28,61",eko,FC148247
12/05/2026,VH-009,"8,87","1,813","€ 16,08",EKO,FC381019
24/01/2026,VH-009,"10,99","1,603","€ 17,62",Avin,FC710018
21/03/2025,VH-009,"13,89","1,570","€ 21,80",BP,FC491378
23/03/2025,VH-009,"7,82","1,893","€ 14,80",Avin,FC892749
06/03/2025,VH-009,"12,65","1,587","€ 20,07",shell,FC148094
24/04/2026,VH-009,"12,93","1,587","€ 20,53",EKO,FC811373
02/11/2025,VH-009,"6,17","1,813","€ 11,19",Shell,FC989948
04/06/2025,VH-009,"9,42","1,859","€ 17,50",eko,FC164620
24/04/2026,VH-009,"14,62","1,780","€ 26,02",Avin,FC352753
06/06/2026,VH-009,"8,87","1,672","€ 14,82",eko,FC237015
25/01/2026,VH-009,"9,62","1,879","€ 18,08",BP,FC304140
01/09/2025,VH-009,"12,33","1,589","€ 19,59",eko,FC452361
23/03/2025,VH-009,"12,13","1,919","€ 23,28",eko,FC517425
03/06/2026,VH-009,"11,59","1,801","€ 20,88",shell,FC187512
01/05/2025,VH-009,"7,38","1,907","€ 14,08",BP,FC101689
18/11/2025,VH-009,"9,79","1,644","€ 16,09",eko,FC732835
26/03/2025,VH-009,"4,61","1,824","€ 8,41",EKO,FC693658
26/04/2026,VH-009,"13,09","1,902","€ 24,89",BP,FC367647
24/03/2026,VH-009,"9,56","1,689","€ 16,15",shell,FC751447
12/01/2025,VH-009,"10,24","1,766","€ 18,08",eko,FC969915
03/03/2026,VH-009,"10,65","1,680","€ 17,90",Avin,FC606956
30/01/2026,VH-009,"9,63","1,871","€ 18,02",BP,FC933042
06/04/2025,VH-009,"9,72","1,789","€ 17,39",EKO,FC114488
08/02/2026,VH-009,"11,74","1,642","€ 19,28",Shell,FC830603
16/06/2025,VH-009,"8,68","1,691","€ 14,68",Avin,FC669588
03/09/2025,VH-009,"13,20","1,916","€ 25,30",EKO,FC433975
27/09/2025,VH-009,"11,65","1,546","€ 18,01",eko,FC274137
30/05/2026,VH-009,"12,43","1,578","€ 19,62",Avin,FC810422
24/10/2025,VH-009,"15,64","1,542","€ 24,12",shell,FC585812
05/07/2025,VH-009,"15,75","1,595","€ 25,12",BP,FC491954
29/12/2025,VH-009,"1,84","1,633","€ 3,00",EKO,FC115871
23/07/2025,VH-009,"16,84","1,606","€ 27,05",EKO,FC725518
07/07/2026,VH-009,"12,14","1,650","€ 20,03",eko,FC765984
24/09/2025,VH-009,"12,19","1,708","€ 20,82",Shell,FC473006
31/03/2026,VH-009,"10,53","1,580","€ 16,64",Avin,FC402075
27/02/2025,VH-009,"13,33","1,863","€ 24,84",BP,FC625738
21/03/2026,VH-009,"9,55","1,934","€ 18,47",shell,FC595625
02/06/2025,VH-009,"5,28","1,848","€ 9,76",shell,FC115037
13/05/2026,VH-009,"10,54","1,725","€ 18,17",BP,FC978164
17/03/2026,VH-009,"7,14","1,890","€ 13,49",Shell,FC119759
01/10/2025,VH-009,"12,85","1,676","€ 21,53",eko,FC945457
02/05/2026,VH-009,"11,36","1,792","€ 20,36",BP,FC519039
26/11/2025,VH-009,"11,46","1,856","€ 21,26",shell,FC917892
21/12/2025,VH-009,"8,20","1,582","€ 12,97",EKO,FC360969
06/06/2026,VH-009,"7,03","1,764","€ 12,41",BP,FC663049
11/10/2025,VH-009,"6,24","1,695","€ 10,58",shell,FC876654
20/06/2025,VH-009,"7,68","1,793","€ 13,78",Avin,FC323221
17/05/2026,VH-009,"10,50","1,616","€ 16,96",Avin,FC829341
19/01/2026,VH-009,"12,02","1,662","€ 19,98",BP,FC292625
27/03/2026,VH-009,"10,70","1,644","€ 17,59",BP,FC989111
24/05/2025,VH-009,"10,12","1,933","€ 19,56",EKO,FC751597
15/05/2025,VH-009,"10,38","1,776","€ 18,44",BP,FC343546
12/09/2025,VH-009,"10,07","1,767","€ 17,79",eko,FC353947
09/06/2025,VH-009,"10,18","1,827","€ 18,60",Shell,FC204056
28/01/2026,VH-009,"11,75","1,802","€ 21,18",BP,FC713988
13/08/2025,VH-009,"10,97","1,862","€ 20,42",EKO,FC193732
07/02/2026,VH-009,"10,52","1,584","€ 16,67",Avin,FC367925
24/06/2026,VH-009,"10,86","1,529","€ 16,61",EKO,FC451816
10/06/2025,VH-009,"8,13","1,677","€ 13,63",Shell,FC946658
20/06/2025,VH-009,"7,95","1,907","€ 15,15",EKO,FC428298
02/11/2025,VH-009,"15,92","1,775","€ 28,26",eko,FC343241
17/02/2025,VH-009,"3,31","1,886","€ 6,24",BP,FC443560
17/03/2026,VH-009,"10,51","1,790","€ 18,81",Avin,FC742487
21/03/2026,VH-009,"10,40","1,923","€ 20,00",BP,FC645780
10/06/2025,VH-009,"7,69","1,725","€ 13,26",Shell,FC265225
02/07/2025,VH-009,"8,44","1,829","€ 15,44",EKO,FC838015
04/02/2026,VH-009,"9,04","1,863","€ 16,85",BP,FC389676
09/08/2025,VH-009,"13,15","1,832","€ 24,09",BP,FC169501
01/03/2026,VH-009,"11,05","1,740","€ 19,23",Avin,FC493799
10/05/2026,VH-009,"7,95","1,788","€ 14,21",shell,FC469589
27/09/2025,VH-009,"11,97","1,697","€ 20,32",Avin,FC692619
27/01/2025,VH-009,"11,26","1,602","€ 18,03",eko,FC272087
29/11/2025,VH-009,"7,93","1,670","€ 13,25",Avin,FC341496
19/12/2025,VH-009,"10,75","1,623","€ 17,44",BP,FC710017
23/09/2025,VH-009,"11,53","1,665","€ 19,19",EKO,FC693592
21/04/2026,VH-009,"12,05","1,932","€ 23,27",shell,FC561885
21/03/2026,VH-009,"17,74","1,634","€ 28,99",eko,FC320666
12/01/2025,VH-009,"8,64","1,691","€ 14,61",eko,FC693063
01/06/2026,VH-009,"8,12","1,907","€ 15,48",EKO,FC530562
06/02/2025,VH-009,"6,78","1,745","€ 11,83",Shell,FC271112
14/07/2026,VH-009,"2,92","1,729","€ 5,05",EKO,FC556609
18/09/2025,VH-009,"10,18","1,759","€ 17,91",eko,FC461909
16/03/2026,VH-009,"13,77","1,887","€ 25,99",eko,FC202735
24/04/2025,VH-009,"19,81","1,539","€ 30,48",BP,FC964919
14/05/2026,VH-009,"8,15","1,534","€ 12,51",Shell,FC506604
12/06/2026,VH-009,"11,78","1,612","€ 18,99",Avin,FC429786
29/04/2025,VH-009,"10,09","1,526","€ 15,40",shell,FC693454
02/10/2025,VH-009,"8,49","1,531","€ 13,00",Shell,FC147563
10/06/2026,VH-009,"9,71","1,605","€ 15,59",Shell,FC336453
13/06/2025,VH-009,"16,61","1,628","€ 27,04",Shell,FC240072
06/02/2025,VH-009,"13,17","1,838","€ 24,21",Shell,FC407982
24/07/2025,VH-009,"9,65","1,938","€ 18,69",BP,FC562899
10/06/2025,VH-009,"6,51","1,686","€ 10,98",eko,FC608465
02/12/2025,VH-009,"11,14","1,687","€ 18,80",BP,FC101929
16/11/2025,VH-009,"12,32","1,903","€ 23,45",shell,FC477783
28/10/2025,VH-009,"8,56","1,840","€ 15,76",Shell,FC764682
06/05/2026,VH-009,"8,03","1,555","€ 12,49",shell,FC652766
06/04/2025,VH-009,"9,40","1,857","€ 17,46",Shell,FC961559
21/02/2025,VH-009,,"1,724","€ 21,29",eko,FC164917
13/04/2025,VH-009,"12,46","1,777","€ 22,14",Avin,FC677845
03/09/2025,VH-009,"10,19","1,888","€ 19,24",BP,FC531964
01/07/2025,VH-009,"9,64","1,780","€ 17,16",EKO,FC483743
15/11/2025,VH-009,"6,91","1,690","€ 11,67",Shell,FC414473
11/02/2025,VH-009,"11,56","1,667","€ 19,26",shell,FC449147
16/02/2025,VH-009,"8,58","1,558","€ 13,37",shell,FC558684
23/12/2025,VH-009,"9,71","1,829","€ 17,76",EKO,FC723981
26/01/2026,VH-009,"7,40","1,867","€ 13,82",shell,FC304010
30/01/2025,VH-009,"11,09","1,672","€ 18,54",shell,FC867686
08/07/2026,VH-009,"3,98","1,846","€ 7,34",EKO,FC866339
18/09/2025,VH-009,"14,42","1,529","€ 22,04",Shell,FC593164
19/07/2025,VH-009,"8,94","1,724","€ 15,40",BP,FC299303
10/02/2026,VH-009,"11,20","1,913","€ 21,43",BP,FC178859
19/09/2025,VH-009,"14,38","1,875","€ 26,97",Avin,FC559846
25/02/2025,VH-009,"13,11","1,915","€ 25,11",eko,FC735893
09/07/2026,VH-009,"13,67","1,685","€ 23,03",EKO,FC815160
07/10/2025,VH-009,"8,85","1,890","€ 16,73",BP,FC993275
03/06/2025,VH-009,"7,50","1,880","€ 14,11",BP,FC739113
12/11/2025,VH-009,"15,23","1,704","€ 25,96",shell,FC446214
11/10/2025,VH-009,"18,24","1,578","€ 28,79",shell,FC881754
10/04/2025,VH-009,"7,28","1,825","€ 13,29",EKO,FC724971
10/09/2025,VH-009,"11,11","1,928","€ 21,42",shell,FC993988
16/02/2025,VH-010,"29,39","0,455","€ 13,37",Shell,FC939230
10/09/2025,VH-010,"26,72","0,462","€ 12,34",shell,FC659364
24/02/2026,VH-010,"20,45","0,455","€ 9,30",Shell,FC192388
15/04/2026,VH-010,"27,04","0,504","€ 13,63",Avin,FC728754
22/07/2025,VH-010,"27,84","0,426","€ 11,86",BP,FC567102
18/05/2026,VH-010,"27,59","0,380","€ 10,49",eko,FC757968
29/06/2026,VH-010,"48,49","0,325","€ 15,76",EKO,FC655775
02/12/2025,VH-010,"36,89","0,367","€ 13,54",EKO,FC184214
02/02/2026,VH-010,"33,94","0,457","€ 15,51",BP,FC386278
10/12/2025,VH-010,"18,26","0,516","€ 9,42",eko,FC989119
13/03/2025,VH-010,"40,90","0,297","€ 12,15",Shell,FC381325
10/12/2025,VH-010,"27,89","0,352","€ 9,82",EKO,FC200775
28/09/2025,VH-010,"18,89","0,488","€ 9,22",Shell,FC762247
31/01/2026,VH-010,"36,25","0,318","€ 11,53",Shell,FC228445
01/04/2025,VH-010,"34,80","0,305","€ 10,61",shell,FC932649
09/04/2026,VH-010,"51,21","0,376","€ 19,25",Shell,FC253628
20/03/2025,VH-010,"22,86","0,518","€ 11,84",EKO,FC678554
17/03/2026,VH-010,"27,15","0,311","€ 8,44",Shell,FC824857
04/02/2026,VH-010,"31,94","0,417","€ 13,32",BP,FC659246
10/03/2025,VH-010,"18,41","0,427","€ 7,86",eko,FC381258
11/02/2025,VH-010,"24,80","0,513","€ 12,72",Avin,FC929580
25/02/2025,VH-010,"30,54","0,435","€ 13,28",EKO,FC591299
24/07/2025,VH-010,"52,76","0,293","€ 15,46",Avin,FC656694
06/09/2025,VH-010,"20,25","0,471","€ 9,54",BP,FC666790
01/11/2025,VH-010,"18,11","0,392","€ 7,10",eko,FC317020
25/05/2025,VH-010,"22,14","0,442","€ 9,78",shell,FC259795
31/10/2025,VH-010,"26,25","0,496","€ 13,02",BP,FC895178
24/06/2025,VH-010,"28,83","0,487","€ 14,04",EKO,FC521861
10/03/2026,VH-010,"59,41","0,330","€ 19,61",BP,FC545949
11/10/2025,VH-010,"40,30","0,300","€ 12,09",EKO,FC877349
19/08/2025,VH-010,"22,14","0,444","€ 9,83",BP,FC500967
16/08/2025,VH-010,"23,81","0,322","€ 7,67",eko,FC614823
28/04/2025,VH-010,"27,98","0,466","€ 13,04",Shell,FC307372
24/03/2025,VH-010,"15,66","0,427","€ 6,69",eko,FC135091
19/02/2025,VH-010,"43,76","0,363","€ 15,88",BP,FC472912
28/01/2025,VH-010,"31,51","0,481","€ 15,16",BP,FC290816
22/07/2025,VH-010,"45,08","0,351","€ 15,82",Shell,FC919611
24/08/2025,VH-010,"31,64","0,383","€ 12,12",Shell,FC430797
07/02/2026,VH-010,"24,71","0,412","€ 10,18",eko,FC273493
22/01/2026,VH-010,"46,56","0,326","€ 15,18",EKO,FC131847
16/07/2025,VH-010,"23,10","0,497","€ 11,48",shell,FC127737
23/03/2026,VH-010,"22,77","0,359","€ 8,17",eko,FC251517
02/10/2025,VH-010,"17,86","0,423","€ 7,55",BP,FC317984
09/03/2026,VH-010,"26,68","0,468","€ 12,49",Shell,FC480983
27/10/2025,VH-010,"21,50","0,463","€ 9,95",eko,FC985710
06/04/2025,VH-010,"43,46","0,313","€ 13,60",shell,FC876404
30/06/2025,VH-010,"26,01","0,419","€ 10,90",eko,FC416497
24/01/2025,VH-010,"34,80","0,424","€ 14,76",shell,FC260524
11/06/2025,VH-010,"49,15","0,347","€ 17,05",shell,FC757276
07/02/2026,VH-010,"30,11","0,375","€ 11,29",Avin,FC980809
06/03/2026,VH-010,"27,13","0,467","€ 12,67",BP,FC944343
24/11/2025,VH-010,"26,98","0,475","€ 12,82",EKO,FC725472
24/03/2026,VH-010,"28,93","0,493","€ 14,26",shell,FC150883
03/10/2025,VH-010,"22,76","0,414","€ 9,42",EKO,FC646616
13/04/2026,VH-010,"28,40","0,396","€ 11,24",eko,FC926018
21/06/2025,VH-010,"51,56","0,298","€ 15,36",eko,FC348815
29/06/2026,VH-010,"22,87","0,397","€ 9,08",Avin,FC633135
09/10/2025,VH-010,"14,06","0,448","€ 6,30",Avin,FC829913
29/05/2026,VH-010,"32,12","0,365","€ 11,72",shell,FC856599
09/01/2025,VH-010,"51,50","0,325","€ 16,74",eko,FC137028
11/06/2025,VH-010,"19,40","0,421","€ 8,17",Shell,FC276693
27/02/2025,VH-010,"48,36","0,336","€ 16,25",shell,FC132618
02/05/2026,VH-010,"32,15","0,426","€ 13,70",BP,FC428522
30/09/2025,VH-010,"38,96","0,321","€ 12,51",eko,FC719716
25/06/2026,VH-010,"25,64","0,477","€ 12,23",Shell,FC952862
24/06/2025,VH-010,"25,54","0,350","€ 8,94",eko,FC762640
06/02/2026,VH-010,"30,79","0,481","€ 14,81",Avin,FC239399
25/01/2025,VH-010,"38,74","0,317","€ 12,28",Avin,FC623597
16/03/2025,VH-010,"49,55","0,349","€ 17,29",BP,FC732321
07/03/2026,VH-010,"43,05","0,320","€ 13,77",Shell,FC982444
11/03/2025,VH-010,"29,33","0,498","€ 14,61",EKO,FC497836
03/06/2026,VH-010,"36,86","0,368","€ 13,56",Avin,FC785383
28/01/2025,VH-010,"25,32","0,459","€ 11,62",Shell,FC675160
17/01/2026,VH-010,"25,82","0,444","€ 11,46",shell,FC551582
01/06/2025,VH-010,"49,43","0,358","€ 17,70",shell,FC594225
05/07/2025,VH-010,"22,79","0,465","€ 10,60",eko,FC584231
03/04/2025,VH-010,"47,33","0,294","€ 13,92",shell,FC139714
19/07/2025,VH-010,"29,75","0,336","€ 10,00",Avin,FC756497
07/03/2026,VH-010,"32,68","0,436","€ 14,25",Shell,FC181091
03/12/2025,VH-010,"40,43","0,447","€ 18,07",eko,FC113295
01/05/2026,VH-010,"31,14","0,485","€ 15,10",shell,FC684301
07/06/2025,VH-010,"39,32","0,364","€ 14,31",BP,FC928684
19/06/2025,VH-010,"46,51","0,286","€ 13,30",Shell,FC814273
28/08/2025,VH-010,"47,67","0,351","€ 16,73",Avin,FC523526
07/02/2025,VH-010,"32,00","0,483","€ 15,46",EKO,FC700852
16/01/2026,VH-010,"36,03","0,371","€ 13,37",Avin,FC797162
18/03/2025,VH-010,"42,72","0,363","€ 15,51",eko,FC571856
06/04/2025,VH-010,"44,99","0,327","€ 14,71",BP,FC657408
31/01/2025,VH-010,"42,76","0,305","€ 13,04",shell,FC139330
22/01/2026,VH-010,"30,61","0,400","€ 12,24",BP,FC793681
05/02/2026,VH-010,"36,00","0,286","€ 10,29",Avin,FC203457
04/06/2026,VH-010,"19,87","0,496","€ 9,86",Avin,FC325037
10/05/2025,VH-010,"31,94","0,488","€ 15,59",EKO,FC279592
27/08/2025,VH-010,"27,36","0,460","€ 12,58",BP,FC797005
20/11/2025,VH-010,"31,02","0,380","€ 11,79",Shell,FC556293
13/11/2025,VH-010,"33,46","0,323","€ 10,81",EKO,FC323988
07/11/2025,VH-010,"24,72","0,378","€ 9,34",shell,FC134236
19/11/2025,VH-010,"46,31","0,369","€ 17,09",eko,FC197170
05/02/2025,VH-010,"30,92","0,516","€ 15,96",eko,FC750877
24/05/2025,VH-010,"38,80","0,398","€ 15,44",Avin,FC388446
19/12/2025,VH-010,"23,37","0,443","€ 10,35",Shell,FC186758
15/12/2025,VH-010,"43,47","0,413","€ 17,95",shell,FC725461
26/02/2026,VH-010,"21,47","0,517","€ 11,10",BP,FC306655
30/01/2025,VH-010,"36,96","0,311","€ 11,49",Avin,FC678795
29/10/2025,VH-010,"18,30","0,400","€ 7,32",Shell,FC711467
14/09/2025,VH-010,"38,25","0,330","€ 12,62",Avin,FC501750
25/11/2025,VH-010,"24,03","0,389","€ 9,35",Shell,FC648501
27/06/2025,VH-010,"21,90","0,514","€ 11,25",shell,FC266119
02/04/2025,VH-010,"32,02","0,393","€ 12,58",shell,FC600493
31/05/2026,VH-010,"18,36","0,517","€ 9,49",BP,FC146502
10/05/2025,VH-010,"23,55","0,373","€ 8,79",eko,FC616302
15/09/2025,VH-010,"17,94","0,436","€ 7,82",Shell,FC665309
14/01/2026,VH-010,"28,93","0,484","€ 14,00",EKO,FC796389
29/09/2025,VH-010,"36,17","0,448","€ 16,20",EKO,FC143194
26/04/2026,VH-010,"34,66","0,389","€ 13,48",shell,FC942336
02/02/2025,VH-010,"44,65","0,316","€ 14,11",shell,FC654499
02/06/2025,VH-010,"32,76","0,457","€ 14,97",EKO,FC826838
25/03/2025,VH-010,"23,35","0,407","€ 9,50",EKO,FC866126
16/04/2025,VH-010,"20,65","0,499","€ 10,30",Shell,FC480637
07/04/2026,VH-010,"21,19","0,451","€ 9,56",Shell,FC655416
08/07/2025,VH-010,"21,57","0,462","€ 9,97",BP,FC693954
31/07/2025,VH-010,,"0,467","€ 15,24",eko,FC634983
06/04/2025,VH-010,"26,34","0,502","€ 13,22",eko,FC422668
24/07/2025,VH-010,"20,68","0,438","€ 9,06",eko,FC882952
28/10/2025,VH-010,"26,47","0,416","€ 11,01",shell,FC971259
03/12/2025,VH-010,"27,33","0,385","€ 10,52",Avin,FC427097
20/12/2025,VH-010,"30,38","0,373","€ 11,33",shell,FC272055
23/02/2026,VH-010,"19,08","0,304","€ 5,80",BP,FC899522
30/03/2026,VH-010,"21,03","0,407","€ 8,56",BP,FC531287
10/08/2025,VH-010,"19,96","0,479","€ 9,56",Avin,FC524401
20/02/2025,VH-010,"38,71","0,433","€ 16,76",EKO,FC385445
04/02/2025,VH-010,"29,26","0,512","€ 14,98",shell,FC100115
18/10/2025,VH-010,"29,00","0,381","€ 11,05",eko,FC373943
21/03/2025,VH-010,"40,65","0,285","€ 11,59",EKO,FC192003
12/12/2025,VH-010,"29,58","0,446","€ 13,19",shell,FC159037
02/01/2026,VH-010,"50,10","0,387","€ 19,39",eko,FC228640
06/01/2026,VH-010,"31,30","0,417","€ 13,05",BP,FC688341
11/09/2025,VH-010,,"0,357","€ 8,48",BP,FC811759
21/07/2025,VH-010,"46,27","0,378","€ 17,49",BP,FC255096
15/01/2025,VH-010,"26,04","0,409","€ 10,65",EKO,FC893036
26/02/2025,VH-010,"40,03","0,318","€ 12,73",BP,FC299530
05/04/2025,VH-010,"15,51","0,500","€ 7,75",BP,FC452778
26/02/2025,VH-010,"27,15","0,307","€ 8,34",shell,FC640122
27/01/2026,VH-010,"27,05","0,376","€ 10,17",Shell,FC973535
27/06/2025,VH-010,"30,49","0,312","€ 9,51",Avin,FC555323
24/03/2025,VH-010,"29,13","0,374","€ 10,89",shell,FC742005
30/04/2025,VH-010,"30,85","0,483","€ 14,90",EKO,FC480753
13/10/2025,VH-010,"33,13","0,482","€ 15,97",eko,FC573720
22/05/2025,VH-010,"45,74","0,406","€ 18,57",EKO,FC938824
21/10/2025,VH-010,"25,74","0,490","€ 12,61",Shell,FC753847
11/03/2025,VH-010,"43,03","0,286","€ 12,31",eko,FC638323
10/08/2025,VH-010,"36,52","0,449","€ 16,40",BP,FC437405
08/08/2025,VH-010,"44,44","0,329","€ 14,62",Shell,FC162491
20/01/2026,VH-010,"20,60","0,338","€ 6,96",shell,FC515387
09/03/2025,VH-010,"25,28","0,427","€ 10,79",EKO,FC888006
04/05/2025,VH-010,"29,61","0,334","€ 9,89",shell,FC683188
07/06/2026,VH-010,"39,03","0,367","€ 14,32",Shell,FC509909
05/12/2025,VH-010,"26,53","0,372","€ 9,87",shell,FC433738
28/10/2025,VH-010,"39,34","0,359","€ 14,12",eko,FC257342
29/06/2025,VH-010,"32,33","0,495","€ 16,00",Avin,FC840612
18/05/2025,VH-011,"25,02","0,436","€ 10,91",shell,FC119210
03/07/2025,VH-011,"28,50","0,451","€ 12,85",BP,FC181380
23/01/2025,VH-011,"33,45","0,498","€ 16,66",Shell,FC118747
08/05/2025,VH-011,"10,87","0,493","€ 5,36",Avin,FC752819
14/02/2025,VH-011,"52,51","0,323","€ 16,96",eko,FC380582
29/05/2026,VH-011,"32,34","0,310","€ 10,02",EKO,FC209384
14/02/2026,VH-011,"44,38","0,436","€ 19,35",shell,FC727701
04/05/2025,VH-011,"29,06","0,437","€ 12,70",EKO,FC695116
18/08/2025,VH-011,"22,97","0,497","€ 11,41",shell,FC607751
23/04/2025,VH-011,"29,30","0,511","€ 14,97",BP,FC873804
09/06/2026,VH-011,"34,10","0,288","€ 9,82",BP,FC487526
17/06/2026,VH-011,"25,81","0,378","€ 9,76",Shell,FC383177
08/05/2026,VH-011,"27,55","0,411","€ 11,32",Avin,FC254540
02/07/2025,VH-011,"29,38","0,309","€ 9,08",shell,FC233995
21/08/2025,VH-011,"16,54","0,480","€ 7,94",eko,FC771099
06/02/2025,VH-011,"31,97","0,470","€ 15,03",eko,FC774151
05/04/2026,VH-011,"36,07","0,510","€ 18,40",EKO,FC482433
10/05/2025,VH-011,"24,73","0,356","€ 8,80",Avin,FC631660
05/04/2025,VH-011,"17,90","0,335","€ 6,00",BP,FC548492
21/03/2026,VH-011,"35,75","0,444","€ 15,88",shell,FC552897
16/06/2026,VH-011,"27,03","0,350","€ 9,46",eko,FC433279
17/03/2025,VH-011,"20,80","0,493","€ 10,26",BP,FC782034
19/03/2026,VH-011,"28,92","0,285","€ 8,24",Avin,FC905697
17/02/2026,VH-011,"38,53","0,433","€ 16,68",BP,FC723027
18/03/2025,VH-011,"24,05","0,476","€ 11,45",Shell,FC355610
25/08/2025,VH-011,"31,52","0,297","€ 9,36",Shell,FC307854
13/04/2025,VH-011,"56,00","0,324","€ 18,14",Shell,FC340769
04/09/2025,VH-011,"54,01","0,340","€ 18,36",Avin,FC436273
23/12/2025,VH-011,"25,00","0,510","€ 12,75",eko,FC138207
26/10/2025,VH-011,"44,85","0,307","€ 13,77",Shell,FC903962
12/05/2025,VH-011,"36,26","0,438","€ 15,88",EKO,FC821833
12/04/2025,VH-011,"36,35","0,368","€ 13,38",BP,FC556683
13/03/2026,VH-011,"35,93","0,398","€ 14,30",shell,FC627943
06/07/2025,VH-011,"25,25","0,377","€ 9,52",EKO,FC831325
25/05/2026,VH-011,,"0,392","€ 9,55",shell,FC640500
09/02/2026,VH-011,,"0,457","€ 12,47",BP,FC739633
30/12/2025,VH-011,"42,36","0,291","€ 12,33",eko,FC132309
13/10/2025,VH-011,"24,57","0,433","€ 10,64",Avin,FC665638
28/05/2025,VH-011,"39,58","0,397","€ 15,71",shell,FC864294
23/11/2025,VH-011,"34,92","0,312","€ 10,90",BP,FC743665
16/11/2025,VH-011,"20,58","0,497","€ 10,23",Avin,FC665694
23/05/2026,VH-011,"34,29","0,455","€ 15,60",shell,FC641139
13/01/2026,VH-011,"30,40","0,401","€ 12,19",shell,FC371338
05/07/2026,VH-011,"27,26","0,351","€ 9,57",Shell,FC163295
31/10/2025,VH-011,"38,87","0,430","€ 16,71",EKO,FC602510
30/03/2025,VH-011,"31,18","0,436","€ 13,59",BP,FC592998
10/10/2025,VH-011,"24,54","0,452","€ 11,09",BP,FC948639
15/06/2026,VH-011,"44,74","0,302","€ 13,51",BP,FC639376
13/07/2026,VH-011,"34,66","0,412","€ 14,28",shell,FC924891
09/01/2026,VH-011,"46,75","0,328","€ 15,33",EKO,FC621121
30/04/2025,VH-011,"30,41","0,484","€ 14,72",eko,FC636674
14/03/2025,VH-011,"29,09","0,506","€ 14,72",eko,FC760063
11/02/2026,VH-011,"51,63","0,291","€ 15,02",BP,FC664964
11/04/2026,VH-011,"31,73","0,393","€ 12,47",Shell,FC463557
23/02/2025,VH-011,"29,03","0,426","€ 12,37",Avin,FC534759
27/09/2025,VH-011,"35,93","0,358","€ 12,86",EKO,FC792203
12/07/2026,VH-011,"38,73","0,376","€ 14,56",eko,FC164010
31/01/2025,VH-011,"24,96","0,306","€ 7,64",EKO,FC631833
22/06/2026,VH-011,"47,17","0,287","€ 13,54",BP,FC881107
28/10/2025,VH-011,"38,41","0,422","€ 16,21",EKO,FC916516
07/06/2026,VH-011,"39,02","0,486","€ 18,96",shell,FC757904
02/06/2026,VH-011,"32,24","0,491","€ 15,83",BP,FC325209
12/05/2025,VH-011,"24,84","0,517","€ 12,84",shell,FC884732
24/06/2026,VH-011,"30,46","0,322","€ 9,81",EKO,FC827930
30/01/2025,VH-011,"22,49","0,375","€ 8,43",Shell,FC213769
09/05/2025,VH-011,"24,13","0,484","€ 11,68",EKO,FC883475
20/05/2026,VH-011,"21,37","0,454","€ 9,70",Shell,FC272096
23/03/2026,VH-011,"42,02","0,323","€ 13,57",shell,FC178099
27/05/2026,VH-011,"16,62","0,474","€ 7,88",eko,FC221570
01/11/2025,VH-011,"25,62","0,436","€ 11,17",BP,FC156950
06/01/2026,VH-011,"33,47","0,494","€ 16,54",Avin,FC459345
15/05/2025,VH-011,"34,73","0,433","€ 15,04",shell,FC266718
12/05/2026,VH-011,"32,33","0,494","€ 15,97",BP,FC244799
25/05/2026,VH-011,"25,04","0,491","€ 12,29",BP,FC146746
19/10/2025,VH-011,,"0,318","€ 16,69",shell,FC364619
17/04/2025,VH-011,"25,15","0,325","€ 8,17",shell,FC416597
10/06/2025,VH-011,"14,17","0,518","€ 7,34",BP,FC468161
27/02/2026,VH-011,"36,55","0,454","€ 16,59",BP,FC326529
21/05/2026,VH-011,"35,59","0,401","€ 14,27",BP,FC158805
05/04/2025,VH-011,"30,97","0,378","€ 11,71",Shell,FC453525
09/07/2026,VH-011,"43,58","0,351","€ 15,30",EKO,FC187814
31/01/2025,VH-011,"32,24","0,384","€ 12,38",EKO,FC168521
18/04/2025,VH-011,"26,86","0,309","€ 8,30",EKO,FC832002
20/03/2026,VH-011,"24,22","0,483","€ 11,70",eko,FC119833
06/03/2026,VH-011,"31,65","0,395","€ 12,50",eko,FC837965
01/04/2026,VH-011,"48,25","0,313","€ 15,10",EKO,FC524709
04/09/2025,VH-011,"24,97","0,485","€ 12,11",Avin,FC868537
07/07/2025,VH-011,"29,38","0,475","€ 13,96",Shell,FC535149
26/04/2025,VH-011,,"0,514","€ 13,33",EKO,FC559156
16/02/2026,VH-011,"40,46","0,361","€ 14,61",eko,FC119576
21/08/2025,VH-011,"35,24","0,360","€ 12,69",BP,FC163235
25/12/2025,VH-011,"30,20","0,480","€ 14,50",BP,FC790460
12/04/2026,VH-011,"34,39","0,466","€ 16,03",EKO,FC139878
06/10/2025,VH-011,"37,05","0,479","€ 17,75",Avin,FC650521
23/11/2025,VH-011,"32,91","0,451","€ 14,84",eko,FC801815
15/09/2025,VH-011,"57,65","0,355","€ 20,47",Avin,FC879862
22/02/2026,VH-011,"30,83","0,289","€ 8,91",Avin,FC967453
19/05/2025,VH-011,"31,15","0,467","€ 14,55",EKO,FC372916
14/05/2026,VH-011,"25,23","0,443","€ 11,18",EKO,FC463074
22/06/2025,VH-011,"25,99","0,478","€ 12,42",EKO,FC289265
16/02/2026,VH-011,"9,58","0,449","€ 4,30",EKO,FC870286
26/06/2025,VH-011,"31,97","0,442","€ 14,13",Avin,FC269232
14/11/2025,VH-011,"26,78","0,518","€ 13,87",eko,FC728778
13/07/2026,VH-011,"30,48","0,503","€ 15,33",shell,FC728730
20/05/2025,VH-011,"41,38","0,346","€ 14,32",eko,FC986094
04/01/2026,VH-011,"33,16","0,476","€ 15,79",eko,FC161142
19/03/2025,VH-011,"17,77","0,503","€ 8,94",Shell,FC480302
23/02/2025,VH-011,"30,49","0,377","€ 11,50",Avin,FC384629
07/04/2025,VH-011,"28,05","0,451","€ 12,65",Shell,FC901512
28/09/2025,VH-011,"32,98","0,335","€ 11,05",EKO,FC254785
12/01/2026,VH-011,"28,35","0,396","€ 11,23",eko,FC181644
24/03/2026,VH-011,"43,81","0,291","€ 12,75",BP,FC672173
18/04/2025,VH-011,"38,73","0,431","€ 16,69",shell,FC769196
23/12/2025,VH-011,"26,68","0,298","€ 7,95",Shell,FC729212
02/03/2025,VH-011,"38,79","0,319","€ 12,37",EKO,FC101211
17/08/2025,VH-011,"24,69","0,460","€ 11,36",Avin,FC858562
06/06/2026,VH-011,"29,08","0,447","€ 13,00",EKO,FC591864
18/11/2025,VH-011,"39,19","0,447","€ 17,52",EKO,FC361530
11/03/2026,VH-011,"31,94","0,465","€ 14,85",Shell,FC373824
14/05/2026,VH-011,"24,43","0,414","€ 10,12",Avin,FC732243
06/09/2025,VH-011,"26,93","0,409","€ 11,01",BP,FC731191
07/05/2025,VH-011,"42,59","0,395","€ 16,82",BP,FC244415
20/09/2025,VH-011,"19,43","0,505","€ 9,81",BP,FC986694
31/05/2025,VH-011,"34,75","0,318","€ 11,05",eko,FC326745
18/09/2025,VH-011,"31,98","0,283","€ 9,05",Shell,FC566913
16/05/2025,VH-011,"49,92","0,344","€ 17,17",Avin,FC600327
03/05/2025,VH-011,"33,58","0,316","€ 10,61",EKO,FC392293
14/06/2025,VH-011,"30,25","0,407","€ 12,31",Avin,FC865823
18/05/2025,VH-011,"31,01","0,444","€ 13,77",eko,FC859846
01/06/2025,VH-011,"38,88","0,311","€ 12,09",Avin,FC484331
07/11/2025,VH-011,"34,46","0,422","€ 14,54",EKO,FC801044
17/10/2025,VH-011,"20,45","0,515","€ 10,53",eko,FC148303
31/05/2025,VH-011,"18,47","0,475","€ 8,77",Avin,FC963019
09/01/2026,VH-011,"23,20","0,388","€ 9,00",Shell,FC804090
14/03/2025,VH-011,"16,37","0,442","€ 7,24",BP,FC241678
10/02/2026,VH-011,"55,60","0,353","€ 19,63",shell,FC191200
22/03/2026,VH-011,"31,43","0,448","€ 14,08",shell,FC931138
26/05/2026,VH-011,"35,24","0,455","€ 16,03",Avin,FC731385
05/07/2025,VH-011,"40,17","0,347","€ 13,94",BP,FC159978
11/09/2025,VH-011,"29,80","0,350","€ 10,43",eko,FC556850
28/12/2025,VH-011,"27,29","0,466","€ 12,72",shell,FC429101
16/12/2025,VH-011,"33,42","0,432","€ 14,44",EKO,FC856401
09/01/2026,VH-011,"13,77","0,502","€ 6,91",shell,FC261624
15/10/2025,VH-011,"13,50","0,492","€ 6,64",Avin,FC714734
07/02/2025,VH-011,"31,56","0,458","€ 14,46",EKO,FC439456
12/09/2025,VH-011,"20,34","0,371","€ 7,55",Shell,FC296492
07/06/2026,VH-011,"42,84","0,443","€ 18,98",Avin,FC265360
16/12/2025,VH-011,"19,02","0,504","€ 9,59",eko,FC303742
06/04/2026,VH-011,"42,31","0,284","€ 12,02",Shell,FC491830
16/03/2026,VH-011,"33,42","0,360","€ 12,03",EKO,FC245559
17/08/2025,VH-011,"54,31","0,296","€ 16,08",shell,FC891435
24/05/2025,VH-011,"20,49","0,513","€ 10,51",shell,FC127769
22/01/2026,VH-011,"37,35","0,403","€ 15,05",EKO,FC877901
02/05/2025,VH-011,"59,30","0,328","€ 19,45",Avin,FC158953
28/04/2026,VH-011,"55,92","0,307","€ 17,17",BP,FC280766
24/04/2026,VH-011,"40,92","0,376","€ 15,39",Shell,FC727919
23/01/2025,VH-011,"32,18","0,398","€ 12,81",shell,FC487653
07/03/2025,VH-011,"17,86","0,456","€ 8,15",EKO,FC669328
11/03/2025,VH-011,"19,11","0,461","€ 8,81",BP,FC589280
07/04/2025,VH-011,"34,32","0,296","€ 10,16",eko,FC581188
24/11/2025,VH-012,"16,08","1,581","€ 25,42",EKO,FC160131
16/06/2025,VH-012,"10,15","1,913","€ 19,42",Avin,FC756706
28/03/2025,VH-012,"11,02","1,688","€ 18,60",Shell,FC547336
05/10/2025,VH-012,"11,90","1,840","€ 21,90",Shell,FC691835
15/12/2025,VH-012,"10,81","1,862","€ 20,13",shell,FC804798
17/02/2026,VH-012,"9,09","1,789","€ 16,26",EKO,FC256253
21/08/2025,VH-012,"9,72","1,869","€ 18,16",EKO,FC123729
15/04/2026,VH-012,"8,80","1,751","€ 15,40",eko,FC323508
08/04/2025,VH-012,"10,71","1,932","€ 20,68",EKO,FC110874
10/07/2026,VH-012,"13,31","1,689","€ 22,48",shell,FC117260
03/07/2026,VH-012,"12,68","1,832","€ 23,23",Shell,FC688216
22/09/2025,VH-012,"11,16","1,855","€ 20,70",Avin,FC505203
10/01/2025,VH-012,"8,53","1,770","€ 15,09",shell,FC104552
30/09/2025,VH-012,"7,15","1,523","€ 10,88",EKO,FC432464
03/10/2025,VH-012,"10,52","1,697","€ 17,85",BP,FC136603
10/07/2026,VH-012,"8,15","1,768","€ 14,41",shell,FC912706
12/01/2026,VH-012,"8,54","1,800","€ 15,37",BP,FC898490
05/01/2025,VH-012,"13,88","1,566","€ 21,74",EKO,FC650781
16/04/2025,VH-012,"13,88","1,595","€ 22,13",shell,FC663313
24/10/2025,VH-012,"8,78","1,716","€ 15,06",Shell,FC969310
27/11/2025,VH-012,"14,14","1,740","€ 24,60",BP,FC477484
14/04/2026,VH-012,"11,05","1,763","€ 19,48",shell,FC812646
30/11/2025,VH-012,"10,30","1,523","€ 15,69",eko,FC906578
22/04/2025,VH-012,"12,25","1,565","€ 19,17",Shell,FC182857
08/06/2025,VH-012,"11,04","1,610","€ 17,77",eko,FC321899
14/04/2025,VH-012,"10,76","1,719","€ 18,49",Avin,FC481215
27/02/2025,VH-012,"11,13","1,713","€ 19,06",eko,FC943619
27/10/2025,VH-012,"17,35","1,642","€ 28,49",EKO,FC169067
18/03/2025,VH-012,"11,72","1,617","€ 18,96",EKO,FC520311
19/09/2025,VH-012,"7,94","1,901","€ 15,10",Avin,FC232455
01/11/2025,VH-012,"10,07","1,769","€ 17,82",shell,FC137249
12/05/2025,VH-012,"12,27","1,589","€ 19,50",shell,FC199260
22/11/2025,VH-012,"13,87","1,702","€ 23,61",BP,FC398022
27/03/2026,VH-012,"13,24","1,934","€ 25,60",EKO,FC812389
11/01/2025,VH-012,"7,52","1,823","€ 13,71",EKO,FC449596
15/05/2026,VH-012,"6,54","1,880","€ 12,29",BP,FC227106
19/03/2026,VH-012,"14,86","1,614","€ 23,98",Shell,FC178634
11/01/2026,VH-012,"14,39","1,812","€ 26,08",eko,FC445494
01/07/2025,VH-012,"5,68","1,838","€ 10,44",eko,FC136717
25/06/2025,VH-012,"13,29","1,543","€ 20,51",shell,FC991395
20/05/2026,VH-012,"7,09","1,840","€ 13,04",BP,FC340153
29/10/2025,VH-012,"10,50","1,911","€ 20,07",Avin,FC943243
22/04/2025,VH-012,"6,47","1,706","€ 11,04",Avin,FC465957
20/01/2026,VH-012,"12,35","1,757","€ 21,70",eko,FC408380
07/03/2025,VH-012,"10,04","1,633","€ 16,39",EKO,FC242472
16/08/2025,VH-012,"6,75","1,847","€ 12,47",eko,FC750478
21/02/2026,VH-012,"9,50","1,662","€ 15,79",Avin,FC930032
15/06/2025,VH-012,"14,18","1,746","€ 24,75",shell,FC376699
28/07/2025,VH-012,"14,69","1,558","€ 22,89",BP,FC429011
28/03/2026,VH-012,"10,34","1,862","€ 19,25",EKO,FC931233
01/07/2026,VH-012,"13,38","1,537","€ 20,57",Avin,FC649862
03/01/2026,VH-012,"7,44","1,594","€ 11,85",BP,FC551804
03/05/2026,VH-012,"10,35","1,662","€ 17,20",eko,FC179787
21/08/2025,VH-012,"12,96","1,851","€ 24,00",eko,FC244233
14/05/2025,VH-012,"8,36","1,882","€ 15,74",BP,FC767110
25/07/2025,VH-012,"9,88","1,842","€ 18,19",BP,FC845873
16/11/2025,VH-012,"12,57","1,552","€ 19,51",EKO,FC324104
10/03/2025,VH-012,"15,44","1,663","€ 25,68",BP,FC915569
25/02/2025,VH-012,"8,97","1,786","€ 16,02",Avin,FC310887
10/07/2025,VH-012,"15,74","1,856","€ 29,21",EKO,FC428526
03/04/2026,VH-012,"14,20","1,709","€ 24,26",eko,FC741358
20/12/2025,VH-012,"9,25","1,940","€ 17,95",shell,FC806942
04/09/2025,VH-012,"7,20","1,880","€ 13,54",Avin,FC657568
25/06/2026,VH-012,"13,30","1,916","€ 25,48",EKO,FC194689
05/08/2025,VH-012,"13,29","1,664","€ 22,12",EKO,FC509021
20/01/2026,VH-012,"11,49","1,908","€ 21,92",eko,FC636555
19/04/2026,VH-012,"9,53","1,639","€ 15,61",Avin,FC793748
06/11/2025,VH-012,"17,69","1,725","€ 30,52",eko,FC865561
25/05/2025,VH-012,"8,50","1,767","€ 15,02",Avin,FC859351
07/08/2025,VH-012,"10,96","1,687","€ 18,49",eko,FC298316
12/07/2026,VH-012,"8,62","1,619","€ 13,96",EKO,FC292136
08/04/2025,VH-012,"9,04","1,936","€ 17,50",Avin,FC682672
05/09/2025,VH-012,"8,99","1,636","€ 14,72",eko,FC441842
03/10/2025,VH-012,"12,50","1,619","€ 20,23",EKO,FC645245
19/02/2026,VH-012,"11,17","1,808","€ 20,20",Shell,FC619751
07/10/2025,VH-012,"14,06","1,706","€ 23,99",EKO,FC351756
28/06/2026,VH-012,"12,14","1,772","€ 21,51",EKO,FC728047
05/04/2025,VH-012,"13,98","1,642","€ 22,96",shell,FC410700
26/07/2025,VH-012,"15,57","1,528","€ 23,78",shell,FC366090
05/10/2025,VH-012,"12,88","1,811","€ 23,32",Shell,FC446314
16/02/2026,VH-012,"9,80","1,766","€ 17,32",Shell,FC703860
10/05/2025,VH-012,"14,29","1,570","€ 22,44",BP,FC483754
03/05/2025,VH-012,"9,45","1,910","€ 18,06",Shell,FC901032
16/06/2026,VH-012,"11,07","1,864","€ 20,64",BP,FC538455
06/02/2026,VH-012,"8,69","1,652","€ 14,36",BP,FC126946
09/06/2025,VH-012,"11,16","1,559","€ 17,40",shell,FC983207
25/02/2026,VH-012,"8,32","1,878","€ 15,62",eko,FC392210
25/01/2026,VH-012,"12,98","1,532","€ 19,88",shell,FC214457
02/06/2026,VH-012,"8,18","1,641","€ 13,42",shell,FC897903
28/11/2025,VH-012,"9,33","1,926","€ 17,98",BP,FC863214
15/09/2025,VH-012,"13,50","1,645","€ 22,20",BP,FC760205
25/04/2025,VH-012,"12,82","1,655","€ 21,21",BP,FC622668
22/07/2025,VH-012,"12,17","1,796","€ 21,86",EKO,FC744331
24/12/2025,VH-012,"8,77","1,935","€ 16,97",eko,FC718065
12/06/2026,VH-012,"14,78","1,771","€ 26,17",BP,FC507468
03/06/2026,VH-012,"10,45","1,726","€ 18,03",BP,FC694856
16/05/2025,VH-012,"12,22","1,613","€ 19,71",BP,FC205899
22/01/2026,VH-012,"11,56","1,616","€ 18,69",Shell,FC350934
19/04/2026,VH-012,"10,24","1,744","€ 17,86",shell,FC836490
28/07/2025,VH-012,"11,82","1,869","€ 22,09",eko,FC879293
13/09/2025,VH-012,"12,05","1,563","€ 18,84",EKO,FC278510
15/02/2025,VH-012,"8,62","1,718","€ 14,80",eko,FC908025
23/01/2026,VH-012,"12,59","1,712","€ 21,55",eko,FC988899
10/08/2025,VH-012,"8,23","1,564","€ 12,87",shell,FC601603
10/06/2026,VH-012,"11,09","1,862","€ 20,65",Avin,FC818571
02/05/2026,VH-012,"12,69","1,654","€ 20,98",EKO,FC895955
13/01/2026,VH-012,"14,85","1,797","€ 26,68",shell,FC777094
06/03/2026,VH-012,"7,28","1,588","€ 11,56",BP,FC825661
15/01/2025,VH-012,"16,14","1,562","€ 25,21",EKO,FC922808
29/05/2025,VH-012,"10,05","1,643","€ 16,52",Avin,FC205002
08/08/2025,VH-012,"11,22","1,598","€ 17,93",EKO,FC420490
08/10/2025,VH-012,"14,75","1,535","€ 22,64",EKO,FC708264
06/06/2026,VH-012,"8,86","1,901","€ 16,85",EKO,FC472952
02/01/2026,VH-012,"10,76","1,883","€ 20,27",EKO,FC710259
13/01/2025,VH-012,"15,57","1,699","€ 26,46",shell,FC594105
05/06/2026,VH-012,"12,09","1,736","€ 20,98",Avin,FC309729
18/04/2025,VH-012,"8,26","1,666","€ 13,75",BP,FC933886
03/04/2025,VH-012,"15,11","1,566","€ 23,67",Shell,FC562519
03/05/2025,VH-012,"9,32","1,704","€ 15,88",shell,FC464441
14/11/2025,VH-012,"8,27","1,909","€ 15,79",shell,FC198456
08/03/2026,VH-012,"13,64","1,831","€ 24,98",BP,FC424528
18/03/2025,VH-012,"14,24","1,869","€ 26,61",Shell,FC765568
08/03/2026,VH-012,"9,77","1,718","€ 16,79",EKO,FC217645
01/06/2026,VH-012,"12,58","1,830","€ 23,02",Shell,FC962837
16/04/2026,VH-012,"12,04","1,920","€ 23,12",eko,FC378351
20/03/2025,VH-012,"5,41","1,550","€ 8,38",BP,FC912608
01/09/2025,VH-012,"8,81","1,692","€ 14,91",EKO,FC217331
27/04/2025,VH-012,"9,49","1,618","€ 15,35",EKO,FC616340
10/10/2025,VH-012,"12,34","1,763","€ 21,75",EKO,FC277302
27/04/2026,VH-012,"12,20","1,859","€ 22,68",Shell,FC907273
10/07/2025,VH-012,"9,56","1,936","€ 18,51",eko,FC578750
07/07/2026,VH-012,"11,15","1,797","€ 20,04",Shell,FC297659
23/03/2025,VH-012,"10,56","1,575","€ 16,63",Shell,FC110484
24/03/2025,VH-012,"11,72","1,689","€ 19,80",Avin,FC265044
04/03/2026,VH-012,"14,25","1,685","€ 24,01",Avin,FC915151
28/04/2026,VH-012,"6,78","1,828","€ 12,40",shell,FC608818
30/06/2025,VH-012,"7,33","1,698","€ 12,44",Shell,FC893735
21/05/2026,VH-012,"10,19","1,689","€ 17,21",BP,FC675805
22/05/2025,VH-012,"8,36","1,646","€ 13,76",Shell,FC242290
04/11/2025,VH-012,"14,22","1,835","€ 26,10",Shell,FC681922
29/09/2025,VH-012,"10,58","1,613","€ 17,06",BP,FC276344
19/06/2025,VH-012,"9,79","1,872","€ 18,32",Avin,FC916601
26/06/2025,VH-012,"11,08","1,658","€ 18,38",BP,FC978197
03/06/2025,VH-012,"8,56","1,714","€ 14,67",Avin,FC892694
26/02/2026,VH-012,"9,66","1,642","€ 15,86",BP,FC603542
10/12/2025,VH-012,"11,94","1,795","€ 21,44",BP,FC221253
07/02/2026,VH-012,"7,79","1,600","€ 12,46",eko,FC583102
29/06/2026,VH-012,"4,96","1,674","€ 8,30",shell,FC535481
01/12/2025,VH-012,"15,19","1,796","€ 27,27",eko,FC592542
13/01/2026,VH-012,"9,89","1,596","€ 15,78",eko,FC516270
29/12/2025,VH-012,"7,78","1,816","€ 14,13",Shell,FC919856
23/04/2025,VH-012,"12,57","1,703","€ 21,42",Avin,FC727279
07/07/2026,VH-012,"15,88","1,647","€ 26,15",eko,FC655970
16/02/2026,VH-013,"10,65","1,820","€ 19,38",shell,FC226461
27/12/2025,VH-013,"9,32","1,888","€ 17,60",Avin,FC449186
23/04/2026,VH-013,"10,65","1,611","€ 17,15",EKO,FC897595
16/05/2026,VH-013,"9,63","1,756","€ 16,91",EKO,FC377525
16/12/2025,VH-013,"10,86","1,863","€ 20,23",Avin,FC582370
18/01/2026,VH-013,"13,26","1,619","€ 21,46",EKO,FC711273
29/05/2025,VH-013,"11,65","1,539","€ 17,93",eko,FC522160
01/11/2025,VH-013,"13,73","1,758","€ 24,13",EKO,FC978198
16/11/2025,VH-013,"10,49","1,592","€ 16,70",BP,FC275851
15/01/2025,VH-013,"8,68","1,653","€ 14,35",eko,FC732310
16/07/2025,VH-013,"9,65","1,728","€ 16,68",shell,FC678124
24/08/2025,VH-013,"11,13","1,577","€ 17,56",EKO,FC218478
20/04/2025,VH-013,"11,45","1,916","€ 21,94",Avin,FC876070
07/02/2026,VH-013,"13,08","1,608","€ 21,04",Avin,FC281141
29/04/2026,VH-013,"5,14","1,616","€ 8,30",Avin,FC800113
04/08/2025,VH-013,"3,57","1,646","€ 5,87",eko,FC631696
15/09/2025,VH-013,"10,24","1,827","€ 18,72",Avin,FC537791
06/07/2026,VH-013,"11,02","1,559","€ 17,18",BP,FC384850
09/05/2025,VH-013,"9,12","1,931","€ 17,61",Shell,FC128746
23/06/2025,VH-013,"12,21","1,602","€ 19,56",eko,FC831135
12/11/2025,VH-013,"10,93","1,684","€ 18,41",EKO,FC566808
29/04/2025,VH-013,"14,66","1,632","€ 23,93",Avin,FC565686
15/04/2025,VH-013,"11,21","1,819","€ 20,39",BP,FC529859
27/09/2025,VH-013,"14,21","1,665","€ 23,66",EKO,FC861408
19/02/2026,VH-013,"10,42","1,583","€ 16,49",BP,FC647451
03/11/2025,VH-013,"9,23","1,668","€ 15,40",eko,FC703178
18/05/2025,VH-013,"14,60","1,586","€ 23,16",eko,FC229273
08/02/2026,VH-013,"8,72","1,808","€ 15,76",Shell,FC669071
06/05/2025,VH-013,"10,36","1,639","€ 16,98",Avin,FC879883
09/02/2026,VH-013,"14,06","1,541","€ 21,66",BP,FC140404
29/04/2025,VH-013,"17,75","1,854","€ 32,90",Avin,FC678780
21/11/2025,VH-013,"12,84","1,705","€ 21,89",shell,FC280061
11/02/2025,VH-013,"12,06","1,785","€ 21,52",eko,FC758510
18/01/2025,VH-013,"7,51","1,814","€ 13,62",shell,FC374785
06/01/2025,VH-013,"7,22","1,616","€ 11,67",shell,FC453997
01/03/2025,VH-013,"11,64","1,690","€ 19,67",EKO,FC196981
07/11/2025,VH-013,"10,79","1,634","€ 17,63",eko,FC463993
02/11/2025,VH-013,"10,36","1,763","€ 18,27",BP,FC980696
31/03/2026,VH-013,"8,78","1,867","€ 16,38",shell,FC670758
02/07/2026,VH-013,"9,45","1,842","€ 17,41",shell,FC849493
07/12/2025,VH-013,"13,38","1,795","€ 24,02",BP,FC688740
10/02/2026,VH-013,"6,16","1,924","€ 11,85",Shell,FC779227
12/04/2026,VH-013,"11,80","1,664","€ 19,63",EKO,FC730333
25/03/2026,VH-013,"13,58","1,527","€ 20,73",Avin,FC365630
18/06/2025,VH-013,"9,10","1,612","€ 14,66",Avin,FC373555
21/10/2025,VH-013,"12,31","1,669","€ 20,55",EKO,FC813675
07/07/2026,VH-013,"6,18","1,656","€ 10,23",shell,FC168914
11/08/2025,VH-013,"10,27","1,660","€ 17,05",Shell,FC902239
08/07/2026,VH-013,"10,72","1,550","€ 16,61",Avin,FC592439
11/07/2026,VH-013,"12,28","1,667","€ 20,47",shell,FC765995
09/04/2026,VH-013,"6,90","1,777","€ 12,26",eko,FC794598
13/07/2025,VH-013,"9,13","1,670","€ 15,24",Avin,FC732060
10/06/2025,VH-013,"15,47","1,805","€ 27,93",Avin,FC530612
17/05/2025,VH-013,"10,65","1,879","€ 20,02",BP,FC334106
07/09/2025,VH-013,"7,34","1,906","€ 13,99",eko,FC269969
03/07/2026,VH-013,"9,77","1,895","€ 18,52",Shell,FC493730
09/06/2025,VH-013,"4,05","1,649","€ 6,69",shell,FC340542
04/06/2026,VH-013,"8,05","1,696","€ 13,66",BP,FC747580
22/02/2026,VH-013,"13,76","1,684","€ 23,17",Shell,FC513319
04/07/2025,VH-013,"9,20","1,827","€ 16,81",EKO,FC722885
09/05/2026,VH-013,"15,24","1,664","€ 25,35",shell,FC936888
21/02/2026,VH-013,"8,91","1,579","€ 14,07",eko,FC440583
22/10/2025,VH-013,"8,03","1,823","€ 14,64",eko,FC840176
24/03/2026,VH-013,"7,86","1,647","€ 12,95",Avin,FC859906
12/12/2025,VH-013,"8,23","1,761","€ 14,49",EKO,FC241266
27/04/2025,VH-013,"11,03","1,600","€ 17,64",shell,FC778465
15/01/2025,VH-013,"14,18","1,913","€ 27,12",EKO,FC326915
07/02/2026,VH-013,"9,37","1,702","€ 15,94",eko,FC601149
07/01/2025,VH-013,"12,17","1,776","€ 21,61",EKO,FC657006
08/06/2026,VH-013,"14,40","1,898","€ 27,33",shell,FC717100
24/02/2025,VH-013,"13,88","1,525","€ 21,17",Shell,FC224569
04/03/2025,VH-013,"14,34","1,620","€ 23,22",eko,FC762121
29/03/2025,VH-013,"15,09","1,928","€ 29,10",BP,FC911812
20/01/2026,VH-013,"11,68","1,889","€ 22,06",shell,FC535369
09/05/2026,VH-013,"14,12","1,589","€ 22,43",EKO,FC191459
15/01/2025,VH-013,"10,30","1,587","€ 16,35",BP,FC783640
25/05/2025,VH-013,"8,38","1,651","€ 13,84",eko,FC487950
27/01/2025,VH-013,"14,74","1,536","€ 22,64",shell,FC573762
28/12/2025,VH-013,"11,51","1,895","€ 21,81",EKO,FC820886
02/11/2025,VH-013,"7,99","1,734","€ 13,85",EKO,FC659197
03/07/2025,VH-013,"11,99","1,796","€ 21,53",Shell,FC342486
12/02/2025,VH-013,"13,83","1,604","€ 22,18",eko,FC541843
12/04/2025,VH-013,"13,82","1,720","€ 23,77",Avin,FC534984
09/07/2026,VH-013,"16,82","1,629","€ 27,40",BP,FC504003
11/12/2025,VH-013,"13,90","1,571","€ 21,84",BP,FC724272
09/01/2026,VH-013,"14,69","1,547","€ 22,73",shell,FC901042
22/04/2026,VH-013,"1,79","1,677","€ 3,00",eko,FC892945
19/04/2025,VH-013,"8,89","1,766","€ 15,69",Shell,FC867744
26/04/2026,VH-013,"12,53","1,714","€ 21,47",EKO,FC900429
06/12/2025,VH-013,"7,70","1,527","€ 11,75",Avin,FC601094
11/03/2026,VH-013,"8,56","1,657","€ 14,19",Avin,FC882787
25/04/2025,VH-013,"7,96","1,566","€ 12,47",Shell,FC701397
27/03/2025,VH-013,"5,54","1,735","€ 9,62",Shell,FC590415
31/05/2026,VH-013,"8,34","1,745","€ 14,55",Shell,FC545370
01/10/2025,VH-013,"12,71","1,634","€ 20,77",BP,FC797515
30/09/2025,VH-013,"5,50","1,637","€ 9,01",shell,FC207057
04/06/2025,VH-013,"10,65","1,760","€ 18,74",Shell,FC726935
24/01/2026,VH-013,"6,07","1,834","€ 11,14",Avin,FC494035
10/04/2025,VH-013,"8,65","1,730","€ 14,96",eko,FC348477
27/02/2026,VH-013,"12,31","1,613","€ 19,86",BP,FC462161
02/01/2025,VH-013,"14,22","1,595","€ 22,68",Avin,FC556677
21/06/2026,VH-013,"11,35","1,558","€ 17,68",EKO,FC522921
03/10/2025,VH-013,"12,61","1,908","€ 24,06",BP,FC672939
14/03/2026,VH-013,"7,99","1,881","€ 15,03",Shell,FC334898
27/08/2025,VH-013,"10,02","1,878","€ 18,82",eko,FC355485
11/01/2025,VH-013,"11,71","1,608","€ 18,84",BP,FC379251
08/03/2026,VH-013,"8,96","1,752","€ 15,70",BP,FC197017
08/03/2026,VH-013,"11,16","1,797","€ 20,06",Avin,FC440443
19/04/2026,VH-013,"13,87","1,659","€ 23,01",eko,FC374073
11/07/2026,VH-013,"9,83","1,617","€ 15,89",EKO,FC340890
15/05/2026,VH-013,"12,00","1,931","€ 23,18",Avin,FC201098
20/06/2026,VH-013,"8,46","1,555","€ 13,15",BP,FC225617
09/04/2026,VH-013,"11,54","1,885","€ 21,76",EKO,FC589044
23/04/2026,VH-013,"16,29","1,611","€ 26,24",eko,FC812026
13/03/2026,VH-013,"12,13","1,529","€ 18,55",BP,FC888152
01/07/2025,VH-013,"8,70","1,762","€ 15,33",Avin,FC750189
24/11/2025,VH-013,"12,37","1,930","€ 23,87",Shell,FC897486
14/01/2026,VH-013,"11,65","1,904","€ 22,19",Shell,FC234170
18/09/2025,VH-013,"10,32","1,662","€ 17,15",BP,FC264636
15/05/2025,VH-013,"9,37","1,653","€ 15,48",EKO,FC346321
07/03/2025,VH-013,"8,98","1,842","€ 16,53",shell,FC262777
20/04/2025,VH-013,"8,57","1,749","€ 14,99",eko,FC912134
08/04/2026,VH-013,,"1,622","€ 19,51",Avin,FC447246
26/06/2026,VH-013,"8,54","1,716","€ 14,65",EKO,FC459071
09/12/2025,VH-013,"6,51","1,792","€ 11,66",shell,FC313055
03/05/2025,VH-013,"8,26","1,596","€ 13,18",EKO,FC134218
02/05/2026,VH-013,"10,78","1,720","€ 18,54",Avin,FC184946
19/02/2025,VH-013,"10,01","1,698","€ 17,00",BP,FC258453
25/11/2025,VH-013,"5,94","1,857","€ 11,04",eko,FC124420
06/12/2025,VH-013,"8,59","1,802","€ 15,47",Avin,FC566157
13/08/2025,VH-013,"14,05","1,669","€ 23,46",EKO,FC318665
22/06/2026,VH-013,"11,04","1,682","€ 18,57",eko,FC356460
03/10/2025,VH-013,"9,77","1,732","€ 16,92",eko,FC271953
02/06/2026,VH-013,"13,94","1,594","€ 22,21",BP,FC277631
20/06/2026,VH-013,"14,73","1,604","€ 23,63",shell,FC581746
21/01/2025,VH-013,"6,35","1,674","€ 10,63",BP,FC312752
06/05/2025,VH-013,"8,61","1,896","€ 16,33",EKO,FC947047
20/05/2026,VH-013,"14,10","1,808","€ 25,48",Avin,FC981932
23/02/2026,VH-013,"10,05","1,893","€ 19,02",BP,FC106846
01/12/2025,VH-013,"15,22","1,576","€ 23,99",EKO,FC953615
07/12/2025,VH-013,"16,41","1,712","€ 28,09",EKO,FC835956
21/01/2026,VH-013,"6,65","1,829","€ 12,17",eko,FC596076
26/06/2025,VH-013,"8,13","1,856","€ 15,09",EKO,FC667500
26/09/2025,VH-013,"7,80","1,786","€ 13,93",EKO,FC889207
15/05/2026,VH-013,"21,23","1,566","€ 33,24",BP,FC868043
16/07/2025,VH-013,"12,17","1,844","€ 22,44",shell,FC933365
01/07/2026,VH-013,"17,53","1,571","€ 27,54",shell,FC645650
27/04/2026,VH-013,"13,78","1,553","€ 21,40",eko,FC358812
25/03/2026,VH-013,"6,34","1,703","€ 10,80",EKO,FC456193
15/03/2025,VH-013,"14,50","1,580","€ 22,90",BP,FC266650
04/04/2026,VH-013,"11,10","1,783","€ 19,79",Shell,FC831695
21/09/2025,VH-013,"12,46","1,670","€ 20,80",Avin,FC944660
26/10/2025,VH-013,"17,96","1,826","€ 32,79",shell,FC313314
19/03/2025,VH-013,"11,08","1,608","€ 17,82",shell,FC347223
11/01/2025,VH-013,"13,55","1,656","€ 22,44",shell,FC614772
29/11/2025,VH-014,"11,41","0,488","€ 5,57",eko,FC471405
23/10/2025,VH-014,"11,35","0,486","€ 5,52",shell,FC601587
29/08/2025,VH-014,"6,13","0,489","€ 3,00",Avin,FC477666
28/11/2025,VH-014,"24,02","0,294","€ 7,06",Avin,FC910924
29/01/2026,VH-014,"15,83","0,312","€ 4,94",EKO,FC269828
28/03/2026,VH-014,"14,78","0,316","€ 4,67",Shell,FC426228
26/01/2025,VH-014,"11,28","0,491","€ 5,54",BP,FC870102
16/12/2025,VH-014,"27,64","0,296","€ 8,18",BP,FC908882
05/04/2026,VH-014,"16,05","0,284","€ 4,56",BP,FC424332
03/04/2025,VH-014,"18,15","0,478","€ 8,68",Shell,FC666680
15/07/2025,VH-014,"9,70","0,394","€ 3,82",Shell,FC182710
02/07/2025,VH-014,"21,70","0,357","€ 7,75",shell,FC393781
08/09/2025,VH-014,"14,20","0,519","€ 7,37",BP,FC878488
12/02/2025,VH-014,"16,38","0,435","€ 7,13",EKO,FC598325
10/12/2025,VH-014,"14,39","0,511","€ 7,35",shell,FC595956
13/02/2026,VH-014,"27,54","0,298","€ 8,21",EKO,FC124352
20/07/2025,VH-014,"15,16","0,407","€ 6,17",eko,FC794826
24/10/2025,VH-014,"17,15","0,413","€ 7,08",Avin,FC984788
02/01/2026,VH-014,"12,58","0,499","€ 6,28",eko,FC538238
22/05/2025,VH-014,"14,24","0,390","€ 5,55",eko,FC762538
02/04/2025,VH-014,"21,27","0,338","€ 7,19",Shell,FC933428
12/07/2026,VH-014,"23,92","0,300","€ 7,18",Avin,FC485051
18/03/2025,VH-014,"13,68","0,506","€ 6,92",eko,FC647191
14/07/2025,VH-014,"22,34","0,391","€ 8,74",Avin,FC968126
07/05/2025,VH-014,"13,24","0,323","€ 4,28",Shell,FC284300
09/02/2025,VH-014,"17,24","0,478","€ 8,24",Shell,FC568926
05/03/2025,VH-014,"16,56","0,358","€ 5,93",EKO,FC500838
20/03/2025,VH-014,"17,16","0,358","€ 6,14",EKO,FC330806
04/01/2026,VH-014,"19,43","0,509","€ 9,89",EKO,FC446219
09/05/2025,VH-014,"8,25","0,495","€ 4,08",Avin,FC426571
04/02/2025,VH-014,"12,07","0,469","€ 5,66",Shell,FC141924
16/04/2026,VH-014,"9,14","0,457","€ 4,18",EKO,FC418531
14/08/2025,VH-014,"17,10","0,303","€ 5,18",shell,FC267073
11/11/2025,VH-014,"7,35","0,473","€ 3,48",Shell,FC457047
21/05/2025,VH-014,"13,02","0,483","€ 6,29",eko,FC802645
04/08/2025,VH-014,"19,41","0,405","€ 7,86",shell,FC322412
05/06/2025,VH-014,"21,56","0,392","€ 8,45",BP,FC205151
20/12/2025,VH-014,"12,38","0,482","€ 5,97",Avin,FC320848
15/04/2025,VH-014,"17,23","0,391","€ 6,74",eko,FC170156
14/06/2025,VH-014,"13,12","0,427","€ 5,60",Avin,FC376636
25/10/2025,VH-014,"8,52","0,364","€ 3,10",BP,FC105201
23/01/2025,VH-014,"18,75","0,316","€ 5,93",BP,FC630496
23/02/2026,VH-014,"22,94","0,379","€ 8,69",eko,FC362775
30/05/2026,VH-014,"14,57","0,442","€ 6,44",EKO,FC581290
28/12/2025,VH-014,"11,45","0,362","€ 4,15",BP,FC634824
29/03/2025,VH-014,"13,85","0,491","€ 6,80",BP,FC889723
28/02/2026,VH-014,"19,30","0,497","€ 9,59",eko,FC693336
17/01/2026,VH-014,"15,86","0,362","€ 5,74",eko,FC359037
22/04/2025,VH-014,"22,07","0,329","€ 7,26",BP,FC994336
15/11/2025,VH-014,"19,65","0,384","€ 7,55",Shell,FC226322
09/04/2025,VH-014,"22,02","0,363","€ 7,99",EKO,FC767340
05/04/2025,VH-014,"25,47","0,362","€ 9,22",shell,FC188325
20/04/2026,VH-014,"24,05","0,356","€ 8,56",shell,FC308203
26/07/2025,VH-014,"19,42","0,341","€ 6,62",shell,FC476358
23/11/2025,VH-014,"15,08","0,323","€ 4,87",Avin,FC265784
31/08/2025,VH-014,"12,22","0,498","€ 6,08",EKO,FC481268
27/02/2025,VH-014,"17,51","0,414","€ 7,25",Avin,FC823899
01/09/2025,VH-014,"19,48","0,474","€ 9,23",eko,FC447413
28/06/2026,VH-014,"31,72","0,284","€ 9,01",shell,FC278106
14/04/2025,VH-014,"16,17","0,430","€ 6,96",EKO,FC525166
08/12/2025,VH-014,"23,52","0,358","€ 8,42",eko,FC591044
23/06/2025,VH-014,"15,14","0,459","€ 6,95",EKO,FC445603
17/11/2025,VH-014,"12,22","0,502","€ 6,14",BP,FC731834
11/07/2025,VH-014,"15,56","0,416","€ 6,47",Shell,FC908371
23/02/2025,VH-014,"32,39","0,314","€ 10,17",EKO,FC215255
31/01/2025,VH-014,"26,40","0,316","€ 8,34",Shell,FC669200
30/12/2025,VH-014,"17,07","0,518","€ 8,84",shell,FC805755
28/10/2025,VH-014,"27,11","0,339","€ 9,19",Avin,FC358006
12/04/2025,VH-014,"16,41","0,459","€ 7,53",BP,FC591463
23/07/2025,VH-014,"12,75","0,445","€ 5,67",Avin,FC786449
11/04/2025,VH-014,"25,99","0,322","€ 8,37",BP,FC509535
15/01/2025,VH-014,"29,33","0,306","€ 8,97",eko,FC516936
05/10/2025,VH-014,"9,58","0,313","€ 3,00",EKO,FC450096
21/12/2025,VH-014,"17,82","0,412","€ 7,34",EKO,FC445710
29/05/2026,VH-014,"14,41","0,356","€ 5,13",BP,FC150195
23/04/2026,VH-014,"20,06","0,510","€ 10,23",Avin,FC438376
31/12/2025,VH-014,"29,16","0,296","€ 8,63",EKO,FC524078
06/10/2025,VH-014,"21,67","0,434","€ 9,41",EKO,FC115019
18/07/2025,VH-014,"15,53","0,375","€ 5,83",Avin,FC305386
08/02/2025,VH-014,"18,95","0,401","€ 7,60",Avin,FC400641
26/02/2025,VH-014,"21,70","0,328","€ 7,12",BP,FC442417
05/03/2026,VH-014,"16,80","0,393","€ 6,60",BP,FC843619
16/03/2025,VH-014,"13,55","0,510","€ 6,91",eko,FC255918
03/07/2026,VH-014,"13,12","0,421","€ 5,52",Shell,FC942136
17/04/2025,VH-014,"20,94","0,475","€ 9,95",EKO,FC533534
10/03/2026,VH-014,"15,03","0,497","€ 7,47",BP,FC655575
18/01/2025,VH-014,"28,28","0,313","€ 8,85",shell,FC568263
08/02/2025,VH-014,"15,13","0,371","€ 5,62",Avin,FC472816
03/12/2025,VH-014,"11,22","0,461","€ 5,17",Shell,FC472112
03/05/2025,VH-014,"23,87","0,333","€ 7,95",Shell,FC790401
06/03/2026,VH-014,"12,44","0,447","€ 5,56",Avin,FC107459
20/08/2025,VH-014,"20,86","0,477","€ 9,95",Shell,FC284561
30/04/2026,VH-014,"18,05","0,511","€ 9,22",Shell,FC386466
03/02/2026,VH-014,"13,47","0,479","€ 6,45",Avin,FC192075
04/05/2025,VH-014,"23,68","0,286","€ 6,77",Shell,FC113401
14/11/2025,VH-014,"15,11","0,356","€ 5,38",shell,FC741915
25/08/2025,VH-014,"16,52","0,422","€ 6,97",shell,FC231131
29/04/2025,VH-014,"34,10","0,286","€ 9,75",EKO,FC220379
20/07/2025,VH-014,"18,39","0,318","€ 5,85",eko,FC366837
27/02/2026,VH-014,"17,67","0,351","€ 6,20",EKO,FC800909
03/05/2025,VH-014,"18,84","0,441","€ 8,31",shell,FC756742
15/04/2025,VH-014,"22,79","0,321","€ 7,32",Shell,FC849433
04/01/2025,VH-014,"13,42","0,410","€ 5,50",BP,FC593519
12/04/2026,VH-014,"20,02","0,358","€ 7,17",eko,FC837932
03/02/2025,VH-014,"15,15","0,347","€ 5,26",Avin,FC190320
01/02/2026,VH-014,"12,90","0,448","€ 5,78",EKO,FC809438
24/06/2026,VH-014,"10,10","0,448","€ 4,53",Shell,FC390915
20/08/2025,VH-014,"34,29","0,309","€ 10,59",Avin,FC607482
11/06/2026,VH-014,"19,21","0,466","€ 8,95",Avin,FC280098
13/05/2026,VH-014,"25,02","0,290","€ 7,26",Shell,FC410584
26/01/2026,VH-014,"23,70","0,318","€ 7,54",Shell,FC824992
13/12/2025,VH-014,,"0,303","€ 4,57",eko,FC499599
15/08/2025,VH-014,"10,91","0,370","€ 4,04",EKO,FC289421
09/04/2025,VH-014,"15,09","0,406","€ 6,13",EKO,FC742961
07/02/2025,VH-014,"21,34","0,391","€ 8,35",eko,FC882504
05/06/2026,VH-014,"12,30","0,476","€ 5,85",Shell,FC737129
23/10/2025,VH-014,"19,76","0,419","€ 8,28",BP,FC684905
13/05/2025,VH-014,"13,86","0,505","€ 7,00",shell,FC299297
18/06/2025,VH-014,"15,55","0,399","€ 6,20",eko,FC633875
05/03/2026,VH-014,"21,34","0,283","€ 6,04",Avin,FC619872
04/01/2026,VH-014,"13,28","0,349","€ 4,63",Avin,FC629811
15/01/2026,VH-014,"16,83","0,348","€ 5,86",Shell,FC651108
09/07/2026,VH-014,"16,98","0,383","€ 6,50",Shell,FC428914
08/06/2025,VH-014,"15,00","0,400","€ 6,00",BP,FC295279
06/09/2025,VH-014,"12,37","0,488","€ 6,04",eko,FC118736
25/07/2025,VH-014,"16,64","0,511","€ 8,51",Shell,FC146386
12/02/2026,VH-014,,"0,351","€ 7,23",eko,FC382394
14/11/2025,VH-014,"15,72","0,430","€ 6,76",eko,FC452227
13/02/2026,VH-014,"21,12","0,416","€ 8,78",Shell,FC757150
06/07/2026,VH-014,"23,67","0,369","€ 8,73",BP,FC160152
16/02/2025,VH-014,"11,13","0,370","€ 4,12",BP,FC637855
13/12/2025,VH-014,"22,12","0,306","€ 6,77",eko,FC842010
13/05/2025,VH-014,"13,61","0,330","€ 4,49",Avin,FC319071
05/10/2025,VH-014,"13,34","0,438","€ 5,84",shell,FC356828
13/04/2025,VH-014,"13,16","0,484","€ 6,37",Shell,FC317237
03/08/2025,VH-014,"15,03","0,461","€ 6,93",BP,FC825957
25/01/2025,VH-014,"10,80","0,331","€ 3,58",BP,FC647230
21/03/2025,VH-014,"11,51","0,436","€ 5,02",EKO,FC662410
28/05/2026,VH-014,,"0,507","€ 6,96",shell,FC450787
01/04/2025,VH-014,,"0,329","€ 7,28",EKO,FC729031
27/01/2025,VH-014,"8,36","0,479","€ 4,00",EKO,FC519819
21/07/2025,VH-014,"21,29","0,298","€ 6,35",Avin,FC402322
05/06/2025,VH-014,"11,71","0,370","€ 4,33",EKO,FC521087
11/01/2025,VH-014,"18,65","0,359","€ 6,70",EKO,FC310771
31/01/2025,VH-014,"18,57","0,468","€ 8,69",BP,FC600604
01/11/2025,VH-014,"15,56","0,450","€ 7,00",shell,FC160952
15/12/2025,VH-014,"19,08","0,328","€ 6,26",Shell,FC635833
11/06/2026,VH-014,"26,84","0,304","€ 8,16",EKO,FC370270
11/02/2025,VH-014,"20,36","0,405","€ 8,25",Avin,FC488960
02/06/2026,VH-014,"18,08","0,294","€ 5,31",Shell,FC617838
25/06/2025,VH-014,"9,31","0,494","€ 4,60",shell,FC949839
26/04/2025,VH-014,"17,54","0,378","€ 6,63",shell,FC353102
13/05/2026,VH-014,"17,08","0,374","€ 6,39",BP,FC857973
17/05/2025,VH-014,"18,96","0,427","€ 8,10",Shell,FC363091
24/05/2025,VH-014,"9,64","0,514","€ 4,96",EKO,FC653609
16/09/2025,VH-014,"19,07","0,453","€ 8,64",eko,FC741947
07/05/2026,VH-014,"13,55","0,432","€ 5,86",eko,FC365822
17/04/2025,VH-014,"18,55","0,414","€ 7,68",shell,FC313024
12/08/2025,VH-014,"14,18","0,425","€ 6,03",EKO,FC384957
07/02/2026,VH-015,"30,38","0,448","€ 13,61",eko,FC578692
03/01/2026,VH-015,"16,44","0,338","€ 5,56",EKO,FC670164
12/07/2026,VH-015,"33,78","0,450","€ 15,20",Avin,FC243347
04/06/2025,VH-015,"23,25","0,501","€ 11,65",eko,FC836021
11/11/2025,VH-015,"24,58","0,455","€ 11,18",EKO,FC444748
11/09/2025,VH-015,"27,66","0,513","€ 14,19",shell,FC156898
17/10/2025,VH-015,"42,49","0,282","€ 11,98",shell,FC576511
22/04/2026,VH-015,"42,86","0,365","€ 15,64",Avin,FC406490
14/12/2025,VH-015,"37,22","0,380","€ 14,15",shell,FC633803
08/03/2026,VH-015,"32,90","0,372","€ 12,24",shell,FC425192
28/08/2025,VH-015,"23,73","0,501","€ 11,89",Shell,FC109013
10/08/2025,VH-015,"40,18","0,350","€ 14,06",eko,FC146454
26/06/2025,VH-015,"17,08","0,513","€ 8,76",BP,FC403212
28/11/2025,VH-015,"16,97","0,421","€ 7,14",eko,FC445252
02/11/2025,VH-015,"30,18","0,386","€ 11,65",shell,FC328696
30/05/2025,VH-015,"39,45","0,326","€ 12,86",eko,FC350156
27/01/2025,VH-015,"45,35","0,298","€ 13,51",eko,FC503677
20/06/2025,VH-015,"34,64","0,399","€ 13,82",shell,FC883312
27/01/2025,VH-015,"34,37","0,376","€ 12,92",shell,FC510126
11/11/2025,VH-015,"26,22","0,465","€ 12,19",Avin,FC393766
09/11/2025,VH-015,"22,34","0,465","€ 10,39",EKO,FC427511
17/05/2026,VH-015,"29,29","0,495","€ 14,50",EKO,FC295279
21/12/2025,VH-015,,"0,355","€ 17,44",EKO,FC613378
03/07/2026,VH-015,"21,36","0,454","€ 9,70",shell,FC122072
13/03/2026,VH-015,"28,09","0,480","€ 13,49",EKO,FC191824
29/01/2025,VH-015,"25,40","0,402","€ 10,21",BP,FC797157
16/06/2026,VH-015,"26,01","0,492","€ 12,80",eko,FC183774
05/04/2026,VH-015,"26,04","0,506","€ 13,17",BP,FC647136
23/11/2025,VH-015,"29,59","0,436","€ 12,90",Shell,FC417848
16/07/2025,VH-015,"27,02","0,502","€ 13,57",eko,FC887376
16/05/2025,VH-015,"22,95","0,400","€ 9,18",shell,FC181019
06/09/2025,VH-015,"33,92","0,509","€ 17,26",eko,FC102267
30/05/2025,VH-015,"30,94","0,385","€ 11,91",Shell,FC620949
29/04/2026,VH-015,"22,41","0,369","€ 8,27",Avin,FC112456
28/03/2026,VH-015,"28,73","0,398","€ 11,43",Shell,FC191960
13/12/2025,VH-015,"39,51","0,415","€ 16,40",Shell,FC967979
12/04/2026,VH-015,"49,36","0,371","€ 18,31",EKO,FC745567
13/05/2026,VH-015,"21,22","0,480","€ 10,19",eko,FC354055
21/01/2026,VH-015,"35,66","0,484","€ 17,26",BP,FC913277
17/04/2025,VH-015,"20,80","0,465","€ 9,67",Shell,FC102240
01/06/2025,VH-015,"35,67","0,434","€ 15,48",shell,FC912328
21/01/2025,VH-015,"21,15","0,495","€ 10,47",Shell,FC168390
18/12/2025,VH-015,"31,28","0,349","€ 10,92",EKO,FC791435
07/04/2026,VH-015,"41,20","0,333","€ 13,72",BP,FC260396
03/11/2025,VH-015,"44,92","0,296","€ 13,30",EKO,FC431436
22/07/2025,VH-015,"34,13","0,418","€ 14,26",Avin,FC683232
01/05/2026,VH-015,"46,45","0,354","€ 16,44",EKO,FC859680
27/01/2025,VH-015,"21,82","0,514","€ 11,22",BP,FC109654
16/11/2025,VH-015,"21,18","0,505","€ 10,70",BP,FC299612
20/01/2025,VH-015,"39,22","0,332","€ 13,02",Shell,FC794411
20/10/2025,VH-015,"23,79","0,403","€ 9,59",EKO,FC754452
11/08/2025,VH-015,"16,49","0,518","€ 8,54",EKO,FC263783
06/02/2025,VH-015,"27,71","0,506","€ 14,02",EKO,FC219291
31/01/2026,VH-015,"21,16","0,495","€ 10,48",Shell,FC507930
03/07/2026,VH-015,"26,60","0,517","€ 13,75",eko,FC107711
11/10/2025,VH-015,"23,82","0,509","€ 12,12",Avin,FC461308
21/04/2026,VH-015,"39,39","0,317","€ 12,49",EKO,FC908395
20/03/2025,VH-015,"30,84","0,319","€ 9,84",BP,FC516864
15/04/2026,VH-015,"28,81","0,314","€ 9,05",shell,FC534987
29/03/2026,VH-015,"40,65","0,451","€ 18,33",Shell,FC192709
24/08/2025,VH-015,"32,59","0,512","€ 16,68",BP,FC776290
24/03/2025,VH-015,"40,44","0,329","€ 13,30",Shell,FC401076
07/09/2025,VH-015,"16,53","0,509","€ 8,41",BP,FC487629
22/01/2025,VH-015,"37,74","0,414","€ 15,62",Shell,FC392274
09/02/2026,VH-015,"17,32","0,505","€ 8,75",Shell,FC888695
01/06/2025,VH-015,"27,53","0,380","€ 10,46",Shell,FC785794
23/03/2025,VH-015,"25,29","0,494","€ 12,49",EKO,FC829203
25/04/2025,VH-015,"21,23","0,411","€ 8,73",BP,FC693663
15/03/2025,VH-015,"46,08","0,398","€ 18,34",Avin,FC594705
01/08/2025,VH-015,"32,11","0,442","€ 14,19",EKO,FC106710
17/04/2026,VH-015,"20,08","0,437","€ 8,77",EKO,FC712080
21/07/2025,VH-015,"38,04","0,508","€ 19,32",eko,FC445552
06/01/2025,VH-015,"55,66","0,292","€ 16,25",eko,FC708802
09/12/2025,VH-015,"38,11","0,351","€ 13,38",Shell,FC354330
26/11/2025,VH-015,"40,79","0,457","€ 18,64",Shell,FC224867
07/04/2025,VH-015,"33,27","0,447","€ 14,87",Avin,FC410168
06/01/2025,VH-015,"32,66","0,449","€ 14,67",BP,FC428562
08/06/2026,VH-015,"43,48","0,313","€ 13,61",EKO,FC145423
09/05/2026,VH-015,"27,96","0,418","€ 11,69",EKO,FC480574
30/08/2025,VH-015,"26,69","0,382","€ 10,20",EKO,FC783652
29/09/2025,VH-015,"45,79","0,342","€ 15,66",shell,FC629522
06/07/2026,VH-015,"26,46","0,486","€ 12,86",Avin,FC408308
09/04/2026,VH-015,"23,75","0,417","€ 9,91",Avin,FC190663
13/05/2026,VH-015,"43,20","0,287","€ 12,40",Avin,FC928464
23/03/2025,VH-015,"31,90","0,514","€ 16,39",shell,FC808228
10/10/2025,VH-015,"27,82","0,468","€ 13,02",eko,FC453063
02/10/2025,VH-015,"26,02","0,361","€ 9,39",shell,FC584212
16/02/2025,VH-015,"19,50","0,517","€ 10,08",shell,FC460872
24/01/2025,VH-015,"30,45","0,412","€ 12,55",EKO,FC597933
12/12/2025,VH-015,"29,96","0,460","€ 13,78",Shell,FC390981
16/05/2025,VH-015,"50,55","0,281","€ 14,20",Shell,FC978832
29/08/2025,VH-015,"43,63","0,331","€ 14,44",shell,FC276553
22/06/2025,VH-015,"31,47","0,313","€ 9,85",Shell,FC509277
23/10/2025,VH-015,"41,25","0,335","€ 13,82",BP,FC347376
09/06/2026,VH-015,"34,14","0,282","€ 9,63",BP,FC816733
28/09/2025,VH-015,"33,21","0,435","€ 14,45",BP,FC179971
28/03/2026,VH-015,"30,46","0,348","€ 10,60",Shell,FC414220
27/09/2025,VH-015,"36,51","0,288","€ 10,52",shell,FC439931
08/03/2025,VH-015,"44,44","0,306","€ 13,60",BP,FC158338
02/06/2026,VH-015,"22,34","0,520","€ 11,62",EKO,FC951353
16/05/2026,VH-015,"30,88","0,303","€ 9,36",Avin,FC244218
27/05/2025,VH-015,"20,93","0,357","€ 7,47",BP,FC985121
20/06/2026,VH-015,"36,75","0,346","€ 12,71",Avin,FC589204
04/07/2025,VH-015,"33,90","0,513","€ 17,39",EKO,FC132632
20/11/2025,VH-015,"26,23","0,432","€ 11,33",shell,FC933465
31/12/2025,VH-015,"27,38","0,472","€ 12,92",Shell,FC765944
19/02/2025,VH-015,"28,54","0,342","€ 9,76",Avin,FC257485
15/07/2025,VH-015,"39,27","0,389","€ 15,28",Avin,FC609324
08/08/2025,VH-015,"24,30","0,507","€ 12,32",Avin,FC193128
17/12/2025,VH-015,"36,86","0,458","€ 16,88",shell,FC937847
08/12/2025,VH-015,"28,10","0,512","€ 14,39",BP,FC518023
06/05/2026,VH-015,"18,09","0,464","€ 8,39",eko,FC382669
17/03/2026,VH-015,"25,29","0,457","€ 11,56",EKO,FC479816
02/04/2025,VH-015,"26,88","0,412","€ 11,08",Shell,FC413936
08/04/2025,VH-015,"42,78","0,304","€ 13,01",shell,FC291100
22/03/2026,VH-015,"54,09","0,293","€ 15,85",Avin,FC406717
28/04/2025,VH-015,"33,74","0,479","€ 16,16",BP,FC246424
24/01/2025,VH-015,"34,36","0,404","€ 13,88",Shell,FC979436
01/02/2025,VH-015,"15,64","0,451","€ 7,05",BP,FC980484
22/06/2026,VH-015,"23,33","0,463","€ 10,80",Avin,FC717213
12/04/2025,VH-015,"35,08","0,309","€ 10,84",shell,FC166411
14/04/2026,VH-015,"34,25","0,442","€ 15,14",BP,FC978567
13/03/2026,VH-015,"37,01","0,291","€ 10,77",shell,FC954659
22/04/2026,VH-015,"32,07","0,496","€ 15,90",Avin,FC228153
26/09/2025,VH-015,"18,76","0,366","€ 6,86",BP,FC888670
30/11/2025,VH-015,"47,78","0,315","€ 15,05",eko,FC206818
24/01/2025,VH-015,"38,62","0,404","€ 15,60",BP,FC627399
27/08/2025,VH-015,"21,54","0,434","€ 9,35",Avin,FC928291
01/06/2026,VH-015,"23,95","0,458","€ 10,97",Shell,FC726747
15/03/2026,VH-015,"25,12","0,393","€ 9,87",eko,FC779725
25/02/2026,VH-015,"33,72","0,487","€ 16,42",Shell,FC122983
21/02/2026,VH-015,"27,72","0,482","€ 13,36",Shell,FC300690
12/01/2025,VH-015,"33,08","0,466","€ 15,41",Avin,FC438691
18/06/2026,VH-015,"38,88","0,287","€ 11,16",eko,FC823663
08/06/2026,VH-015,"19,43","0,456","€ 8,86",EKO,FC197175
11/09/2025,VH-015,"58,53","0,288","€ 16,86",BP,FC561395
21/07/2025,VH-015,"28,73","0,411","€ 11,81",Shell,FC571943
25/12/2025,VH-015,"54,94","0,291","€ 15,99",Shell,FC181252
22/06/2026,VH-015,"29,06","0,440","€ 12,79",shell,FC175757
19/03/2025,VH-015,"25,65","0,394","€ 10,11",Shell,FC197822
22/05/2026,VH-015,"39,11","0,318","€ 12,44",Shell,FC778641
09/06/2026,VH-015,"36,05","0,435","€ 15,68",EKO,FC374503
15/10/2025,VH-015,"34,16","0,469","€ 16,02",Shell,FC123083
23/03/2026,VH-015,"33,45","0,399","€ 13,35",shell,FC586632
19/02/2026,VH-015,"21,93","0,326","€ 7,15",EKO,FC235503
17/01/2026,VH-015,"33,09","0,417","€ 13,80",EKO,FC339845
16/04/2025,VH-015,"24,79","0,515","€ 12,77",shell,FC317854
10/01/2025,VH-015,"31,30","0,418","€ 13,08",Avin,FC101502
18/06/2026,VH-015,"18,95","0,389","€ 7,37",Avin,FC168815
07/05/2026,VH-015,"14,04","0,466","€ 6,54",EKO,FC138394
07/06/2026,VH-015,"41,56","0,288","€ 11,97",EKO,FC505885
19/12/2025,VH-015,"67,34","0,327","€ 22,02",eko,FC712800
04/07/2025,VH-015,"31,59","0,515","€ 16,27",Avin,FC900430
20/01/2025,VH-015,"20,01","0,401","€ 8,02",shell,FC840599
28/03/2026,VH-015,"27,54","0,455","€ 12,53",shell,FC999581
16/12/2025,VH-015,"37,60","0,341","€ 12,82",BP,FC573355
02/04/2025,VH-015,"18,05","0,344","€ 6,21",Avin,FC783007
26/10/2025,VH-015,"25,81","0,397","€ 10,25",eko,FC922710
22/09/2025,VH-015,"34,71","0,369","€ 12,81",EKO,FC501551
13/04/2025,VH-015,"56,70","0,292","€ 16,56",eko,FC731251
28/03/2026,VH-015,"40,40","0,326","€ 13,17",Shell,FC687484
29/05/2026,VH-015,"23,93","0,492","€ 11,77",Avin,FC103140
18/11/2025,VH-015,"34,69","0,426","€ 14,78",BP,FC188908
02/11/2025,VH-016,"9,69","1,864","€ 18,05",shell,FC250120
14/02/2025,VH-016,"12,79","1,708","€ 21,84",Shell,FC140652
31/08/2025,VH-016,"15,24","1,530","€ 23,32",shell,FC645663
16/03/2026,VH-016,"16,63","1,577","€ 26,22",Avin,FC891080
22/09/2025,VH-016,"6,56","1,823","€ 11,96",eko,FC231271
22/04/2026,VH-016,"11,63","1,525","€ 17,74",shell,FC811078
09/10/2025,VH-016,"14,34","1,556","€ 22,32",Shell,FC487866
14/03/2026,VH-016,"13,94","1,724","€ 24,04",Shell,FC513623
13/04/2025,VH-016,"10,24","1,530","€ 15,66",shell,FC265083
19/06/2026,VH-016,"15,88","1,682","€ 26,71",Avin,FC381007
08/06/2025,VH-016,"13,30","1,755","€ 23,34",Avin,FC495274
20/04/2025,VH-016,"10,22","1,867","€ 19,07",shell,FC216960
30/04/2025,VH-016,"9,83","1,854","€ 18,23",BP,FC978018
05/07/2025,VH-016,"11,47","1,710","€ 19,61",Avin,FC426291
28/04/2026,VH-016,"12,50","1,852","€ 23,15",Avin,FC529233
27/01/2026,VH-016,"11,52","1,821","€ 20,97",EKO,FC576952
12/01/2025,VH-016,"11,82","1,609","€ 19,01",Shell,FC954159
04/08/2025,VH-016,"11,54","1,841","€ 21,25",Avin,FC251353
06/04/2026,VH-016,"12,23","1,523","€ 18,63",shell,FC167670
01/11/2025,VH-016,"6,99","1,612","€ 11,27",shell,FC216721
12/04/2025,VH-016,"9,65","1,707","€ 16,48",eko,FC987042
03/02/2025,VH-016,"19,94","1,534","€ 30,59",Shell,FC673119
14/05/2025,VH-016,"12,93","1,761","€ 22,77",BP,FC806349
19/03/2025,VH-016,"12,10","1,884","€ 22,80",shell,FC659978
16/04/2025,VH-016,"7,46","1,564","€ 11,66",Avin,FC314604
07/04/2026,VH-016,"9,29","1,879","€ 17,45",BP,FC187089
19/02/2025,VH-016,"12,98","1,724","€ 22,38",BP,FC123454
26/01/2026,VH-016,"12,65","1,826","€ 23,10",EKO,FC872479
15/07/2025,VH-016,"15,65","1,777","€ 27,81",BP,FC379205
07/02/2025,VH-016,"9,09","1,730","€ 15,72",BP,FC472930
24/12/2025,VH-016,"11,56","1,780","€ 20,58",shell,FC325562
05/05/2026,VH-016,,"1,539","€ 23,45",shell,FC458385
22/06/2025,VH-016,"15,05","1,786","€ 26,88",Avin,FC411152
13/10/2025,VH-016,"14,01","1,701","€ 23,84",EKO,FC522158
07/06/2025,VH-016,"14,37","1,734","€ 24,91",EKO,FC302855
23/10/2025,VH-016,"9,18","1,584","€ 14,54",Avin,FC391733
15/03/2026,VH-016,"4,41","1,553","€ 6,85",Shell,FC544020
28/06/2025,VH-016,"9,65","1,907","€ 18,41",Shell,FC749655
16/06/2025,VH-016,"14,00","1,884","€ 26,37",eko,FC977404
05/01/2025,VH-016,"9,97","1,911","€ 19,06",BP,FC778855
05/11/2025,VH-016,"14,02","1,607","€ 22,53",BP,FC179135
29/11/2025,VH-016,"13,84","1,638","€ 22,68",shell,FC373306
30/03/2026,VH-016,"12,41","1,591","€ 19,74",Shell,FC673992
21/03/2026,VH-016,"8,16","1,899","€ 15,50",BP,FC156045
18/06/2025,VH-016,"10,64","1,917","€ 20,40",BP,FC341240
30/01/2025,VH-016,"14,98","1,672","€ 25,05",Shell,FC801806
04/07/2025,VH-016,"7,85","1,876","€ 14,73",Avin,FC786777
24/03/2025,VH-016,"16,31","1,738","€ 28,34",Avin,FC297030
14/05/2025,VH-016,"8,00","1,716","€ 13,73",Avin,FC706688
13/02/2026,VH-016,"13,81","1,588","€ 21,93",Avin,FC297028
30/08/2025,VH-016,"9,42","1,610","€ 15,17",Avin,FC563271
09/04/2026,VH-016,"10,30","1,601","€ 16,49",Shell,FC244115
18/03/2026,VH-016,"10,48","1,875","€ 19,65",BP,FC947587
10/09/2025,VH-016,"15,71","1,628","€ 25,58",EKO,FC625033
21/02/2026,VH-016,"14,09","1,925","€ 27,12",eko,FC892935
17/08/2025,VH-016,"11,37","1,620","€ 18,41",BP,FC535170
03/05/2026,VH-016,"7,51","1,794","€ 13,47",EKO,FC736108
23/01/2026,VH-016,"12,75","1,809","€ 23,06",eko,FC361595
10/01/2025,VH-016,"12,56","1,687","€ 21,19",Avin,FC834089
04/12/2025,VH-016,"7,18","1,860","€ 13,35",Shell,FC898702
16/08/2025,VH-016,"19,08","1,534","€ 29,28",BP,FC295667
07/05/2026,VH-016,"9,20","1,876","€ 17,25",BP,FC530696
08/05/2026,VH-016,"12,78","1,684","€ 21,52",EKO,FC169607
27/10/2025,VH-016,"13,28","1,854","€ 24,61",EKO,FC102101
03/08/2025,VH-016,"11,03","1,772","€ 19,55",shell,FC948538
04/07/2026,VH-016,"11,41","1,634","€ 18,65",EKO,FC126092
27/11/2025,VH-016,"9,81","1,672","€ 16,40",Avin,FC486622
15/02/2025,VH-016,"16,89","1,646","€ 27,80",BP,FC803371
07/07/2025,VH-016,"8,97","1,623","€ 14,57",Shell,FC210630
19/01/2025,VH-016,"12,13","1,737","€ 21,06",eko,FC428165
27/05/2026,VH-016,"10,84","1,726","€ 18,71",Avin,FC366112
13/07/2026,VH-016,"9,01","1,733","€ 15,61",Shell,FC713970
23/11/2025,VH-016,,"1,713","€ 14,18",Avin,FC942137
03/03/2026,VH-016,"8,10","1,577","€ 12,77",BP,FC396359
06/10/2025,VH-016,"14,58","1,741","€ 25,38",Shell,FC677911
01/08/2025,VH-016,"7,79","1,769","€ 13,77",Shell,FC653530
10/03/2026,VH-016,"17,74","1,737","€ 30,82",eko,FC656663
20/04/2026,VH-016,"9,46","1,789","€ 16,93",eko,FC436919
07/04/2026,VH-016,"12,50","1,919","€ 23,99",Avin,FC906843
27/03/2025,VH-016,"9,37","1,761","€ 16,50",EKO,FC621973
07/08/2025,VH-016,"16,73","1,641","€ 27,45",shell,FC824976
19/08/2025,VH-016,"14,01","1,618","€ 22,66",Shell,FC590481
26/05/2025,VH-016,"13,66","1,556","€ 21,26",Shell,FC602144
03/02/2025,VH-016,"13,12","1,531","€ 20,09",shell,FC447872
04/06/2026,VH-016,"10,01","1,875","€ 18,77",EKO,FC418534
26/01/2026,VH-016,"9,39","1,759","€ 16,51",Shell,FC970527
07/10/2025,VH-016,"16,70","1,824","€ 30,46",eko,FC601190
05/05/2025,VH-016,"9,98","1,800","€ 17,97",Avin,FC645819
26/04/2026,VH-016,"10,59","1,696","€ 17,96",EKO,FC432265
31/01/2025,VH-016,"10,92","1,849","€ 20,20",BP,FC579810
03/06/2025,VH-016,"12,34","1,630","€ 20,12",EKO,FC369782
29/06/2025,VH-016,"14,66","1,622","€ 23,77",Avin,FC280266
01/08/2025,VH-016,"14,63","1,815","€ 26,55",Avin,FC225068
16/03/2026,VH-016,"14,66","1,522","€ 22,32",Shell,FC907442
05/03/2026,VH-016,"13,06","1,676","€ 21,89",BP,FC945035
08/01/2025,VH-016,"15,34","1,545","€ 23,70",Shell,FC227407
22/08/2025,VH-016,"5,75","1,924","€ 11,05",EKO,FC160650
05/08/2025,VH-016,"14,04","1,872","€ 26,27",Shell,FC429201
31/07/2025,VH-016,"15,48","1,545","€ 23,92",EKO,FC294121
29/04/2026,VH-016,"15,52","1,835","€ 28,48",Shell,FC602515
23/12/2025,VH-016,"10,23","1,827","€ 18,70",BP,FC844141
25/11/2025,VH-016,"13,89","1,735","€ 24,09",BP,FC234882
23/05/2026,VH-016,"9,26","1,688","€ 15,63",BP,FC952820
17/01/2026,VH-016,"10,79","1,813","€ 19,56",shell,FC292254
16/05/2025,VH-016,"11,42","1,873","€ 21,39",Avin,FC365364
15/02/2026,VH-016,"14,02","1,649","€ 23,12",shell,FC490776
19/04/2025,VH-016,"12,58","1,590","€ 20,00",Avin,FC970819
07/04/2025,VH-016,"9,82","1,766","€ 17,34",BP,FC110622
11/01/2026,VH-016,"13,58","1,557","€ 21,14",BP,FC335815
30/09/2025,VH-016,"11,63","1,525","€ 17,73",eko,FC936763
10/09/2025,VH-016,"11,98","1,694","€ 20,29",Avin,FC953903
10/12/2025,VH-016,"13,04","1,739","€ 22,69",BP,FC876043
28/01/2025,VH-016,"13,17","1,575","€ 20,74",shell,FC340883
29/08/2025,VH-016,"15,75","1,849","€ 29,12",eko,FC469643
29/06/2026,VH-016,"11,65","1,922","€ 22,38",Shell,FC669653
21/06/2025,VH-016,"5,35","1,709","€ 9,14",BP,FC750086
25/04/2025,VH-016,"8,73","1,533","€ 13,39",Shell,FC877673
10/01/2026,VH-016,"10,03","1,927","€ 19,34",shell,FC236067
09/09/2025,VH-016,"8,35","1,673","€ 13,98",EKO,FC137082
05/11/2025,VH-016,"10,60","1,893","€ 20,06",Avin,FC471690
28/06/2026,VH-016,"13,95","1,800","€ 25,12",eko,FC590229
17/03/2025,VH-016,"15,52","1,929","€ 29,94",BP,FC399617
27/08/2025,VH-016,"13,59","1,732","€ 23,53",Avin,FC432122
10/07/2025,VH-016,"10,41","1,714","€ 17,84",Avin,FC340923
11/10/2025,VH-016,"13,91","1,702","€ 23,67",EKO,FC878094
27/10/2025,VH-016,"9,93","1,933","€ 19,20",BP,FC922067
27/06/2026,VH-016,"15,49","1,556","€ 24,10",EKO,FC764681
12/12/2025,VH-016,"12,43","1,622","€ 20,16",Shell,FC984000
22/06/2025,VH-016,"13,69","1,772","€ 24,27",Shell,FC921437
12/04/2025,VH-016,"12,38","1,588","€ 19,66",shell,FC934713
26/06/2026,VH-016,"10,86","1,801","€ 19,56",BP,FC419057
17/06/2026,VH-016,"9,81","1,830","€ 17,95",shell,FC264518
14/07/2026,VH-016,"15,87","1,591","€ 25,25",BP,FC143941
21/10/2025,VH-016,"11,94","1,851","€ 22,09",BP,FC445367
23/10/2025,VH-016,"10,48","1,830","€ 19,18",shell,FC705484
12/06/2025,VH-016,"12,11","1,790","€ 21,68",Shell,FC177283
14/12/2025,VH-016,"14,67","1,731","€ 25,40",Shell,FC276638
17/08/2025,VH-016,"17,41","1,682","€ 29,28",BP,FC440275
04/09/2025,VH-016,"11,83","1,642","€ 19,43",eko,FC501622
02/02/2026,VH-016,"10,52","1,861","€ 19,58",Avin,FC650473
22/06/2025,VH-016,"8,04","1,904","€ 15,32",Shell,FC998925
25/07/2025,VH-016,"11,62","1,671","€ 19,41",BP,FC911474
14/07/2026,VH-016,"14,64","1,742","€ 25,50",eko,FC220251
10/04/2025,VH-016,"7,06","1,847","€ 13,05",EKO,FC287370
01/05/2025,VH-016,"14,73","1,616","€ 23,80",Avin,FC574076
06/06/2025,VH-016,"9,65","1,796","€ 17,33",Shell,FC816432
08/01/2026,VH-016,"9,39","1,681","€ 15,78",EKO,FC485099
12/05/2026,VH-016,"8,83","1,938","€ 17,11",eko,FC558637
26/03/2025,VH-016,"13,77","1,906","€ 26,25",Avin,FC606560
29/10/2025,VH-016,"15,48","1,740","€ 26,93",Shell,FC758159
29/10/2025,VH-016,"5,12","1,940","€ 9,92",shell,FC736126
25/08/2025,VH-016,"14,92","1,643","€ 24,51",Shell,FC998295
04/05/2026,VH-016,"18,85","1,566","€ 29,53",eko,FC464880
24/05/2026,VH-016,"10,16","1,683","€ 17,11",BP,FC319475
12/04/2025,VH-016,"10,79","1,542","€ 16,63",BP,FC196415
15/04/2025,VH-016,"11,91","1,600","€ 19,05",Avin,FC231586
25/02/2026,VH-016,"12,40","1,857","€ 23,03",BP,FC806054
20/03/2025,VH-016,"12,81","1,857","€ 23,79",Avin,FC296816
28/12/2025,VH-016,"15,14","1,901","€ 28,78",Shell,FC901171
23/12/2025,VH-016,"8,35","1,657","€ 13,83",EKO,FC622894
07/10/2025,VH-016,"9,36","1,610","€ 15,06",EKO,FC862748
01/12/2025,VH-016,"11,98","1,636","€ 19,60",BP,FC596644
24/01/2026,VH-016,"11,30","1,780","€ 20,11",Avin,FC737837
15/01/2026,VH-016,,"1,916","€ 19,66",eko,FC854348
28/06/2025,VH-016,"8,80","1,898","€ 16,71",shell,FC762836
03/10/2025,VH-016,"15,36","1,859","€ 28,55",Shell,FC456856
21/02/2026,VH-017,"15,00","1,753","€ 26,30",Shell,FC144828
28/04/2026,VH-017,"18,80","1,602","€ 30,11",BP,FC390494
25/06/2025,VH-017,"16,45","1,787","€ 29,40",Avin,FC705625
20/04/2026,VH-017,"12,62","1,617","€ 20,41",EKO,FC804760
04/11/2025,VH-017,"10,09","1,802","€ 18,19",eko,FC769095
15/08/2025,VH-017,"10,60","1,824","€ 19,33",shell,FC381718
09/04/2026,VH-017,"7,74","1,918","€ 14,84",shell,FC428370
24/04/2026,VH-017,"13,89","1,932","€ 26,84",EKO,FC524371
28/02/2025,VH-017,"13,56","1,660","€ 22,51",shell,FC387703
14/05/2026,VH-017,"11,86","1,774","€ 21,05",EKO,FC903976
13/05/2025,VH-017,"11,13","1,869","€ 20,80",eko,FC569456
25/11/2025,VH-017,"11,18","1,630","€ 18,23",BP,FC382232
20/02/2026,VH-017,"14,34","1,722","€ 24,69",BP,FC390443
26/01/2026,VH-017,"14,17","1,547","€ 21,91",EKO,FC290473
07/11/2025,VH-017,"11,89","1,904","€ 22,64",BP,FC641409
29/03/2026,VH-017,"7,66","1,554","€ 11,90",eko,FC734494
26/12/2025,VH-017,"11,23","1,739","€ 19,53",Shell,FC460487
14/09/2025,VH-017,"8,54","1,846","€ 15,76",eko,FC207899
06/06/2025,VH-017,"12,86","1,768","€ 22,74",Avin,FC835469
26/03/2025,VH-017,"12,03","1,689","€ 20,33",Shell,FC702422
30/09/2025,VH-017,"10,75","1,832","€ 19,69",EKO,FC704681
31/05/2025,VH-017,"13,09","1,659","€ 21,71",BP,FC933460
22/10/2025,VH-017,"10,55","1,623","€ 17,12",Shell,FC700602
05/09/2025,VH-017,"8,45","1,915","€ 16,19",Shell,FC873061
13/03/2026,VH-017,"15,34","1,696","€ 26,02",EKO,FC105961
13/02/2025,VH-017,"12,09","1,770","€ 21,40",Avin,FC291202
20/02/2025,VH-017,"14,45","1,725","€ 24,92",BP,FC836112
26/03/2025,VH-017,"10,05","1,692","€ 17,01",shell,FC641423
28/12/2025,VH-017,"6,79","1,790","€ 12,16",eko,FC319815
07/01/2026,VH-017,"12,78","1,794","€ 22,94",eko,FC494775
27/04/2026,VH-017,"7,21","1,897","€ 13,67",Shell,FC828959
05/04/2026,VH-017,"13,86","1,717","€ 23,80",eko,FC203747
01/08/2025,VH-017,"10,64","1,743","€ 18,55",Avin,FC777102
11/03/2026,VH-017,"10,21","1,844","€ 18,82",EKO,FC583755
18/11/2025,VH-017,"6,37","1,774","€ 11,29",BP,FC532134
14/01/2026,VH-017,"10,48","1,813","€ 19,00",shell,FC602551
11/08/2025,VH-017,"8,02","1,709","€ 13,71",Shell,FC744740
17/06/2025,VH-017,"14,12","1,601","€ 22,60",Avin,FC172659
04/10/2025,VH-017,"17,53","1,658","€ 29,07",EKO,FC962187
17/03/2026,VH-017,"7,52","1,717","€ 12,92",Shell,FC145949
02/05/2025,VH-017,"12,94","1,620","€ 20,97",shell,FC741200
13/12/2025,VH-017,"17,78","1,680","€ 29,88",Avin,FC394536
04/06/2026,VH-017,"12,15","1,641","€ 19,94",shell,FC209028
31/12/2025,VH-017,"9,63","1,703","€ 16,40",Avin,FC399535
01/05/2025,VH-017,"11,30","1,761","€ 19,89",Avin,FC552258
27/02/2026,VH-017,"19,04","1,707","€ 32,50",Shell,FC570785
07/11/2025,VH-017,"10,38","1,841","€ 19,10",Shell,FC235888
04/07/2025,VH-017,"11,71","1,713","€ 20,06",Avin,FC931108
14/06/2026,VH-017,"10,23","1,585","€ 16,22",shell,FC237281
11/03/2026,VH-017,"16,81","1,524","€ 25,62",shell,FC436682
09/09/2025,VH-017,"19,79","1,606","€ 31,78",Avin,FC223748
26/01/2025,VH-017,"12,01","1,521","€ 18,26",BP,FC581478
30/12/2025,VH-017,"10,09","1,723","€ 17,39",shell,FC623009
08/05/2025,VH-017,"7,93","1,861","€ 14,75",BP,FC709312
24/03/2026,VH-017,"11,12","1,850","€ 20,57",EKO,FC157392
13/06/2026,VH-017,"11,47","1,531","€ 17,56",shell,FC843181
01/08/2025,VH-017,"4,71","1,737","€ 8,18",EKO,FC756171
09/04/2025,VH-017,"8,15","1,806","€ 14,71",EKO,FC908037
19/03/2026,VH-017,"11,36","1,644","€ 18,67",Shell,FC371664
01/03/2025,VH-017,"12,12","1,902","€ 23,04",eko,FC499404
10/07/2026,VH-017,"5,87","1,826","€ 10,71",Shell,FC897354
16/03/2026,VH-017,"10,73","1,634","€ 17,53",Shell,FC856601
11/07/2026,VH-017,"12,06","1,901","€ 22,92",eko,FC998745
25/11/2025,VH-017,"11,92","1,640","€ 19,55",eko,FC672269
02/12/2025,VH-017,"14,87","1,760","€ 26,17",shell,FC745979
17/12/2025,VH-017,"7,36","1,710","€ 12,59",shell,FC180823
28/12/2025,VH-017,"12,33","1,635","€ 20,16",eko,FC100343
09/04/2026,VH-017,"5,22","1,521","€ 7,93",shell,FC932899
22/07/2025,VH-017,"8,48","1,775","€ 15,04",Avin,FC964376
20/12/2025,VH-017,"11,04","1,878","€ 20,74",eko,FC475986
14/10/2025,VH-017,"8,33","1,816","€ 15,13",Shell,FC634447
03/06/2026,VH-017,"13,88","1,529","€ 21,23",BP,FC992720
22/03/2026,VH-017,"10,80","1,704","€ 18,40",EKO,FC568070
30/03/2025,VH-017,"11,45","1,783","€ 20,42",Shell,FC409498
04/07/2025,VH-017,"11,38","1,677","€ 19,09",EKO,FC773794
06/02/2025,VH-017,"13,79","1,560","€ 21,51",eko,FC814320
02/10/2025,VH-017,"15,50","1,554","€ 24,08",BP,FC944880
29/08/2025,VH-017,"6,27","1,830","€ 11,47",EKO,FC248038
15/05/2025,VH-017,"11,25","1,668","€ 18,76",Avin,FC845798
02/06/2025,VH-017,"8,39","1,800","€ 15,11",shell,FC193903
19/04/2025,VH-017,"10,71","1,767","€ 18,92",BP,FC337690
27/09/2025,VH-017,"9,56","1,814","€ 17,35",EKO,FC921086
26/08/2025,VH-017,"9,36","1,742","€ 16,31",EKO,FC829850
25/11/2025,VH-017,"11,07","1,591","€ 17,61",Shell,FC623623
19/04/2026,VH-017,"10,71","1,799","€ 19,27",EKO,FC399411
28/03/2026,VH-017,"10,17","1,817","€ 18,48",eko,FC211297
17/05/2025,VH-017,"5,56","1,780","€ 9,90",shell,FC431489
24/12/2025,VH-017,"8,53","1,809","€ 15,43",Shell,FC759552
19/05/2025,VH-017,"12,64","1,777","€ 22,45",BP,FC923637
07/02/2026,VH-017,"3,64","1,926","€ 7,00",Avin,FC301445
28/01/2026,VH-017,"11,87","1,527","€ 18,13",Avin,FC104611
02/04/2026,VH-017,"9,44","1,601","€ 15,12",eko,FC666748
26/10/2025,VH-017,"11,68","1,754","€ 20,48",shell,FC859824
24/06/2025,VH-017,"6,59","1,850","€ 12,19",BP,FC462476
12/02/2025,VH-017,"11,19","1,722","€ 19,27",Avin,FC692525
09/07/2025,VH-017,"11,33","1,812","€ 20,53",eko,FC465671
02/09/2025,VH-017,"13,47","1,635","€ 22,03",EKO,FC714699
20/05/2025,VH-017,"15,27","1,611","€ 24,60",shell,FC655286
20/02/2025,VH-017,"9,80","1,920","€ 18,81",EKO,FC339189
14/02/2025,VH-017,"13,28","1,564","€ 20,77",eko,FC808128
23/02/2025,VH-017,"12,96","1,827","€ 23,67",EKO,FC620591
22/03/2025,VH-017,"8,57","1,811","€ 15,53",BP,FC121936
31/01/2025,VH-017,"12,98","1,684","€ 21,86",BP,FC420867
22/07/2025,VH-017,"9,42","1,593","€ 15,01",shell,FC143035
02/06/2025,VH-017,"7,69","1,918","€ 14,75",BP,FC256240
26/05/2025,VH-017,"9,26","1,689","€ 15,65",EKO,FC852235
09/05/2025,VH-017,"10,14","1,913","€ 19,39",Avin,FC417782
08/05/2025,VH-017,"8,95","1,795","€ 16,07",Shell,FC725375
24/10/2025,VH-017,"13,17","1,717","€ 22,61",Shell,FC715949
11/01/2025,VH-017,"16,55","1,743","€ 28,85",eko,FC219388
08/09/2025,VH-017,"7,44","1,837","€ 13,66",shell,FC672507
13/03/2025,VH-017,"11,65","1,828","€ 21,30",eko,FC168026
22/08/2025,VH-017,"7,26","1,923","€ 13,96",BP,FC801550
07/05/2025,VH-017,"9,34","1,629","€ 15,22",shell,FC224783
09/02/2025,VH-017,"4,27","1,596","€ 6,82",EKO,FC401221
09/04/2025,VH-017,"10,99","1,573","€ 17,28",shell,FC420800
21/04/2025,VH-017,"5,82","1,684","€ 9,80",shell,FC421952
16/01/2026,VH-017,"6,37","1,744","€ 11,11",EKO,FC989766
12/11/2025,VH-017,"10,45","1,792","€ 18,73",shell,FC448879
29/05/2026,VH-017,"9,59","1,814","€ 17,40",shell,FC602648
22/01/2025,VH-017,"10,10","1,846","€ 18,64",shell,FC666558
29/05/2025,VH-017,"10,75","1,565","€ 16,83",shell,FC821382
18/02/2025,VH-017,"12,59","1,645","€ 20,72",eko,FC440321
10/01/2025,VH-017,"15,35","1,610","€ 24,71",BP,FC768405
31/10/2025,VH-017,"8,05","1,761","€ 14,17",Shell,FC922031
10/09/2025,VH-017,"7,90","1,940","€ 15,33",shell,FC515303
17/07/2025,VH-017,"9,81","1,672","€ 16,40",shell,FC144126
10/06/2026,VH-017,"11,26","1,610","€ 18,12",EKO,FC892609
18/09/2025,VH-017,"12,25","1,600","€ 19,60",Avin,FC430073
16/08/2025,VH-017,"12,54","1,595","€ 20,00",BP,FC570893
12/01/2026,VH-017,"8,08","1,885","€ 15,23",eko,FC783381
04/06/2025,VH-017,"9,31","1,785","€ 16,62",Shell,FC560875
02/05/2025,VH-017,"15,41","1,701","€ 26,21",Shell,FC516106
05/06/2026,VH-017,"9,07","1,927","€ 17,49",shell,FC949325
13/06/2025,VH-017,"9,77","1,704","€ 16,64",shell,FC600920
31/01/2026,VH-017,"12,85","1,657","€ 21,30",Shell,FC704584
19/06/2026,VH-017,"8,80","1,787","€ 15,72",Avin,FC295884
17/05/2025,VH-017,"12,40","1,780","€ 22,06",shell,FC665301
14/06/2025,VH-017,"12,83","1,612","€ 20,69",shell,FC608421
30/06/2025,VH-017,"9,72","1,627","€ 15,81",shell,FC531114
19/04/2025,VH-017,"8,86","1,847","€ 16,37",BP,FC932699
25/09/2025,VH-017,"14,77","1,719","€ 25,40",EKO,FC783755
27/04/2025,VH-017,"9,12","1,601","€ 14,60",shell,FC484451
21/08/2025,VH-017,"9,53","1,792","€ 17,07",Shell,FC228817
09/06/2025,VH-017,"14,90","1,570","€ 23,39",shell,FC945387
31/10/2025,VH-017,"5,40","1,795","€ 9,69",Shell,FC417120
06/02/2025,VH-017,"10,66","1,912","€ 20,39",eko,FC695891
20/08/2025,VH-017,"12,06","1,572","€ 18,95",EKO,FC144965
09/05/2025,VH-017,"15,87","1,566","€ 24,85",eko,FC261582
25/09/2025,VH-017,"14,69","1,659","€ 24,36",shell,FC295372
15/05/2025,VH-017,"7,14","1,641","€ 11,72",Avin,FC911249
11/10/2025,VH-017,"10,21","1,735","€ 17,71",BP,FC714246
15/04/2026,VH-017,"11,46","1,574","€ 18,04",Avin,FC343091
14/09/2025,VH-017,"11,40","1,549","€ 17,66",Avin,FC202090
25/01/2025,VH-017,"9,58","1,697","€ 16,26",BP,FC782344
15/06/2025,VH-017,"15,81","1,581","€ 24,99",EKO,FC964718
05/07/2026,VH-017,"11,30","1,668","€ 18,85",Avin,FC184696
09/01/2025,VH-018,"35,32","0,416","€ 14,69",shell,FC432195
11/09/2025,VH-018,"28,90","0,326","€ 9,42",EKO,FC770680
01/04/2026,VH-018,"34,36","0,492","€ 16,90",BP,FC760554
27/05/2025,VH-018,"19,49","0,515","€ 10,04",shell,FC861161
13/07/2025,VH-018,"28,60","0,467","€ 13,36",Avin,FC486854
25/07/2025,VH-018,"20,18","0,500","€ 10,09",Avin,FC967761
08/03/2026,VH-018,"27,69","0,404","€ 11,19",eko,FC671909
22/01/2025,VH-018,"37,16","0,453","€ 16,83",EKO,FC527671
18/03/2025,VH-018,"41,81","0,453","€ 18,94",shell,FC163347
03/02/2025,VH-018,"37,83","0,438","€ 16,57",Avin,FC815129
24/06/2026,VH-018,"25,33","0,498","€ 12,61",eko,FC191090
10/11/2025,VH-018,"20,17","0,367","€ 7,40",shell,FC888332
03/03/2026,VH-018,"29,87","0,429","€ 12,81",shell,FC760098
08/07/2026,VH-018,"34,43","0,294","€ 10,12",Shell,FC184835
25/12/2025,VH-018,"31,42","0,508","€ 15,96",Avin,FC601713
14/07/2026,VH-018,"32,47","0,423","€ 13,73",BP,FC196429
28/04/2026,VH-018,"42,61","0,315","€ 13,42",eko,FC355111
10/07/2026,VH-018,"18,14","0,473","€ 8,58",EKO,FC384629
22/01/2025,VH-018,"27,71","0,502","€ 13,91",BP,FC632629
30/05/2025,VH-018,"38,66","0,339","€ 13,11",BP,FC666598
27/02/2026,VH-018,"21,59","0,491","€ 10,60",BP,FC706958
15/02/2025,VH-018,"35,87","0,368","€ 13,20",eko,FC383362
23/05/2026,VH-018,"39,29","0,298","€ 11,71",BP,FC251223
19/03/2025,VH-018,"22,41","0,490","€ 10,98",BP,FC863555
19/06/2026,VH-018,"30,03","0,411","€ 12,34",BP,FC785612
18/09/2025,VH-018,"31,66","0,431","€ 13,65",BP,FC944181
06/04/2025,VH-018,"27,82","0,415","€ 11,55",EKO,FC790351
15/11/2025,VH-018,"41,79","0,336","€ 14,04",BP,FC714023
27/05/2025,VH-018,"23,30","0,489","€ 11,39",BP,FC576152
24/03/2025,VH-018,"25,76","0,429","€ 11,05",EKO,FC946054
22/11/2025,VH-018,"36,70","0,302","€ 11,08",Avin,FC703397
27/12/2025,VH-018,"35,27","0,290","€ 10,23",shell,FC949028
30/01/2025,VH-018,"35,78","0,328","€ 11,74",Shell,FC381077
14/07/2026,VH-018,"18,17","0,484","€ 8,79",BP,FC215536
01/04/2026,VH-018,"44,81","0,372","€ 16,67",Shell,FC590067
30/03/2026,VH-018,"37,64","0,436","€ 16,41",Shell,FC390286
30/01/2025,VH-018,"30,84","0,459","€ 14,15",Shell,FC239186
20/09/2025,VH-018,"28,93","0,384","€ 11,11",EKO,FC579045
18/01/2025,VH-018,"37,79","0,325","€ 12,28",BP,FC136050
05/08/2025,VH-018,"33,50","0,417","€ 13,97",eko,FC396901
10/01/2025,VH-018,"24,01","0,484","€ 11,62",EKO,FC146896
27/05/2026,VH-018,"35,69","0,383","€ 13,67",Avin,FC594099
08/03/2025,VH-018,"36,30","0,476","€ 17,28",EKO,FC226354
13/04/2026,VH-018,"37,55","0,297","€ 11,15",eko,FC424909
05/01/2026,VH-018,"29,84","0,517","€ 15,43",shell,FC362727
07/07/2025,VH-018,"50,65","0,300","€ 15,20",BP,FC585245
15/01/2025,VH-018,"39,18","0,380","€ 14,89",shell,FC904487
26/01/2025,VH-018,"31,99","0,307","€ 9,82",Avin,FC373706
06/03/2025,VH-018,"20,03","0,493","€ 9,88",Shell,FC370436
15/06/2026,VH-018,"35,24","0,398","€ 14,03",EKO,FC558026
21/02/2026,VH-018,"41,43","0,378","€ 15,66",BP,FC421346
25/02/2026,VH-018,"21,40","0,496","€ 10,61",Shell,FC873624
02/04/2025,VH-018,"39,45","0,354","€ 13,97",eko,FC792199
09/06/2026,VH-018,"40,64","0,297","€ 12,07",Shell,FC542575
07/07/2026,VH-018,"56,52","0,331","€ 18,71",Shell,FC804425
12/03/2026,VH-018,"41,60","0,393","€ 16,35",BP,FC586003
03/02/2026,VH-018,"33,80","0,436","€ 14,74",eko,FC963083
29/05/2025,VH-018,"26,73","0,413","€ 11,04",BP,FC867579
01/08/2025,VH-018,"26,76","0,418","€ 11,19",BP,FC326338
08/12/2025,VH-018,"18,40","0,413","€ 7,60",BP,FC141567
05/05/2025,VH-018,"20,50","0,472","€ 9,68",eko,FC766879
07/08/2025,VH-018,"22,03","0,397","€ 8,74",eko,FC756921
05/03/2025,VH-018,"42,97","0,338","€ 14,52",Avin,FC552771
01/07/2026,VH-018,"47,80","0,289","€ 13,81",BP,FC234107
06/12/2025,VH-018,"24,88","0,467","€ 11,62",EKO,FC311088
23/07/2025,VH-018,"35,66","0,399","€ 14,23",EKO,FC890902
06/04/2026,VH-018,"39,39","0,300","€ 11,82",EKO,FC717516
11/03/2025,VH-018,"23,52","0,387","€ 9,10",shell,FC731044
09/03/2025,VH-018,"36,20","0,363","€ 13,14",Shell,FC275797
21/12/2025,VH-018,"21,94","0,349","€ 7,66",eko,FC812048
28/07/2025,VH-018,"19,56","0,493","€ 9,64",BP,FC375558
09/12/2025,VH-018,"15,91","0,520","€ 8,27",EKO,FC676894
24/03/2026,VH-018,,"0,365","€ 14,50",Shell,FC958742
05/05/2026,VH-018,"31,69","0,483","€ 15,30",EKO,FC997177
03/07/2026,VH-018,"29,93","0,497","€ 14,87",Shell,FC413235
19/11/2025,VH-018,"32,26","0,471","€ 15,19",eko,FC902693
23/04/2026,VH-018,"23,98","0,484","€ 11,60",Shell,FC614798
13/09/2025,VH-018,"41,90","0,433","€ 18,14",eko,FC811284
04/03/2025,VH-018,"25,70","0,491","€ 12,62",EKO,FC932289
24/04/2025,VH-018,"60,30","0,292","€ 17,61",Shell,FC129650
31/01/2025,VH-018,"28,74","0,465","€ 13,36",Shell,FC698750
04/05/2026,VH-018,"32,43","0,451","€ 14,62",BP,FC611581
26/01/2026,VH-018,"19,80","0,508","€ 10,06",Shell,FC349967
22/05/2026,VH-018,"21,23","0,512","€ 10,87",Shell,FC843589
29/09/2025,VH-018,"32,25","0,341","€ 11,00",eko,FC400816
14/03/2025,VH-018,"32,26","0,301","€ 9,71",BP,FC547907
13/07/2026,VH-018,"31,81","0,325","€ 10,34",Avin,FC294346
06/05/2026,VH-018,"35,49","0,414","€ 14,69",EKO,FC499517
28/06/2026,VH-018,"43,60","0,321","€ 14,00",Avin,FC927357
08/11/2025,VH-018,"45,60","0,327","€ 14,91",BP,FC710488
09/04/2026,VH-018,"31,19","0,483","€ 15,07",BP,FC462718
05/06/2025,VH-018,"23,79","0,499","€ 11,87",Avin,FC922233
14/03/2026,VH-018,"36,42","0,377","€ 13,73",EKO,FC375063
03/03/2025,VH-018,"19,28","0,450","€ 8,68",Shell,FC440919
28/01/2025,VH-018,"24,81","0,398","€ 9,87",BP,FC130799
28/04/2025,VH-018,"22,30","0,508","€ 11,33",Avin,FC288668
04/03/2025,VH-018,"32,65","0,435","€ 14,20",shell,FC331630
03/06/2026,VH-018,"20,53","0,474","€ 9,73",BP,FC321298
21/09/2025,VH-018,"36,99","0,372","€ 13,76",BP,FC602124
08/08/2025,VH-018,"54,05","0,325","€ 17,56",Avin,FC486334
27/01/2026,VH-018,"34,91","0,423","€ 14,77",EKO,FC103041
02/04/2026,VH-018,"23,77","0,293","€ 6,96",EKO,FC549487
11/08/2025,VH-018,"35,91","0,370","€ 13,29",shell,FC417211
09/12/2025,VH-018,"30,57","0,455","€ 13,91",EKO,FC480049
20/11/2025,VH-018,"25,76","0,516","€ 13,29",shell,FC775166
14/09/2025,VH-018,"30,14","0,449","€ 13,53",eko,FC503813
10/03/2026,VH-018,"26,01","0,437","€ 11,37",Shell,FC730056
26/08/2025,VH-018,"23,81","0,515","€ 12,26",BP,FC265062
10/01/2025,VH-018,"32,50","0,506","€ 16,44",eko,FC672252
17/02/2026,VH-018,"43,14","0,367","€ 15,83",EKO,FC330427
04/06/2025,VH-018,"15,93","0,497","€ 7,92",Avin,FC567318
18/03/2025,VH-018,"33,31","0,505","€ 16,82",Avin,FC592466
05/03/2026,VH-018,"22,14","0,514","€ 11,38",BP,FC304864
05/10/2025,VH-018,"44,19","0,321","€ 14,19",Shell,FC200473
11/06/2025,VH-018,"38,37","0,310","€ 11,90",shell,FC864049
20/05/2025,VH-018,"35,78","0,457","€ 16,35",Shell,FC464998
10/08/2025,VH-018,"36,13","0,421","€ 15,21",eko,FC870995
21/03/2026,VH-018,"38,28","0,383","€ 14,66",Shell,FC317566
21/02/2026,VH-018,"14,71","0,518","€ 7,62",eko,FC610510
27/02/2026,VH-018,"24,81","0,476","€ 11,81",shell,FC267437
11/05/2026,VH-018,"45,55","0,391","€ 17,81",Shell,FC256876
24/06/2026,VH-018,"19,76","0,477","€ 9,43",shell,FC536593
01/02/2025,VH-018,"25,60","0,429","€ 10,98",Avin,FC993891
25/09/2025,VH-018,"33,94","0,296","€ 10,05",EKO,FC287118
14/01/2025,VH-018,"40,40","0,300","€ 12,12",eko,FC698469
08/11/2025,VH-018,"42,48","0,323","€ 13,72",eko,FC641771
09/05/2025,VH-018,"31,11","0,364","€ 11,32",BP,FC523451
15/12/2025,VH-018,"57,31","0,287","€ 16,45",eko,FC804641
29/07/2025,VH-018,"34,43","0,364","€ 12,53",Shell,FC753629
17/02/2025,VH-018,"41,28","0,304","€ 12,55",shell,FC546639
02/03/2026,VH-018,"30,06","0,408","€ 12,27",shell,FC786987
03/05/2026,VH-018,"34,13","0,486","€ 16,59",Shell,FC497738
09/06/2025,VH-018,"30,32","0,477","€ 14,46",shell,FC491606
11/02/2025,VH-018,"35,67","0,428","€ 15,27",Avin,FC382508
24/02/2025,VH-018,"16,16","0,382","€ 6,17",Avin,FC173121
13/12/2025,VH-018,"27,43","0,450","€ 12,35",eko,FC710881
07/07/2026,VH-018,"30,84","0,494","€ 15,23",Shell,FC301857
08/03/2026,VH-018,"39,22","0,407","€ 15,96",Shell,FC471888
08/05/2026,VH-018,"26,52","0,397","€ 10,53",Shell,FC837166
12/03/2025,VH-018,"28,76","0,489","€ 14,06",EKO,FC739197
19/01/2026,VH-018,"26,86","0,502","€ 13,48",eko,FC999578
11/06/2026,VH-018,"23,24","0,319","€ 7,41",eko,FC828266
17/02/2026,VH-018,"43,00","0,363","€ 15,61",eko,FC889207
13/07/2026,VH-018,"21,19","0,477","€ 10,11",EKO,FC221624
27/06/2025,VH-018,"31,17","0,445","€ 13,87",BP,FC286354
28/02/2025,VH-018,"57,87","0,323","€ 18,69",EKO,FC355749
24/11/2025,VH-018,"29,86","0,305","€ 9,11",Avin,FC437851
16/06/2025,VH-018,"43,65","0,382","€ 16,67",shell,FC697015
07/10/2025,VH-018,"35,18","0,458","€ 16,11",BP,FC859782
15/09/2025,VH-018,"34,98","0,291","€ 10,18",BP,FC534728
28/09/2025,VH-018,"42,98","0,457","€ 19,64",Avin,FC627748
24/06/2025,VH-018,"40,68","0,392","€ 15,95",eko,FC157469
07/05/2026,VH-018,"28,03","0,383","€ 10,74",BP,FC264605
26/11/2025,VH-018,"20,86","0,473","€ 9,86",eko,FC986323
05/09/2025,VH-018,"35,83","0,285","€ 10,21",Shell,FC947434
02/04/2025,VH-018,"28,11","0,470","€ 13,21",EKO,FC290880
16/01/2025,VH-018,"30,14","0,439","€ 13,23",BP,FC461559
02/01/2026,VH-018,"48,72","0,299","€ 14,57",BP,FC550522
17/06/2025,VH-019,"44,31","0,324","€ 14,36",Avin,FC300454
02/12/2025,VH-019,"36,33","0,412","€ 14,97",Shell,FC293238
04/11/2025,VH-019,"31,28","0,504","€ 15,77",eko,FC948878
09/04/2025,VH-019,"35,50","0,295","€ 10,47",BP,FC551480
12/04/2026,VH-019,"30,77","0,355","€ 10,92",shell,FC698522
11/10/2025,VH-019,"33,87","0,427","€ 14,46",BP,FC855294
25/05/2026,VH-019,"27,43","0,428","€ 11,74",BP,FC765189
20/04/2025,VH-019,"44,54","0,355","€ 15,81",eko,FC573374
03/03/2025,VH-019,"40,41","0,298","€ 12,04",Avin,FC586484
04/03/2025,VH-019,"23,77","0,488","€ 11,60",eko,FC337436
18/12/2025,VH-019,"13,78","0,392","€ 5,40",BP,FC808832
26/01/2026,VH-019,"31,24","0,300","€ 9,37",BP,FC173030
25/04/2025,VH-019,"13,71","0,443","€ 6,07",Avin,FC399717
05/05/2025,VH-019,"20,55","0,518","€ 10,65",Shell,FC315992
29/01/2026,VH-019,"15,87","0,464","€ 7,37",EKO,FC275535
11/10/2025,VH-019,"14,25","0,484","€ 6,90",BP,FC336799
03/01/2026,VH-019,"17,26","0,463","€ 7,99",eko,FC502189
21/03/2026,VH-019,"18,30","0,519","€ 9,50",Shell,FC891488
29/01/2025,VH-019,"24,12","0,506","€ 12,20",Shell,FC265349
30/07/2025,VH-019,"34,31","0,384","€ 13,18",Avin,FC346968
10/12/2025,VH-019,"36,25","0,384","€ 13,92",shell,FC526183
19/02/2025,VH-019,"38,71","0,425","€ 16,45",EKO,FC872138
16/03/2025,VH-019,"29,02","0,360","€ 10,45",BP,FC351855
30/04/2026,VH-019,"21,44","0,441","€ 9,45",EKO,FC112715
06/05/2026,VH-019,"26,28","0,353","€ 9,28",EKO,FC970954
20/11/2025,VH-019,"23,08","0,419","€ 9,67",BP,FC108478
19/02/2026,VH-019,"41,21","0,375","€ 15,45",shell,FC582573
09/02/2025,VH-019,"30,63","0,483","€ 14,79",EKO,FC683880
18/03/2025,VH-019,"30,93","0,334","€ 10,33",shell,FC180902
30/06/2025,VH-019,"17,14","0,426","€ 7,30",BP,FC140633
06/05/2025,VH-019,"37,57","0,334","€ 12,55",Avin,FC361899
11/07/2026,VH-019,"29,49","0,338","€ 9,97",EKO,FC708769
19/06/2026,VH-019,"41,14","0,295","€ 12,14",shell,FC682126
30/07/2025,VH-019,"26,16","0,430","€ 11,25",Shell,FC597541
26/10/2025,VH-019,"31,22","0,348","€ 10,86",BP,FC102108
10/05/2026,VH-019,"28,55","0,439","€ 12,53",shell,FC258319
10/11/2025,VH-019,,"0,392","€ 9,49",EKO,FC553119
24/05/2025,VH-019,"19,18","0,305","€ 5,85",eko,FC118936
11/01/2026,VH-019,"25,73","0,480","€ 12,35",eko,FC160784
20/08/2025,VH-019,"33,29","0,449","€ 14,95",EKO,FC678919
26/06/2026,VH-019,"39,60","0,427","€ 16,91",BP,FC113739
23/03/2026,VH-019,"25,68","0,502","€ 12,89",EKO,FC564880
10/03/2025,VH-019,"35,47","0,375","€ 13,30",eko,FC113919
14/08/2025,VH-019,"30,26","0,421","€ 12,74",EKO,FC652306
08/06/2025,VH-019,"41,76","0,326","€ 13,61",shell,FC796483
30/01/2026,VH-019,"28,73","0,490","€ 14,08",shell,FC631271
26/12/2025,VH-019,"29,84","0,436","€ 13,01",BP,FC528882
14/07/2025,VH-019,"48,92","0,301","€ 14,73",eko,FC529550
20/02/2025,VH-019,"24,79","0,416","€ 10,31",Avin,FC636873
08/03/2026,VH-019,"34,41","0,332","€ 11,42",eko,FC469911
28/04/2026,VH-019,"37,42","0,519","€ 19,42",eko,FC133166
31/05/2026,VH-019,"35,50","0,354","€ 12,57",eko,FC189603
24/01/2025,VH-019,"53,16","0,295","€ 15,68",Avin,FC286017
05/02/2026,VH-019,"37,66","0,413","€ 15,55",EKO,FC185398
19/01/2026,VH-019,,"0,309","€ 13,60",EKO,FC519500
19/12/2025,VH-019,"33,27","0,347","€ 11,54",eko,FC953170
05/03/2025,VH-019,"41,43","0,393","€ 16,28",Shell,FC656136
27/03/2025,VH-019,"45,46","0,293","€ 13,32",Shell,FC404965
17/09/2025,VH-019,"31,37","0,281","€ 8,81",shell,FC489805
14/06/2026,VH-019,"25,22","0,502","€ 12,66",Shell,FC691211
01/01/2025,VH-019,"26,43","0,315","€ 8,33",Shell,FC414685
21/02/2026,VH-019,"24,80","0,336","€ 8,33",Shell,FC768164
30/06/2025,VH-019,"18,87","0,472","€ 8,91",Shell,FC549550
08/05/2025,VH-019,"51,33","0,286","€ 14,68",Shell,FC882212
15/04/2025,VH-019,"34,49","0,413","€ 14,24",eko,FC666491
08/03/2026,VH-019,"22,95","0,322","€ 7,39",eko,FC599835
29/06/2025,VH-019,"52,83","0,315","€ 16,64",shell,FC666253
03/12/2025,VH-019,"12,02","0,379","€ 4,55",eko,FC236810
17/08/2025,VH-019,"56,68","0,283","€ 16,04",eko,FC708342
23/01/2025,VH-019,"28,36","0,459","€ 13,02",shell,FC538984
26/07/2025,VH-019,"29,76","0,419","€ 12,47",shell,FC639081
06/07/2026,VH-019,"28,72","0,448","€ 12,86",eko,FC800283
24/04/2025,VH-019,"40,49","0,438","€ 17,73",Shell,FC529047
09/02/2025,VH-019,"21,91","0,458","€ 10,03",eko,FC975305
26/09/2025,VH-019,"39,63","0,368","€ 14,58",shell,FC715846
25/02/2026,VH-019,"50,70","0,284","€ 14,40",EKO,FC683371
01/06/2025,VH-019,"33,20","0,420","€ 13,94",shell,FC959946
21/04/2026,VH-019,"32,73","0,451","€ 14,76",BP,FC379555
03/02/2026,VH-019,"28,65","0,393","€ 11,26",Shell,FC604938
06/05/2026,VH-019,"25,12","0,296","€ 7,44",shell,FC534685
05/03/2026,VH-019,"10,24","0,403","€ 4,12",Avin,FC838824
10/10/2025,VH-019,"52,82","0,359","€ 18,96",shell,FC774439
10/05/2026,VH-019,"30,09","0,339","€ 10,20",shell,FC925405
15/06/2026,VH-019,"18,06","0,453","€ 8,18",Avin,FC274960
01/12/2025,VH-019,"38,57","0,475","€ 18,32",BP,FC523213
20/12/2025,VH-019,"20,96","0,510","€ 10,69",eko,FC559859
23/09/2025,VH-019,"53,54","0,303","€ 16,22",shell,FC204512
17/09/2025,VH-019,"27,92","0,437","€ 12,20",Avin,FC240289
14/03/2026,VH-019,"31,44","0,327","€ 10,28",EKO,FC762065
17/10/2025,VH-019,"48,35","0,315","€ 15,23",BP,FC587033
06/07/2026,VH-019,"30,43","0,484","€ 14,73",BP,FC709978
05/11/2025,VH-019,"31,88","0,492","€ 15,69",eko,FC877623
16/01/2025,VH-019,"21,81","0,471","€ 10,27",EKO,FC407512
03/12/2025,VH-019,"37,78","0,384","€ 14,51",shell,FC595834
08/05/2025,VH-019,"31,48","0,509","€ 16,03",Shell,FC790227
22/03/2026,VH-019,"41,12","0,325","€ 13,36",Shell,FC297860
08/04/2025,VH-019,"24,86","0,436","€ 10,84",BP,FC803291
26/05/2025,VH-019,"39,76","0,415","€ 16,50",Avin,FC127191
02/01/2025,VH-019,"22,73","0,510","€ 11,59",EKO,FC314126
11/02/2025,VH-019,"32,59","0,372","€ 12,12",Shell,FC769731
12/01/2026,VH-019,"40,89","0,483","€ 19,75",shell,FC349007
10/04/2026,VH-019,"33,29","0,434","€ 14,45",Avin,FC859400
16/04/2026,VH-019,"31,68","0,387","€ 12,26",Shell,FC336071
30/09/2025,VH-019,"42,46","0,312","€ 13,25",EKO,FC871589
08/02/2025,VH-019,"59,29","0,306","€ 18,14",Avin,FC543953
04/04/2026,VH-019,"22,75","0,496","€ 11,28",shell,FC777597
05/06/2025,VH-019,"23,00","0,388","€ 8,93",Shell,FC629987
29/09/2025,VH-019,"29,83","0,434","€ 12,95",Shell,FC356993
17/06/2025,VH-019,"20,10","0,361","€ 7,26",EKO,FC858178
17/09/2025,VH-019,"31,33","0,382","€ 11,97",shell,FC256908
25/05/2026,VH-019,"26,07","0,409","€ 10,66",eko,FC729732
23/10/2025,VH-019,"43,47","0,313","€ 13,61",Shell,FC274787
13/11/2025,VH-019,"25,72","0,439","€ 11,29",Shell,FC153014
15/05/2025,VH-019,"47,61","0,358","€ 17,05",Shell,FC887713
22/06/2026,VH-019,"23,55","0,461","€ 10,85",BP,FC198443
10/02/2025,VH-019,"36,37","0,349","€ 12,69",eko,FC132835
25/01/2026,VH-019,"31,14","0,358","€ 11,15",Avin,FC233010
06/08/2025,VH-019,"31,57","0,326","€ 10,29",shell,FC378832
04/10/2025,VH-019,"32,54","0,397","€ 12,92",shell,FC948581
01/08/2025,VH-019,"43,42","0,288","€ 12,51",BP,FC662902
16/04/2026,VH-019,"33,05","0,424","€ 14,01",shell,FC844370
04/02/2026,VH-019,"39,65","0,320","€ 12,69",shell,FC643331
05/05/2026,VH-019,"36,46","0,388","€ 14,15",eko,FC634819
25/06/2025,VH-019,"32,50","0,350","€ 11,38",shell,FC237562
27/05/2026,VH-019,"39,82","0,382","€ 15,21",shell,FC346590
22/01/2026,VH-019,"35,46","0,479","€ 16,98",Avin,FC303503
23/02/2026,VH-019,"28,28","0,361","€ 10,21",shell,FC559620
18/03/2025,VH-019,"20,40","0,519","€ 10,59",EKO,FC164750
10/11/2025,VH-019,"26,65","0,364","€ 9,70",Shell,FC828047
28/03/2025,VH-019,"24,68","0,387","€ 9,55",eko,FC751514
21/05/2026,VH-019,"32,39","0,448","€ 14,51",eko,FC661540
27/12/2025,VH-019,"17,64","0,429","€ 7,57",Shell,FC697592
02/06/2026,VH-019,"28,55","0,410","€ 11,71",Avin,FC871268
13/07/2025,VH-019,"30,31","0,496","€ 15,03",Shell,FC205785
29/01/2026,VH-019,"31,54","0,351","€ 11,07",EKO,FC899789
06/05/2025,VH-019,"52,49","0,334","€ 17,53",EKO,FC550344
07/07/2026,VH-019,"33,82","0,489","€ 16,54",shell,FC863078
30/04/2026,VH-019,"32,64","0,446","€ 14,56",Avin,FC355413
11/01/2026,VH-019,"54,38","0,290","€ 15,77",EKO,FC990474
14/07/2026,VH-019,"30,69","0,475","€ 14,58",eko,FC161190
29/05/2026,VH-019,"20,26","0,489","€ 9,91",Shell,FC568686
24/03/2025,VH-019,"27,98","0,436","€ 12,20",BP,FC651122
02/10/2025,VH-019,"45,67","0,284","€ 12,97",Avin,FC564858
02/06/2026,VH-019,"36,77","0,296","€ 10,88",eko,FC794545
25/01/2025,VH-019,"26,89","0,463","€ 12,45",shell,FC141610
11/07/2026,VH-019,"24,88","0,341","€ 8,48",BP,FC755211
21/11/2025,VH-019,"40,81","0,316","€ 12,90",Shell,FC563983
29/12/2025,VH-019,"35,67","0,360","€ 12,84",eko,FC184309
22/04/2025,VH-019,"20,76","0,435","€ 9,03",BP,FC417409
25/05/2025,VH-019,"28,74","0,467","€ 13,42",Shell,FC707798
30/03/2026,VH-019,"36,99","0,403","€ 14,91",EKO,FC557813
18/04/2026,VH-019,"22,87","0,436","€ 9,97",eko,FC644431
08/05/2026,VH-019,"26,83","0,515","€ 13,82",shell,FC895836
03/02/2026,VH-019,"26,69","0,507","€ 13,53",Avin,FC314446
26/05/2026,VH-020,"16,25","1,690","€ 27,46",EKO,FC102266
21/04/2026,VH-020,"8,99","1,725","€ 15,50",eko,FC699415
28/06/2026,VH-020,"9,17","1,740","€ 15,95",EKO,FC752423
17/05/2025,VH-020,"9,78","1,909","€ 18,67",BP,FC536230
17/03/2025,VH-020,"9,53","1,890","€ 18,00",eko,FC741540
21/04/2026,VH-020,"13,72","1,701","€ 23,33",EKO,FC966431
25/03/2026,VH-020,"10,27","1,914","€ 19,66",EKO,FC925979
04/12/2025,VH-020,"11,67","1,583","€ 18,47",eko,FC837968
16/12/2025,VH-020,"13,78","1,705","€ 23,49",EKO,FC573469
15/03/2025,VH-020,"8,54","1,932","€ 16,51",eko,FC900188
18/07/2025,VH-020,"13,04","1,638","€ 21,35",shell,FC230287
15/02/2026,VH-020,"19,76","1,544","€ 30,50",eko,FC451912
19/04/2025,VH-020,"8,00","1,795","€ 14,35",BP,FC861178
27/01/2026,VH-020,"7,46","1,659","€ 12,37",Avin,FC167530
16/06/2025,VH-020,"11,28","1,629","€ 18,37",EKO,FC824858
29/04/2026,VH-020,"11,08","1,881","€ 20,85",eko,FC493393
08/07/2026,VH-020,"6,53","1,761","€ 11,50",Avin,FC153107
04/06/2025,VH-020,"9,66","1,744","€ 16,85",EKO,FC568545
08/09/2025,VH-020,"17,03","1,840","€ 31,34",EKO,FC120801
06/11/2025,VH-020,"13,35","1,865","€ 24,91",Shell,FC169160
03/03/2025,VH-020,"9,22","1,656","€ 15,27",eko,FC845811
02/04/2026,VH-020,"12,75","1,580","€ 20,15",shell,FC902499
10/10/2025,VH-020,"12,34","1,620","€ 19,98",EKO,FC466986
02/03/2026,VH-020,"11,19","1,714","€ 19,18",Avin,FC514404
10/01/2026,VH-020,"7,45","1,551","€ 11,55",EKO,FC321368
27/08/2025,VH-020,"7,23","1,765","€ 12,76",shell,FC959190
07/08/2025,VH-020,"7,64","1,800","€ 13,75",BP,FC751010
24/04/2025,VH-020,"3,42","1,784","€ 6,10",Avin,FC676412
01/06/2025,VH-020,"12,63","1,833","€ 23,14",eko,FC618951
07/10/2025,VH-020,"14,76","1,564","€ 23,09",Avin,FC436155
20/02/2025,VH-020,"11,80","1,873","€ 22,10",Shell,FC990732
16/02/2025,VH-020,"8,90","1,582","€ 14,07",eko,FC721492
27/02/2025,VH-020,"11,82","1,888","€ 22,32",Shell,FC716836
23/01/2026,VH-020,"11,41","1,527","€ 17,42",eko,FC303967
02/12/2025,VH-020,"7,53","1,866","€ 14,05",shell,FC375919
29/11/2025,VH-020,"12,80","1,884","€ 24,12",Shell,FC195151
22/04/2025,VH-020,"10,53","1,836","€ 19,34",shell,FC169281
28/06/2026,VH-020,"10,66","1,838","€ 19,60",Avin,FC299147
18/08/2025,VH-020,"13,92","1,895","€ 26,39",Avin,FC304702
01/11/2025,VH-020,"15,09","1,578","€ 23,82",EKO,FC467021
06/02/2026,VH-020,"11,30","1,778","€ 20,10",eko,FC553191
11/03/2025,VH-020,"6,41","1,803","€ 11,56",BP,FC988995
28/05/2025,VH-020,"11,82","1,526","€ 18,04",eko,FC525901
04/02/2025,VH-020,"8,68","1,828","€ 15,87",shell,FC284167
03/06/2025,VH-020,"8,58","1,904","€ 16,34",eko,FC339508
26/02/2026,VH-020,"12,43","1,593","€ 19,80",BP,FC632782
29/05/2026,VH-020,"13,63","1,604","€ 21,86",EKO,FC978561
31/12/2025,VH-020,"9,00","1,880","€ 16,93",eko,FC299762
07/02/2025,VH-020,"13,22","1,807","€ 23,89",Shell,FC241651
31/08/2025,VH-020,"20,02","1,606","€ 32,16",Shell,FC759176
01/06/2025,VH-020,"12,98","1,645","€ 21,36",EKO,FC845467
29/03/2025,VH-020,"13,81","1,915","€ 26,44",EKO,FC174292
10/08/2025,VH-020,"13,59","1,789","€ 24,32",Shell,FC744877
18/11/2025,VH-020,"12,78","1,905","€ 24,35",EKO,FC966432
02/08/2025,VH-020,"12,04","1,545","€ 18,61",Shell,FC588330
13/03/2025,VH-020,"11,62","1,883","€ 21,87",Shell,FC859195
04/11/2025,VH-020,"7,26","1,649","€ 11,96",eko,FC377487
14/02/2026,VH-020,"17,85","1,772","€ 31,63",shell,FC709084
21/06/2025,VH-020,"15,93","1,609","€ 25,63",BP,FC534914
12/07/2025,VH-020,"10,46","1,923","€ 20,11",eko,FC257100
28/03/2025,VH-020,"11,37","1,570","€ 17,86",BP,FC627223
12/01/2026,VH-020,"12,18","1,542","€ 18,78",BP,FC636287
30/04/2026,VH-020,"11,87","1,661","€ 19,72",eko,FC494782
11/06/2026,VH-020,"9,91","1,930","€ 19,13",eko,FC442120
27/02/2026,VH-020,"12,27","1,594","€ 19,56",shell,FC890400
06/03/2026,VH-020,"10,45","1,744","€ 18,23",Shell,FC891891
09/10/2025,VH-020,"16,48","1,790","€ 29,50",eko,FC356760
16/10/2025,VH-020,"9,19","1,874","€ 17,22",Shell,FC653002
10/01/2026,VH-020,"7,54","1,854","€ 13,97",BP,FC439751
21/04/2026,VH-020,"12,35","1,606","€ 19,83",Avin,FC807105
26/11/2025,VH-020,"11,06","1,683","€ 18,61",Shell,FC272446
15/02/2025,VH-020,"13,04","1,917","€ 25,00",shell,FC248294
07/09/2025,VH-020,"6,91","1,756","€ 12,13",EKO,FC184246
12/02/2026,VH-020,"14,08","1,588","€ 22,36",EKO,FC188727
03/05/2026,VH-020,"14,01","1,738","€ 24,34",Shell,FC386929
04/04/2025,VH-020,"7,44","1,768","€ 13,15",Shell,FC944868
10/03/2025,VH-020,,"1,669","€ 12,51",EKO,FC754230
19/04/2026,VH-020,"10,96","1,627","€ 17,83",eko,FC543054
16/03/2026,VH-020,"9,53","1,844","€ 17,57",BP,FC337863
20/05/2025,VH-020,"10,55","1,722","€ 18,17",EKO,FC467035
17/11/2025,VH-020,"6,91","1,637","€ 11,32",Shell,FC638530
06/05/2025,VH-020,"12,38","1,548","€ 19,16",shell,FC586603
12/02/2026,VH-020,"10,79","1,704","€ 18,39",Shell,FC492759
11/08/2025,VH-020,"10,04","1,525","€ 15,31",Shell,FC559597
12/05/2025,VH-020,"12,54","1,638","€ 20,54",eko,FC273119
26/05/2025,VH-020,"14,46","1,697","€ 24,53",EKO,FC899836
15/04/2026,VH-020,"13,70","1,924","€ 26,36",Avin,FC205178
28/01/2026,VH-020,"8,81","1,736","€ 15,29",eko,FC135335
01/04/2025,VH-020,"12,96","1,838","€ 23,81",EKO,FC358273
01/08/2025,VH-020,"14,49","1,721","€ 24,94",Shell,FC428163
08/02/2026,VH-020,"12,04","1,936","€ 23,30",eko,FC905148
16/06/2025,VH-020,"8,93","1,580","€ 14,10",Avin,FC315982
15/11/2025,VH-020,"14,74","1,757","€ 25,90",EKO,FC508151
07/06/2026,VH-020,"5,66","1,593","€ 9,02",shell,FC336434
13/05/2025,VH-020,"8,04","1,884","€ 15,15",EKO,FC789020
02/06/2025,VH-020,"15,62","1,852","€ 28,92",eko,FC253647
22/08/2025,VH-020,"12,67","1,577","€ 19,98",eko,FC574945
13/04/2026,VH-020,"11,45","1,657","€ 18,98",shell,FC345776
14/12/2025,VH-020,"15,26","1,643","€ 25,08",Shell,FC173948
09/06/2025,VH-020,"11,65","1,630","€ 18,99",shell,FC545206
17/01/2025,VH-020,"8,55","1,717","€ 14,68",eko,FC726276
21/01/2026,VH-020,"11,86","1,833","€ 21,73",Shell,FC688211
30/06/2026,VH-020,"10,03","1,752","€ 17,58",shell,FC394868
27/03/2026,VH-020,"15,42","1,562","€ 24,08",BP,FC804784
10/10/2025,VH-020,"9,63","1,594","€ 15,35",shell,FC123069
10/01/2026,VH-020,"13,30","1,695","€ 22,54",Shell,FC950981
18/09/2025,VH-020,"12,35","1,701","€ 21,01",shell,FC245444
28/12/2025,VH-020,"12,30","1,881","€ 23,13",EKO,FC821460
26/02/2025,VH-020,"11,96","1,738","€ 20,78",Shell,FC466626
16/03/2025,VH-020,"4,61","1,757","€ 8,09",Shell,FC207803
09/12/2025,VH-020,"10,45","1,852","€ 19,36",Avin,FC591887
20/02/2026,VH-020,"13,37","1,797","€ 24,03",Shell,FC308469
30/03/2025,VH-020,"14,53","1,786","€ 25,94",Avin,FC988539
28/08/2025,VH-020,"12,84","1,749","€ 22,46",shell,FC804721
19/08/2025,VH-020,"9,72","1,877","€ 18,24",eko,FC741353
12/08/2025,VH-020,"13,27","1,893","€ 25,12",BP,FC839854
15/11/2025,VH-020,"13,08","1,883","€ 24,64",Avin,FC464354
26/03/2026,VH-020,"9,73","1,744","€ 16,97",EKO,FC933751
19/12/2025,VH-020,"14,08","1,726","€ 24,30",EKO,FC291534
06/07/2026,VH-020,"5,96","1,701","€ 10,15",shell,FC278385
27/06/2025,VH-020,"11,29","1,818","€ 20,52",EKO,FC338839
10/05/2025,VH-020,"10,40","1,667","€ 17,34",Shell,FC640623
28/04/2026,VH-020,"10,64","1,854","€ 19,73",EKO,FC236148
02/10/2025,VH-020,"12,08","1,658","€ 20,02",Avin,FC100603
16/05/2025,VH-020,"11,62","1,817","€ 21,11",EKO,FC301496
31/12/2025,VH-020,"11,52","1,660","€ 19,13",eko,FC158114
16/01/2025,VH-020,"14,07","1,824","€ 25,67",BP,FC991792
25/02/2026,VH-020,"11,99","1,772","€ 21,24",eko,FC691798
27/04/2026,VH-020,"13,36","1,748","€ 23,36",shell,FC802654
19/02/2026,VH-020,"13,14","1,566","€ 20,58",EKO,FC922582
14/10/2025,VH-020,"9,64","1,932","€ 18,63",EKO,FC498936
20/05/2026,VH-020,"13,50","1,798","€ 24,28",EKO,FC884889
12/10/2025,VH-020,"10,32","1,670","€ 17,24",Shell,FC185286
06/02/2025,VH-020,"7,28","1,643","€ 11,96",shell,FC567411
09/01/2026,VH-020,"12,05","1,858","€ 22,39",BP,FC979905
24/04/2026,VH-020,"15,80","1,904","€ 30,08",EKO,FC200090
24/09/2025,VH-020,"11,71","1,836","€ 21,50",Avin,FC968803
10/09/2025,VH-020,"12,90","1,687","€ 21,76",Shell,FC651422
19/01/2026,VH-020,"10,72","1,782","€ 19,10",EKO,FC207920
03/06/2026,VH-020,"8,72","1,635","€ 14,26",BP,FC988890
30/04/2025,VH-020,"11,19","1,767","€ 19,78",Shell,FC167108
01/04/2025,VH-020,"14,76","1,742","€ 25,72",eko,FC822411
30/12/2025,VH-020,"11,87","1,572","€ 18,66",shell,FC891552
07/02/2026,VH-020,"10,77","1,746","€ 18,81",shell,FC978787
21/05/2026,VH-020,"11,23","1,621","€ 18,20",BP,FC929068
03/04/2026,VH-020,"9,21","1,808","€ 16,66",Shell,FC609704
15/02/2026,VH-020,"9,77","1,795","€ 17,53",Shell,FC560503
19/06/2026,VH-020,"9,40","1,825","€ 17,16",Shell,FC302193
17/04/2025,VH-020,"10,57","1,700","€ 17,96",BP,FC124930
31/03/2025,VH-020,"14,58","1,638","€ 23,88",BP,FC615844
20/02/2026,VH-020,"8,24","1,521","€ 12,53",BP,FC857065
13/08/2025,VH-020,"10,11","1,693","€ 17,12",Avin,FC708691
16/05/2025,VH-020,"7,33","1,811","€ 13,28",BP,FC604326
07/05/2026,VH-020,"9,01","1,854","€ 16,71",Avin,FC701455
30/09/2025,VH-020,"14,28","1,745","€ 24,91",Shell,FC772741
03/05/2025,VH-020,"9,04","1,616","€ 14,61",Avin,FC551347
21/03/2026,VH-020,"8,10","1,888","€ 15,29",Avin,FC470728
05/05/2025,VH-021,"12,50","1,807","€ 22,58",BP,FC672530
06/03/2025,VH-021,"10,38","1,537","€ 15,95",EKO,FC715995
25/07/2025,VH-021,"9,82","1,901","€ 18,67",EKO,FC193657
12/03/2026,VH-021,"13,92","1,563","€ 21,76",BP,FC210277
07/02/2025,VH-021,"9,56","1,855","€ 17,74",Avin,FC985631
25/06/2026,VH-021,"18,66","1,597","€ 29,79",shell,FC669809
07/03/2025,VH-021,"15,31","1,714","€ 26,24",Shell,FC327364
07/04/2026,VH-021,"10,54","1,890","€ 19,93",Shell,FC687252
10/09/2025,VH-021,"10,73","1,785","€ 19,16",EKO,FC772221
26/02/2026,VH-021,"13,86","1,545","€ 21,41",EKO,FC659994
23/05/2025,VH-021,"15,51","1,632","€ 25,32",Shell,FC359394
11/12/2025,VH-021,"17,77","1,863","€ 33,10",eko,FC716292
18/02/2026,VH-021,"10,12","1,868","€ 18,91",EKO,FC533947
20/05/2026,VH-021,"5,88","1,714","€ 10,08",shell,FC636140
24/09/2025,VH-021,"9,11","1,655","€ 15,08",EKO,FC908217
07/06/2025,VH-021,"8,69","1,577","€ 13,71",Shell,FC496326
03/05/2025,VH-021,"12,10","1,731","€ 20,95",BP,FC757341
02/05/2026,VH-021,"13,78","1,799","€ 24,79",Shell,FC622137
10/10/2025,VH-021,"11,08","1,876","€ 20,79",Shell,FC150588
30/03/2026,VH-021,"5,71","1,717","€ 9,81",Shell,FC419942
03/04/2025,VH-021,"14,00","1,802","€ 25,23",shell,FC246039
13/06/2026,VH-021,"12,63","1,667","€ 21,05",BP,FC453813
23/06/2026,VH-021,"9,18","1,793","€ 16,46",Avin,FC167791
02/07/2025,VH-021,"9,21","1,600","€ 14,74",Shell,FC516257
10/07/2025,VH-021,"11,84","1,754","€ 20,76",eko,FC754625
22/12/2025,VH-021,"12,29","1,796","€ 22,08",BP,FC267822
15/07/2025,VH-021,"15,41","1,551","€ 23,91",eko,FC606636
10/03/2025,VH-021,"12,45","1,890","€ 23,54",shell,FC547199
28/05/2026,VH-021,"12,48","1,611","€ 20,10",eko,FC413055
11/07/2026,VH-021,"6,41","1,786","€ 11,44",eko,FC285136
22/10/2025,VH-021,"16,07","1,579","€ 25,37",eko,FC202631
05/01/2026,VH-021,"15,05","1,853","€ 27,89",shell,FC499305
28/09/2025,VH-021,"10,44","1,835","€ 19,16",shell,FC163925
24/03/2026,VH-021,"11,24","1,932","€ 21,71",Shell,FC328479
11/02/2025,VH-021,"8,64","1,916","€ 16,55",Shell,FC761385
18/11/2025,VH-021,"10,95","1,670","€ 18,28",shell,FC839056
19/04/2025,VH-021,"12,70","1,807","€ 22,95",Shell,FC865010
27/08/2025,VH-021,"12,28","1,563","€ 19,20",shell,FC447165
20/07/2025,VH-021,"11,44","1,587","€ 18,15",EKO,FC418190
29/12/2025,VH-021,,"1,754","€ 18,88",Avin,FC421320
10/05/2026,VH-021,"11,58","1,550","€ 17,95",shell,FC686464
20/05/2026,VH-021,"9,50","1,580","€ 15,01",Avin,FC576556
13/03/2025,VH-021,"2,48","1,559","€ 3,86",EKO,FC313169
26/07/2025,VH-021,"13,43","1,891","€ 25,41",eko,FC622997
29/01/2025,VH-021,"10,10","1,886","€ 19,04",Avin,FC715302
04/12/2025,VH-021,"11,87","1,720","€ 20,42",BP,FC971107
22/08/2025,VH-021,"14,53","1,731","€ 25,15",EKO,FC326868
20/05/2026,VH-021,"10,00","1,697","€ 16,98",shell,FC349803
19/04/2025,VH-021,"15,48","1,693","€ 26,21",shell,FC599396
24/09/2025,VH-021,"12,52","1,711","€ 21,43",Shell,FC132373
11/04/2025,VH-021,"15,97","1,700","€ 27,15",BP,FC674280
10/09/2025,VH-021,"10,41","1,782","€ 18,55",EKO,FC173310
14/11/2025,VH-021,"9,25","1,607","€ 14,86",Avin,FC401377
23/04/2025,VH-021,"12,68","1,772","€ 22,47",Avin,FC737619
22/05/2025,VH-021,"8,46","1,532","€ 12,96",Shell,FC912714
02/04/2025,VH-021,"13,48","1,831","€ 24,69",Shell,FC364636
03/02/2026,VH-021,"10,58","1,895","€ 20,06",eko,FC228281
13/07/2026,VH-021,"11,45","1,928","€ 22,08",eko,FC503306
23/03/2026,VH-021,"8,17","1,863","€ 15,22",Avin,FC819581
20/08/2025,VH-021,"8,43","1,583","€ 13,35",Avin,FC722028
10/03/2026,VH-021,"8,81","1,878","€ 16,54",eko,FC955597
20/10/2025,VH-021,"8,36","1,753","€ 14,66",shell,FC162866
16/05/2026,VH-021,"17,42","1,743","€ 30,36",EKO,FC481033
23/03/2025,VH-021,"12,54","1,589","€ 19,93",eko,FC351342
06/05/2025,VH-021,"15,89","1,566","€ 24,89",shell,FC573286
21/05/2026,VH-021,"7,72","1,720","€ 13,27",eko,FC916921
01/11/2025,VH-021,"14,85","1,528","€ 22,70",BP,FC950238
06/02/2025,VH-021,"12,71","1,617","€ 20,56",BP,FC435163
26/05/2026,VH-021,"8,97","1,697","€ 15,23",EKO,FC786547
09/02/2026,VH-021,"7,55","1,632","€ 12,32",Shell,FC420030
22/05/2026,VH-021,"11,67","1,567","€ 18,29",eko,FC127202
07/07/2025,VH-021,"8,75","1,882","€ 16,48",Avin,FC838175
29/11/2025,VH-021,"10,59","1,692","€ 17,91",BP,FC860231
21/06/2026,VH-021,"5,61","1,903","€ 10,67",BP,FC438574
16/03/2026,VH-021,"9,92","1,609","€ 15,96",shell,FC960313
05/07/2026,VH-021,"5,75","1,633","€ 9,40",Avin,FC527422
07/06/2025,VH-021,"11,34","1,555","€ 17,64",eko,FC509683
24/10/2025,VH-021,"7,49","1,863","€ 13,95",eko,FC732643
07/06/2025,VH-021,"11,08","1,887","€ 20,91",Avin,FC801791
27/01/2026,VH-021,"12,22","1,611","€ 19,68",eko,FC378672
09/06/2025,VH-021,"12,40","1,555","€ 19,29",shell,FC919211
15/05/2025,VH-021,"11,67","1,725","€ 20,13",BP,FC108989
14/03/2026,VH-021,"9,82","1,762","€ 17,31",Avin,FC558688
29/10/2025,VH-021,"8,62","1,692","€ 14,58",Shell,FC779189
31/03/2025,VH-021,"11,24","1,873","€ 21,06",shell,FC303642
28/09/2025,VH-021,"15,33","1,573","€ 24,11",Shell,FC149251
25/12/2025,VH-021,"11,87","1,875","€ 22,25",shell,FC637888
14/04/2025,VH-021,"12,33","1,683","€ 20,76",eko,FC905580
31/05/2026,VH-021,"7,65","1,629","€ 12,46",Avin,FC386486
04/12/2025,VH-021,"11,67","1,603","€ 18,70",shell,FC848308
06/10/2025,VH-021,"7,06","1,645","€ 11,62",Avin,FC695434
09/12/2025,VH-021,"12,65","1,828","€ 23,13",shell,FC194441
21/04/2025,VH-021,"13,23","1,705","€ 22,55",shell,FC690233
06/02/2025,VH-021,"9,58","1,843","€ 17,66",eko,FC522909
10/03/2025,VH-021,"9,01","1,896","€ 17,08",BP,FC345842
12/12/2025,VH-021,"9,84","1,524","€ 15,00",eko,FC957660
19/05/2025,VH-021,"9,80","1,574","€ 15,42",eko,FC154811
04/09/2025,VH-021,"8,94","1,578","€ 14,11",EKO,FC478252
05/06/2025,VH-021,"10,06","1,698","€ 17,09",eko,FC707665
20/04/2026,VH-021,"6,70","1,748","€ 11,71",Shell,FC453445
27/08/2025,VH-021,"12,58","1,711","€ 21,52",shell,FC951572
28/02/2025,VH-021,,"1,714","€ 19,47",Avin,FC544714
08/05/2026,VH-021,"13,59","1,696","€ 23,04",BP,FC677166
24/05/2025,VH-021,"9,24","1,724","€ 15,94",Shell,FC655723
17/02/2025,VH-021,"8,91","1,697","€ 15,12",Shell,FC974618
24/01/2025,VH-021,"4,70","1,819","€ 8,56",eko,FC466866
27/01/2025,VH-021,"11,77","1,737","€ 20,45",shell,FC744417
09/03/2026,VH-021,"11,28","1,732","€ 19,53",eko,FC141579
15/03/2025,VH-021,"12,87","1,523","€ 19,60",BP,FC326592
10/01/2025,VH-021,"13,88","1,586","€ 22,02",EKO,FC306531
20/12/2025,VH-021,"9,49","1,908","€ 18,10",eko,FC344819
06/03/2026,VH-021,"11,67","1,624","€ 18,96",EKO,FC112437
08/02/2026,VH-021,"8,79","1,816","€ 15,96",BP,FC689726
25/12/2025,VH-021,"9,65","1,719","€ 16,60",BP,FC965485
01/03/2025,VH-021,"10,82","1,902","€ 20,58",shell,FC506096
24/10/2025,VH-021,"7,34","1,705","€ 12,51",shell,FC771099
07/08/2025,VH-021,"6,84","1,708","€ 11,69",shell,FC104826
12/09/2025,VH-021,"10,52","1,898","€ 19,98",Shell,FC403978
01/02/2025,VH-021,"8,12","1,729","€ 14,04",EKO,FC256884
03/03/2026,VH-021,"14,46","1,690","€ 24,44",shell,FC639236
28/03/2026,VH-021,"9,47","1,914","€ 18,12",BP,FC970558
13/05/2025,VH-021,"12,07","1,832","€ 22,11",Avin,FC191493
03/07/2026,VH-021,"12,22","1,747","€ 21,36",EKO,FC323307
15/10/2025,VH-021,"13,39","1,731","€ 23,18",BP,FC401013
15/06/2025,VH-021,"12,26","1,728","€ 21,19",Avin,FC306854
07/01/2026,VH-021,"8,62","1,821","€ 15,70",EKO,FC281062
29/07/2025,VH-021,"11,21","1,919","€ 21,51",Shell,FC991424
09/12/2025,VH-021,"11,47","1,705","€ 19,55",shell,FC955954
08/10/2025,VH-021,"12,05","1,555","€ 18,74",eko,FC269687
29/08/2025,VH-021,"17,52","1,575","€ 27,59",Avin,FC414467
24/01/2026,VH-021,"13,10","1,735","€ 22,72",Avin,FC482497
03/07/2026,VH-021,"15,30","1,679","€ 25,70",Shell,FC400973
12/01/2025,VH-021,"16,34","1,616","€ 26,40",eko,FC323083
24/09/2025,VH-021,"13,38","1,638","€ 21,91",eko,FC208745
05/12/2025,VH-021,"11,98","1,609","€ 19,27",shell,FC928535
31/07/2025,VH-021,"6,20","1,701","€ 10,55",Avin,FC230931
30/03/2026,VH-021,"17,16","1,534","€ 26,32",EKO,FC533157
27/10/2025,VH-021,"4,50","1,788","€ 8,05",eko,FC405401
11/05/2026,VH-021,"6,39","1,858","€ 11,86",eko,FC285533
19/04/2026,VH-021,"10,67","1,818","€ 19,40",Avin,FC789258
16/03/2025,VH-021,"8,06","1,790","€ 14,43",shell,FC567492
04/07/2025,VH-021,"10,20","1,856","€ 18,93",eko,FC713875
10/03/2026,VH-021,"10,48","1,783","€ 18,68",shell,FC318421
10/03/2026,VH-021,"8,90","1,660","€ 14,78",shell,FC262937
27/03/2025,VH-021,"18,38","1,607","€ 29,53",EKO,FC692518
23/06/2025,VH-021,"4,35","1,930","€ 8,40",shell,FC808596
13/08/2025,VH-021,"12,02","1,787","€ 21,48",Shell,FC889301
23/08/2025,VH-022,"8,03","0,456","€ 3,66",shell,FC968671
23/08/2025,VH-022,"30,41","0,291","€ 8,85",shell,FC830641
18/02/2025,VH-022,"19,02","0,367","€ 6,98",eko,FC888199
26/06/2025,VH-022,"22,09","0,487","€ 10,76",BP,FC507383
01/02/2026,VH-022,"20,11","0,355","€ 7,14",Shell,FC768776
05/02/2026,VH-022,"12,39","0,380","€ 4,71",EKO,FC896965
24/05/2026,VH-022,"20,71","0,357","€ 7,39",eko,FC115415
10/06/2026,VH-022,"20,63","0,351","€ 7,24",eko,FC886858
24/05/2026,VH-022,"11,66","0,433","€ 5,05",EKO,FC600570
09/02/2025,VH-022,"13,89","0,468","€ 6,50",BP,FC698510
05/11/2025,VH-022,"15,23","0,331","€ 5,04",EKO,FC607741
10/02/2025,VH-022,"14,56","0,280","€ 4,08",shell,FC728328
26/02/2026,VH-022,"12,55","0,329","€ 4,13",EKO,FC895907
21/01/2026,VH-022,"13,98","0,373","€ 5,22",BP,FC448612
23/01/2026,VH-022,"26,78","0,340","€ 9,10",BP,FC525323
08/03/2025,VH-022,"14,90","0,329","€ 4,90",Shell,FC131816
27/01/2025,VH-022,"24,09","0,294","€ 7,08",eko,FC344541
20/09/2025,VH-022,"16,77","0,341","€ 5,72",BP,FC449119
17/09/2025,VH-022,"19,82","0,343","€ 6,80",BP,FC667614
25/06/2025,VH-022,"30,97","0,283","€ 8,76",eko,FC353546
11/01/2025,VH-022,"14,40","0,514","€ 7,40",Shell,FC431616
29/11/2025,VH-022,"11,53","0,459","€ 5,29",EKO,FC199032
28/05/2026,VH-022,"17,73","0,476","€ 8,44",eko,FC905693
28/09/2025,VH-022,"9,43","0,505","€ 4,76",Avin,FC438733
18/05/2025,VH-022,"22,91","0,363","€ 8,32",eko,FC634091
11/07/2025,VH-022,"12,33","0,471","€ 5,81",EKO,FC771785
01/06/2025,VH-022,"16,03","0,447","€ 7,16",EKO,FC180024
04/03/2026,VH-022,"18,67","0,360","€ 6,72",shell,FC613767
29/04/2026,VH-022,"14,64","0,399","€ 5,84",EKO,FC783736
11/05/2025,VH-022,"17,38","0,424","€ 7,37",Avin,FC175367
17/11/2025,VH-022,"14,68","0,491","€ 7,21",Avin,FC633929
22/04/2026,VH-022,"14,09","0,458","€ 6,45",Shell,FC934259
08/03/2026,VH-022,"15,46","0,438","€ 6,77",BP,FC271373
29/05/2025,VH-022,"6,02","0,498","€ 3,00",EKO,FC736605
18/01/2025,VH-022,"24,28","0,318","€ 7,72",Shell,FC630323
17/10/2025,VH-022,"17,01","0,400","€ 6,80",BP,FC934553
22/02/2025,VH-022,"15,00","0,369","€ 5,53",BP,FC653641
21/03/2025,VH-022,"25,98","0,313","€ 8,13",Shell,FC117443
05/11/2025,VH-022,"9,95","0,481","€ 4,79",Avin,FC516022
21/08/2025,VH-022,"11,01","0,509","€ 5,61",eko,FC397791
26/08/2025,VH-022,"13,85","0,430","€ 5,95",EKO,FC284550
20/06/2026,VH-022,"26,42","0,406","€ 10,72",Avin,FC405509
18/10/2025,VH-022,"19,65","0,490","€ 9,63",BP,FC207429
31/05/2025,VH-022,"20,02","0,405","€ 8,11",Avin,FC300123
04/04/2025,VH-022,"29,65","0,296","€ 8,78",EKO,FC145726
15/10/2025,VH-022,"9,50","0,455","€ 4,32",EKO,FC722363
17/08/2025,VH-022,"10,98","0,492","€ 5,40",Shell,FC307621
06/01/2026,VH-022,"15,46","0,392","€ 6,06",EKO,FC582039
23/07/2025,VH-022,"12,45","0,468","€ 5,82",Shell,FC730678
27/03/2026,VH-022,"21,05","0,512","€ 10,78",eko,FC443862
22/09/2025,VH-022,"11,06","0,467","€ 5,17",BP,FC235755
19/03/2025,VH-022,"18,54","0,316","€ 5,86",shell,FC834850
29/03/2025,VH-022,"13,12","0,339","€ 4,45",eko,FC798531
21/05/2025,VH-022,"19,54","0,326","€ 6,37",Shell,FC865986
09/01/2026,VH-022,"17,35","0,427","€ 7,41",eko,FC234533
09/05/2025,VH-022,"25,36","0,280","€ 7,10",Shell,FC968689
05/02/2026,VH-022,"14,99","0,452","€ 6,78",eko,FC746807
11/06/2025,VH-022,"14,01","0,449","€ 6,29",eko,FC368052
13/07/2025,VH-022,"27,03","0,306","€ 8,27",Avin,FC892600
04/05/2025,VH-022,"18,90","0,342","€ 6,46",EKO,FC820043
04/05/2026,VH-022,"17,25","0,509","€ 8,78",BP,FC144542
27/09/2025,VH-022,"18,56","0,462","€ 8,57",BP,FC925992
05/04/2025,VH-022,,"0,494","€ 8,33",Shell,FC612169
18/06/2025,VH-022,"15,86","0,353","€ 5,60",Shell,FC325829
26/05/2025,VH-022,"13,25","0,502","€ 6,65",shell,FC898286
19/12/2025,VH-022,"17,92","0,473","€ 8,48",EKO,FC635625
04/06/2026,VH-022,"23,96","0,418","€ 10,02",Avin,FC370741
18/10/2025,VH-022,"17,09","0,396","€ 6,77",BP,FC183910
26/03/2025,VH-022,"17,67","0,337","€ 5,95",eko,FC132202
20/08/2025,VH-022,"20,96","0,420","€ 8,80",shell,FC988289
15/02/2025,VH-022,"12,65","0,460","€ 5,82",shell,FC394677
22/07/2025,VH-022,"23,57","0,344","€ 8,11",Shell,FC287403
16/06/2025,VH-022,"18,11","0,516","€ 9,34",EKO,FC295112
11/08/2025,VH-022,"16,39","0,414","€ 6,78",eko,FC845697
05/08/2025,VH-022,"17,89","0,469","€ 8,39",BP,FC803058
16/07/2025,VH-022,"11,85","0,511","€ 6,06",BP,FC245108
11/02/2025,VH-022,"15,00","0,462","€ 6,93",Shell,FC605370
07/12/2025,VH-022,"14,65","0,407","€ 5,96",Avin,FC539714
22/02/2026,VH-022,"14,94","0,443","€ 6,62",shell,FC174288
17/05/2025,VH-022,"22,00","0,337","€ 7,42",eko,FC878803
25/05/2026,VH-022,"10,53","0,446","€ 4,70",Avin,FC702303
21/09/2025,VH-022,"12,29","0,491","€ 6,03",Shell,FC404848
08/03/2026,VH-022,"29,93","0,295","€ 8,83",EKO,FC891016
10/10/2025,VH-022,"22,45","0,418","€ 9,39",BP,FC584761
13/01/2026,VH-022,"25,35","0,351","€ 8,90",BP,FC647650
26/12/2025,VH-022,"14,57","0,417","€ 6,08",eko,FC353917
10/03/2026,VH-022,"17,32","0,479","€ 8,30",BP,FC896751
23/12/2025,VH-022,"22,83","0,334","€ 7,62",Shell,FC376736
11/11/2025,VH-022,"21,21","0,384","€ 8,14",EKO,FC143925
03/09/2025,VH-022,"12,77","0,372","€ 4,75",EKO,FC738440
27/06/2025,VH-022,"31,46","0,283","€ 8,90",EKO,FC126040
05/02/2025,VH-022,"16,81","0,359","€ 6,03",eko,FC938317
06/04/2025,VH-022,"8,20","0,456","€ 3,74",eko,FC283932
05/06/2026,VH-022,"9,33","0,438","€ 4,09",shell,FC334263
14/09/2025,VH-022,"17,13","0,410","€ 7,02",shell,FC284685
10/10/2025,VH-022,"12,32","0,415","€ 5,11",eko,FC747494
10/03/2026,VH-022,"16,93","0,462","€ 7,82",Avin,FC435259
04/09/2025,VH-022,"15,18","0,369","€ 5,60",Shell,FC932571
02/11/2025,VH-022,"18,61","0,286","€ 5,32",EKO,FC633609
17/12/2025,VH-022,"24,93","0,298","€ 7,43",Shell,FC420590
29/06/2025,VH-022,"23,22","0,441","€ 10,24",EKO,FC745690
05/01/2026,VH-022,"18,75","0,458","€ 8,59",EKO,FC635858
19/11/2025,VH-022,"23,18","0,286","€ 6,63",Avin,FC139117
06/04/2026,VH-022,"20,38","0,371","€ 7,56",eko,FC671076
20/10/2025,VH-022,"17,12","0,485","€ 8,30",shell,FC429778
30/08/2025,VH-022,"9,25","0,497","€ 4,60",Shell,FC316370
09/04/2025,VH-022,"26,20","0,280","€ 7,34",Avin,FC136492
14/02/2025,VH-022,"10,24","0,465","€ 4,76",Avin,FC971439
09/05/2026,VH-022,"19,28","0,326","€ 6,29",EKO,FC957047
25/04/2025,VH-022,"20,78","0,445","€ 9,25",eko,FC854426
01/04/2025,VH-022,"15,74","0,398","€ 6,26",BP,FC327190
07/03/2025,VH-022,"14,94","0,328","€ 4,90",EKO,FC380875
25/05/2025,VH-022,"18,74","0,447","€ 8,38",Shell,FC455993
07/10/2025,VH-022,"23,64","0,288","€ 6,81",Avin,FC696134
23/06/2025,VH-022,"13,79","0,281","€ 3,87",eko,FC681783
02/06/2026,VH-022,"19,19","0,335","€ 6,43",EKO,FC152573
18/12/2025,VH-022,"17,86","0,320","€ 5,71",Shell,FC642707
29/03/2025,VH-022,"10,49","0,517","€ 5,42",BP,FC433912
23/05/2025,VH-022,"15,14","0,415","€ 6,28",eko,FC793456
10/07/2026,VH-022,"24,84","0,295","€ 7,33",eko,FC430362
04/08/2025,VH-022,"24,75","0,361","€ 8,93",Shell,FC445320
10/01/2025,VH-022,"15,86","0,418","€ 6,63",Avin,FC341253
14/03/2026,VH-022,"15,47","0,455","€ 7,04",EKO,FC242605
20/12/2025,VH-022,"21,08","0,373","€ 7,86",shell,FC244492
29/06/2026,VH-022,"14,95","0,332","€ 4,96",shell,FC538130
08/07/2026,VH-022,"23,64","0,363","€ 8,58",Avin,FC123210
03/04/2026,VH-022,"16,90","0,420","€ 7,10",shell,FC110341
26/09/2025,VH-022,"18,51","0,404","€ 7,48",Avin,FC392032
11/10/2025,VH-022,"12,85","0,462","€ 5,94",Shell,FC852983
01/11/2025,VH-022,"16,47","0,417","€ 6,87",Shell,FC721252
20/09/2025,VH-022,"13,15","0,443","€ 5,82",BP,FC866008
30/06/2026,VH-022,"19,41","0,497","€ 9,65",Avin,FC749047
12/10/2025,VH-022,"14,84","0,476","€ 7,06",eko,FC511554
07/01/2025,VH-022,"16,77","0,446","€ 7,48",Shell,FC274279
08/04/2025,VH-022,"27,27","0,312","€ 8,51",BP,FC655192
24/10/2025,VH-022,"21,90","0,447","€ 9,79",BP,FC914771
23/12/2025,VH-022,"13,56","0,435","€ 5,90",BP,FC352315
22/07/2025,VH-022,"18,28","0,404","€ 7,38",BP,FC640030
02/01/2025,VH-022,"19,98","0,476","€ 9,51",eko,FC435208
11/02/2026,VH-022,"14,64","0,485","€ 7,10",eko,FC236891
23/12/2025,VH-022,"20,18","0,404","€ 8,15",Avin,FC894216
11/04/2026,VH-022,"11,17","0,374","€ 4,18",BP,FC388131
04/12/2025,VH-022,"29,08","0,298","€ 8,67",Avin,FC455892
05/05/2026,VH-022,"18,45","0,337","€ 6,22",eko,FC786455
19/10/2025,VH-022,"15,06","0,332","€ 5,00",BP,FC295490
08/07/2026,VH-022,"21,95","0,326","€ 7,16",Shell,FC435514
17/06/2025,VH-022,"13,42","0,480","€ 6,44",eko,FC513366
21/05/2026,VH-022,"12,91","0,412","€ 5,32",shell,FC563253
19/11/2025,VH-022,"24,41","0,306","€ 7,47",shell,FC322391
27/06/2025,VH-022,"17,29","0,316","€ 5,46",BP,FC238880
01/11/2025,VH-022,"12,16","0,500","€ 6,08",Shell,FC713469
16/07/2025,VH-022,"11,43","0,479","€ 5,48",shell,FC930497
05/03/2026,VH-022,"13,68","0,373","€ 5,10",eko,FC928650
13/01/2025,VH-022,"27,89","0,280","€ 7,81",eko,FC374200
15/03/2025,VH-022,"9,82","0,455","€ 4,47",Shell,FC857853
28/02/2025,VH-022,"20,38","0,351","€ 7,15",EKO,FC846873
31/01/2026,VH-023,,"0,428","€ 15,01",eko,FC816015
31/07/2025,VH-023,"34,66","0,283","€ 9,81",BP,FC372664
27/06/2025,VH-023,"37,95","0,371","€ 14,08",shell,FC444589
08/06/2026,VH-023,"56,15","0,381","€ 21,39",eko,FC264512
22/08/2025,VH-023,"25,96","0,367","€ 9,53",Avin,FC368214
07/06/2026,VH-023,"36,37","0,355","€ 12,91",Avin,FC133007
17/05/2025,VH-023,"18,32","0,431","€ 7,90",BP,FC523377
18/11/2025,VH-023,"43,90","0,342","€ 15,01",BP,FC129444
09/04/2026,VH-023,"28,26","0,375","€ 10,60",eko,FC350314
03/09/2025,VH-023,"38,16","0,493","€ 18,81",shell,FC545792
29/05/2025,VH-023,"28,42","0,461","€ 13,10",shell,FC923468
27/05/2026,VH-023,"22,56","0,416","€ 9,39",EKO,FC961949
13/03/2025,VH-023,"36,88","0,393","€ 14,49",EKO,FC968483
26/01/2025,VH-023,"44,75","0,352","€ 15,75",eko,FC598853
19/12/2025,VH-023,"42,62","0,310","€ 13,21",eko,FC860845
11/02/2025,VH-023,"44,64","0,335","€ 14,96",Avin,FC186345
20/04/2026,VH-023,"23,64","0,403","€ 9,53",Avin,FC209691
05/05/2026,VH-023,"51,51","0,312","€ 16,07",EKO,FC436263
13/02/2026,VH-023,,"0,302","€ 12,98",shell,FC974784
28/04/2026,VH-023,"37,63","0,362","€ 13,62",shell,FC955184
22/08/2025,VH-023,"26,79","0,505","€ 13,53",eko,FC614462
02/01/2026,VH-023,"35,80","0,375","€ 13,43",BP,FC209310
23/09/2025,VH-023,"31,55","0,479","€ 15,11",BP,FC572066
14/02/2026,VH-023,"43,69","0,372","€ 16,25",Shell,FC423179
29/03/2025,VH-023,"30,98","0,448","€ 13,88",Shell,FC983273
10/07/2026,VH-023,"21,13","0,519","€ 10,97",Avin,FC123153
06/02/2025,VH-023,"29,27","0,398","€ 11,65",EKO,FC530731
19/12/2025,VH-023,"35,95","0,297","€ 10,68",eko,FC257993
09/11/2025,VH-023,"23,41","0,495","€ 11,59",eko,FC841135
17/04/2025,VH-023,"27,52","0,316","€ 8,70",Avin,FC185109
06/12/2025,VH-023,"24,42","0,359","€ 8,77",BP,FC633237
06/03/2026,VH-023,"15,61","0,496","€ 7,74",Avin,FC494347
27/09/2025,VH-023,"34,17","0,458","€ 15,65",Shell,FC205298
08/05/2025,VH-023,"28,63","0,488","€ 13,97",EKO,FC611437
13/04/2026,VH-023,"39,50","0,335","€ 13,23",Shell,FC748019
22/05/2026,VH-023,"38,03","0,379","€ 14,41",BP,FC136239
11/05/2025,VH-023,"32,89","0,426","€ 14,01",Avin,FC188220
14/06/2026,VH-023,"36,88","0,437","€ 16,12",BP,FC428290
21/08/2025,VH-023,"46,36","0,299","€ 13,86",EKO,FC996916
08/06/2026,VH-023,"54,87","0,383","€ 21,02",eko,FC951017
13/02/2025,VH-023,"15,97","0,283","€ 4,52",EKO,FC283321
31/03/2025,VH-023,"47,05","0,283","€ 13,32",Avin,FC577374
16/01/2025,VH-023,"30,12","0,336","€ 10,12",eko,FC127514
03/02/2025,VH-023,"34,70","0,376","€ 13,05",BP,FC850008
18/12/2025,VH-023,"41,55","0,300","€ 12,46",BP,FC395978
30/11/2025,VH-023,"35,48","0,371","€ 13,16",BP,FC225354
03/07/2026,VH-023,"42,93","0,425","€ 18,24",shell,FC219774
31/08/2025,VH-023,"15,27","0,490","€ 7,48",shell,FC847737
04/05/2025,VH-023,"48,91","0,352","€ 17,22",eko,FC619803
13/09/2025,VH-023,"26,94","0,486","€ 13,09",shell,FC160677
27/04/2026,VH-023,"33,22","0,461","€ 15,31",Shell,FC468703
09/12/2025,VH-023,"38,39","0,344","€ 13,21",BP,FC150635
20/08/2025,VH-023,"21,68","0,310","€ 6,72",eko,FC504900
27/08/2025,VH-023,"49,93","0,287","€ 14,33",shell,FC820355
10/07/2025,VH-023,"36,20","0,466","€ 16,87",Avin,FC100712
11/09/2025,VH-023,"25,57","0,470","€ 12,02",eko,FC303858
11/10/2025,VH-023,"35,20","0,436","€ 15,35",Shell,FC418409
18/11/2025,VH-023,"29,79","0,422","€ 12,57",Shell,FC597829
15/11/2025,VH-023,"22,51","0,426","€ 9,59",Shell,FC664396
12/11/2025,VH-023,"19,61","0,335","€ 6,57",eko,FC676935
16/02/2025,VH-023,"36,81","0,328","€ 12,07",EKO,FC221060
04/06/2025,VH-023,"24,76","0,387","€ 9,58",Avin,FC903964
18/06/2026,VH-023,"18,06","0,491","€ 8,87",Avin,FC888269
05/07/2026,VH-023,"41,52","0,404","€ 16,77",EKO,FC372075
24/03/2025,VH-023,"25,18","0,329","€ 8,29",Avin,FC357351
03/01/2025,VH-023,"33,33","0,420","€ 14,00",BP,FC584550
24/03/2026,VH-023,"37,49","0,288","€ 10,80",shell,FC258153
18/03/2026,VH-023,"17,50","0,361","€ 6,32",shell,FC141043
22/11/2025,VH-023,"19,17","0,434","€ 8,32",shell,FC105071
13/12/2025,VH-023,"33,66","0,283","€ 9,53",Shell,FC576179
25/04/2025,VH-023,"26,00","0,345","€ 8,97",EKO,FC902027
04/01/2025,VH-023,"34,08","0,342","€ 11,65",BP,FC709754
29/11/2025,VH-023,"41,09","0,419","€ 17,22",Avin,FC315916
08/01/2026,VH-023,"34,89","0,347","€ 12,11",eko,FC388460
09/06/2026,VH-023,"52,59","0,315","€ 16,57",BP,FC400882
07/03/2026,VH-023,"16,79","0,514","€ 8,63",Avin,FC793460
18/06/2025,VH-023,"19,47","0,489","€ 9,52",Shell,FC673373
01/08/2025,VH-023,"41,95","0,370","€ 15,52",BP,FC390309
24/03/2025,VH-023,"38,16","0,337","€ 12,86",shell,FC131289
30/07/2025,VH-023,"21,01","0,511","€ 10,73",Avin,FC435173
14/11/2025,VH-023,"45,78","0,286","€ 13,09",shell,FC601260
04/05/2025,VH-023,"34,49","0,367","€ 12,66",Avin,FC630028
04/07/2025,VH-023,"29,70","0,476","€ 14,14",shell,FC513749
26/06/2026,VH-023,"55,12","0,303","€ 16,70",Shell,FC710467
11/07/2026,VH-023,"39,25","0,366","€ 14,36",Shell,FC267442
29/08/2025,VH-023,"36,21","0,335","€ 12,13",Avin,FC832905
16/01/2026,VH-023,"24,25","0,468","€ 11,35",eko,FC164051
10/10/2025,VH-023,"29,65","0,472","€ 13,99",eko,FC383845
23/11/2025,VH-023,"25,90","0,472","€ 12,22",Shell,FC383752
26/05/2026,VH-023,"31,06","0,314","€ 9,75",Shell,FC334545
21/01/2026,VH-023,"37,01","0,319","€ 11,81",Shell,FC566419
17/02/2025,VH-023,"35,06","0,455","€ 15,95",Shell,FC834287
14/05/2026,VH-023,"27,36","0,438","€ 11,98",EKO,FC863099
14/03/2025,VH-023,"37,20","0,398","€ 14,80",Avin,FC576238
04/07/2026,VH-023,"25,04","0,489","€ 12,24",Shell,FC829954
17/02/2025,VH-023,"29,58","0,381","€ 11,27",Shell,FC855292
16/01/2025,VH-023,"23,23","0,485","€ 11,26",Avin,FC673040
07/06/2026,VH-023,"43,84","0,378","€ 16,57",BP,FC529785
07/05/2025,VH-023,"35,86","0,461","€ 16,53",Shell,FC472625
02/03/2026,VH-023,"34,57","0,361","€ 12,48",Shell,FC627134
07/08/2025,VH-023,"33,69","0,313","€ 10,55",EKO,FC451864
26/02/2025,VH-023,"36,76","0,357","€ 13,12",BP,FC257844
23/06/2026,VH-023,"24,59","0,304","€ 7,48",Shell,FC303424
03/11/2025,VH-023,"31,88","0,401","€ 12,78",eko,FC982574
07/08/2025,VH-023,"37,57","0,286","€ 10,74",Avin,FC364219
28/03/2025,VH-023,"17,70","0,466","€ 8,25",Avin,FC371641
19/04/2026,VH-023,"35,05","0,495","€ 17,35",BP,FC523760
21/09/2025,VH-023,"40,67","0,307","€ 12,49",Shell,FC904117
23/11/2025,VH-023,"28,70","0,448","€ 12,86",shell,FC178059
01/06/2026,VH-023,"35,47","0,330","€ 11,71",BP,FC389526
05/05/2025,VH-023,"25,40","0,337","€ 8,56",eko,FC232682
28/03/2025,VH-023,"22,52","0,392","€ 8,83",BP,FC898174
29/11/2025,VH-023,"36,88","0,368","€ 13,57",Shell,FC563967
28/08/2025,VH-023,"51,06","0,314","€ 16,03",BP,FC123073
21/03/2025,VH-023,"23,45","0,429","€ 10,06",shell,FC935050
28/02/2026,VH-023,"28,82","0,452","€ 13,03",BP,FC500385
21/10/2025,VH-023,"18,25","0,410","€ 7,48",Shell,FC785116
07/03/2026,VH-023,"31,23","0,287","€ 8,96",BP,FC589773
29/09/2025,VH-023,"38,77","0,318","€ 12,33",Avin,FC867243
09/01/2026,VH-023,"27,04","0,519","€ 14,04",shell,FC268044
21/02/2025,VH-023,"18,25","0,487","€ 8,89",shell,FC521347
08/07/2026,VH-023,"39,86","0,353","€ 14,07",shell,FC803430
03/03/2026,VH-023,"41,81","0,347","€ 14,51",Avin,FC593846
15/01/2026,VH-023,"17,52","0,475","€ 8,32",BP,FC173266
16/07/2025,VH-023,"42,27","0,357","€ 15,09",shell,FC909370
08/04/2026,VH-023,"37,50","0,406","€ 15,23",BP,FC558068
01/02/2025,VH-023,"22,86","0,504","€ 11,52",eko,FC560300
25/06/2026,VH-023,"36,82","0,341","€ 12,55",Avin,FC243520
09/12/2025,VH-023,"33,83","0,472","€ 15,97",shell,FC180485
15/03/2026,VH-023,"50,06","0,350","€ 17,52",BP,FC734596
07/09/2025,VH-023,"28,42","0,360","€ 10,23",Shell,FC310358
02/08/2025,VH-023,"36,31","0,509","€ 18,48",eko,FC795633
20/03/2025,VH-023,"27,70","0,485","€ 13,43",BP,FC618571
30/05/2025,VH-023,"37,83","0,427","€ 16,15",eko,FC505763
04/02/2025,VH-023,"44,59","0,430","€ 19,18",Shell,FC473411
20/06/2025,VH-023,"42,82","0,362","€ 15,50",Avin,FC277184
19/07/2025,VH-023,"51,12","0,318","€ 16,26",EKO,FC622829
04/01/2025,VH-023,"33,21","0,436","€ 14,48",Avin,FC893925
07/05/2026,VH-023,"57,24","0,284","€ 16,26",EKO,FC188165
19/01/2025,VH-023,"31,71","0,325","€ 10,31",eko,FC255815
19/05/2026,VH-023,"35,76","0,383","€ 13,70",BP,FC623259
28/04/2026,VH-023,"29,16","0,488","€ 14,23",shell,FC567115
16/05/2025,VH-023,"24,27","0,346","€ 8,40",Avin,FC404572
14/06/2025,VH-023,"21,79","0,511","€ 11,13",BP,FC588406
28/01/2025,VH-023,"49,54","0,400","€ 19,82",eko,FC619694
16/02/2025,VH-023,"47,27","0,325","€ 15,36",eko,FC452030
09/12/2025,VH-023,"42,44","0,418","€ 17,74",shell,FC611645
12/06/2025,VH-023,"29,65","0,508","€ 15,06",shell,FC561890
04/04/2025,VH-023,"36,68","0,368","€ 13,50",shell,FC595909
30/12/2025,VH-023,"26,13","0,366","€ 9,56",eko,FC667792
05/06/2026,VH-023,"18,06","0,413","€ 7,46",Avin,FC812354
07/05/2026,VH-023,"33,68","0,392","€ 13,20",shell,FC458173
02/08/2025,VH-023,"33,42","0,342","€ 11,43",Shell,FC711677
01/04/2026,VH-023,"33,17","0,325","€ 10,78",Shell,FC747768
18/01/2025,VH-024,"9,37","1,936","€ 18,14",Shell,FC106033
11/07/2026,VH-024,"13,85","1,863","€ 25,80",eko,FC976265
06/05/2025,VH-024,"10,84","1,626","€ 17,62",Avin,FC382120
28/08/2025,VH-024,"11,83","1,772","€ 20,96",Avin,FC989069
28/12/2025,VH-024,"12,98","1,528","€ 19,83",Shell,FC370401
15/03/2026,VH-024,"8,86","1,715","€ 15,19",Avin,FC107073
10/08/2025,VH-024,"14,35","1,624","€ 23,31",Shell,FC936951
03/03/2026,VH-024,"8,68","1,738","€ 15,09",EKO,FC679441
10/01/2025,VH-024,"10,80","1,797","€ 19,41",eko,FC832808
09/05/2025,VH-024,"16,15","1,574","€ 25,43",EKO,FC750905
17/07/2025,VH-024,"10,32","1,541","€ 15,91",Avin,FC723044
27/05/2026,VH-024,"11,54","1,659","€ 19,14",Avin,FC655983
17/05/2025,VH-024,"10,76","1,675","€ 18,01",EKO,FC837803
16/08/2025,VH-024,"10,73","1,632","€ 17,51",shell,FC888161
22/04/2026,VH-024,"5,04","1,898","€ 9,56",shell,FC632327
10/10/2025,VH-024,"8,87","1,755","€ 15,57",eko,FC467735
18/04/2025,VH-024,"10,43","1,795","€ 18,72",BP,FC362372
15/05/2025,VH-024,"4,48","1,766","€ 7,91",eko,FC152375
23/11/2025,VH-024,"15,53","1,572","€ 24,41",EKO,FC720492
25/06/2025,VH-024,"9,15","1,822","€ 16,67",eko,FC962541
30/04/2025,VH-024,"12,26","1,885","€ 23,12",shell,FC229582
01/07/2025,VH-024,"11,13","1,786","€ 19,88",Avin,FC939989
14/09/2025,VH-024,"4,20","1,636","€ 6,87",eko,FC749426
16/06/2025,VH-024,"14,69","1,688","€ 24,79",shell,FC226398
08/01/2026,VH-024,"13,54","1,936","€ 26,22",Shell,FC393653
10/01/2025,VH-024,"11,47","1,537","€ 17,63",EKO,FC541478
16/01/2026,VH-024,"8,69","1,610","€ 13,99",EKO,FC636722
29/08/2025,VH-024,"13,46","1,596","€ 21,48",Avin,FC648955
21/12/2025,VH-024,"12,10","1,673","€ 20,24",eko,FC606300
19/07/2025,VH-024,"11,57","1,724","€ 19,95",Avin,FC449320
12/03/2025,VH-024,"10,04","1,877","€ 18,84",shell,FC559758
21/06/2025,VH-024,"13,68","1,896","€ 25,94",shell,FC455055
29/10/2025,VH-024,"9,94","1,660","€ 16,50",EKO,FC327662
28/01/2025,VH-024,"15,23","1,873","€ 28,52",EKO,FC648562
20/11/2025,VH-024,"16,64","1,619","€ 26,93",EKO,FC726752
02/11/2025,VH-024,"11,24","1,815","€ 20,39",BP,FC373691
06/06/2025,VH-024,"14,78","1,898","€ 28,04",Avin,FC395225
18/03/2025,VH-024,"13,77","1,871","€ 25,76",Avin,FC832899
01/02/2026,VH-024,"12,59","1,843","€ 23,21",Avin,FC762734
10/09/2025,VH-024,"10,14","1,622","€ 16,45",BP,FC604062
20/11/2025,VH-024,"9,66","1,833","€ 17,71",BP,FC856239
06/07/2026,VH-024,"13,68","1,787","€ 24,44",Avin,FC993061
22/01/2025,VH-024,"8,12","1,543","€ 12,53",Avin,FC947744
01/10/2025,VH-024,"14,87","1,603","€ 23,84",shell,FC651277
13/07/2025,VH-024,"10,92","1,844","€ 20,14",Shell,FC850346
18/01/2026,VH-024,"13,62","1,741","€ 23,72",eko,FC298651
07/05/2026,VH-024,"14,31","1,887","€ 27,01",eko,FC262099
19/05/2025,VH-024,"11,23","1,834","€ 20,59",EKO,FC898743
15/04/2026,VH-024,"14,61","1,801","€ 26,31",eko,FC725901
02/07/2025,VH-024,"10,89","1,633","€ 17,78",EKO,FC869164
21/06/2026,VH-024,"9,89","1,713","€ 16,95",BP,FC123033
06/08/2025,VH-024,"6,06","1,877","€ 11,37",eko,FC148719
26/05/2025,VH-024,"15,29","1,586","€ 24,24",shell,FC276617
24/03/2025,VH-024,"8,79","1,909","€ 16,79",shell,FC245220
18/04/2026,VH-024,"17,10","1,572","€ 26,88",eko,FC874787
17/06/2025,VH-024,"11,86","1,732","€ 20,54",eko,FC351134
05/06/2026,VH-024,"13,80","1,551","€ 21,40",Shell,FC905741
22/03/2026,VH-024,"7,80","1,761","€ 13,73",eko,FC192005
31/03/2025,VH-024,"14,75","1,757","€ 25,92",eko,FC984303
17/06/2025,VH-024,"13,52","1,525","€ 20,61",Shell,FC492041
01/04/2026,VH-024,"16,53","1,776","€ 29,36",shell,FC836105
11/01/2025,VH-024,"8,46","1,609","€ 13,61",BP,FC718973
06/05/2025,VH-024,"10,31","1,679","€ 17,31",Shell,FC162247
24/04/2025,VH-024,"8,81","1,923","€ 16,94",EKO,FC499416
24/07/2025,VH-024,"14,50","1,635","€ 23,71",BP,FC557878
24/01/2025,VH-024,"13,20","1,890","€ 24,96",Avin,FC858903
20/10/2025,VH-024,"8,25","1,675","€ 13,83",Avin,FC133089
19/01/2025,VH-024,"10,04","1,907","€ 19,14",shell,FC259082
19/05/2026,VH-024,"11,42","1,694","€ 19,34",eko,FC585035
19/08/2025,VH-024,"13,27","1,608","€ 21,33",Shell,FC777536
01/05/2025,VH-024,"15,39","1,760","€ 27,09",shell,FC819099
22/07/2025,VH-024,"13,17","1,771","€ 23,33",BP,FC157684
30/08/2025,VH-024,"6,67","1,889","€ 12,60",eko,FC634214
26/05/2026,VH-024,"6,73","1,817","€ 12,23",shell,FC864289
07/07/2026,VH-024,,"1,692","€ 20,76",BP,FC523563
01/06/2026,VH-024,"7,96","1,632","€ 12,99",shell,FC810418
03/03/2026,VH-024,"15,62","1,526","€ 23,84",Shell,FC529499
05/04/2025,VH-024,"15,59","1,648","€ 25,69",eko,FC357504
22/02/2025,VH-024,"15,48","1,790","€ 27,71",Avin,FC224401
17/03/2026,VH-024,"8,93","1,661","€ 14,83",Avin,FC859331
08/03/2025,VH-024,"9,42","1,877","€ 17,68",eko,FC451563
06/03/2025,VH-024,"11,84","1,854","€ 21,96",Avin,FC370240
27/03/2026,VH-024,"11,21","1,676","€ 18,79",Shell,FC769043
01/01/2026,VH-024,"13,84","1,881","€ 26,03",EKO,FC731894
20/09/2025,VH-024,"10,67","1,877","€ 20,04",EKO,FC485106
23/02/2025,VH-024,"12,59","1,829","€ 23,03",Avin,FC741395
23/06/2025,VH-024,"9,55","1,803","€ 17,22",Avin,FC657672
15/02/2026,VH-024,"11,51","1,864","€ 21,46",eko,FC790281
25/01/2026,VH-024,"14,53","1,694","€ 24,62",Shell,FC585263
08/06/2025,VH-024,"6,51","1,793","€ 11,68",eko,FC108637
04/05/2026,VH-024,"10,34","1,661","€ 17,17",BP,FC779691
09/01/2025,VH-024,"6,97","1,896","€ 13,21",BP,FC774925
14/03/2025,VH-024,"13,80","1,632","€ 22,52",shell,FC384566
17/04/2025,VH-024,"12,32","1,605","€ 19,78",shell,FC755690
26/02/2025,VH-024,"11,26","1,862","€ 20,96",eko,FC985270
05/11/2025,VH-024,"14,07","1,694","€ 23,83",BP,FC646104
03/12/2025,VH-024,"9,07","1,749","€ 15,87",shell,FC243822
30/11/2025,VH-024,"13,02","1,623","€ 21,14",eko,FC835972
04/09/2025,VH-024,"7,86","1,618","€ 12,71",EKO,FC213200
20/10/2025,VH-024,"9,68","1,786","€ 17,29",Shell,FC335634
31/05/2025,VH-024,"12,04","1,799","€ 21,66",EKO,FC277145
31/03/2026,VH-024,"9,82","1,823","€ 17,90",eko,FC784240
02/03/2025,VH-024,"7,84","1,890","€ 14,82",eko,FC452106
06/09/2025,VH-024,"5,50","1,869","€ 10,28",Shell,FC300012
30/12/2025,VH-024,"13,08","1,886","€ 24,66",Shell,FC699595
12/04/2026,VH-024,"14,25","1,593","€ 22,69",Avin,FC713067
17/05/2026,VH-024,"10,41","1,796","€ 18,69",shell,FC439329
14/07/2026,VH-024,"7,68","1,688","€ 12,97",BP,FC847382
05/09/2025,VH-024,"9,39","1,895","€ 17,80",eko,FC167908
14/11/2025,VH-024,"11,40","1,736","€ 19,80",Avin,FC991697
01/09/2025,VH-024,"8,76","1,525","€ 13,35",shell,FC375541
24/01/2026,VH-024,"9,34","1,635","€ 15,28",EKO,FC604816
20/09/2025,VH-024,"16,43","1,656","€ 27,20",eko,FC374621
17/05/2025,VH-024,"12,28","1,915","€ 23,51",eko,FC220704
01/05/2025,VH-024,"12,63","1,751","€ 22,12",EKO,FC823578
23/11/2025,VH-024,"10,21","1,822","€ 18,60",Shell,FC834859
21/02/2025,VH-024,"9,17","1,607","€ 14,74",EKO,FC815622
02/04/2025,VH-024,"14,34","1,648","€ 23,63",shell,FC870368
25/02/2026,VH-024,"11,16","1,754","€ 19,57",Avin,FC712166
28/05/2025,VH-024,"14,20","1,720","€ 24,42",shell,FC208855
08/09/2025,VH-024,"11,10","1,575","€ 17,48",Shell,FC288900
21/05/2025,VH-024,"11,55","1,867","€ 21,57",BP,FC654462
25/10/2025,VH-024,"13,06","1,883","€ 24,60",eko,FC416371
24/10/2025,VH-024,"12,26","1,540","€ 18,89",eko,FC604313
18/01/2025,VH-024,"9,74","1,939","€ 18,89",BP,FC596039
10/04/2026,VH-024,"13,21","1,887","€ 24,92",Avin,FC389308
21/02/2026,VH-024,"8,61","1,854","€ 15,97",eko,FC297496
19/10/2025,VH-024,"10,75","1,917","€ 20,60",shell,FC259797
08/02/2025,VH-024,"17,35","1,543","€ 26,76",Avin,FC561086
05/03/2025,VH-024,"8,69","1,939","€ 16,84",EKO,FC253134
27/12/2025,VH-024,"11,00","1,820","€ 20,03",eko,FC749573
04/09/2025,VH-024,"4,91","1,591","€ 7,81",Shell,FC141769
06/03/2026,VH-024,"6,97","1,880","€ 13,11",BP,FC764303
07/06/2026,VH-024,"16,57","1,929","€ 31,96",Avin,FC814520
03/09/2025,VH-024,"13,38","1,664","€ 22,26",shell,FC447430
24/11/2025,VH-024,"10,68","1,711","€ 18,27",shell,FC126892
15/05/2025,VH-024,"11,10","1,766","€ 19,61",BP,FC567700
01/03/2026,VH-024,"15,73","1,704","€ 26,80",BP,FC682258
10/06/2026,VH-024,"17,43","1,531","€ 26,68",shell,FC899592
02/12/2025,VH-024,"13,20","1,790","€ 23,63",EKO,FC363572
10/04/2025,VH-024,"13,93","1,693","€ 23,59",Shell,FC588597
01/07/2026,VH-024,"9,78","1,540","€ 15,06",shell,FC637056
11/08/2025,VH-024,"12,12","1,720","€ 20,84",Shell,FC695341
10/02/2025,VH-024,"9,57","1,864","€ 17,84",eko,FC505055
05/09/2025,VH-024,"12,06","1,664","€ 20,07",BP,FC807472
06/07/2025,VH-024,"9,78","1,793","€ 17,53",Shell,FC824503
03/07/2025,VH-024,"14,68","1,565","€ 22,97",EKO,FC927713
06/07/2026,VH-024,,"1,575","€ 16,02",BP,FC723262
07/07/2025,VH-024,"10,48","1,720","€ 18,03",EKO,FC693978
12/03/2026,VH-024,"7,35","1,597","€ 11,75",shell,FC357558
27/05/2026,VH-024,"11,19","1,668","€ 18,66",EKO,FC763779
23/08/2025,VH-024,"10,77","1,756","€ 18,92",shell,FC681534
17/01/2026,VH-024,"11,87","1,635","€ 19,41",Avin,FC671868
28/04/2025,VH-025,"8,83","1,939","€ 17,11",Shell,FC791924
10/07/2025,VH-025,"7,53","1,739","€ 13,10",EKO,FC438585
30/12/2025,VH-025,"4,06","1,791","€ 7,27",eko,FC199157
14/02/2026,VH-025,"15,65","1,549","€ 24,24",eko,FC660611
27/12/2025,VH-025,"14,60","1,640","€ 23,95",Shell,FC224442
05/10/2025,VH-025,"12,67","1,758","€ 22,28",BP,FC163992
28/09/2025,VH-025,"15,66","1,671","€ 26,17",Shell,FC272091
20/04/2025,VH-025,,"1,746","€ 25,42",shell,FC196151
23/02/2025,VH-025,"9,69","1,812","€ 17,55",BP,FC146198
02/07/2025,VH-025,"12,00","1,702","€ 20,42",Avin,FC158216
15/06/2025,VH-025,"12,74","1,591","€ 20,28",Avin,FC623398
01/02/2025,VH-025,"11,12","1,611","€ 17,91",EKO,FC139538
18/04/2026,VH-025,"10,47","1,931","€ 20,22",EKO,FC774927
28/05/2026,VH-025,"10,24","1,893","€ 19,39",eko,FC476659
15/11/2025,VH-025,"6,33","1,891","€ 11,97",Avin,FC178734
26/04/2025,VH-025,"9,24","1,666","€ 15,40",EKO,FC184999
29/01/2026,VH-025,"10,11","1,933","€ 19,54",BP,FC182366
12/10/2025,VH-025,"12,46","1,862","€ 23,20",EKO,FC162878
28/09/2025,VH-025,"13,21","1,821","€ 24,06",eko,FC492433
10/07/2025,VH-025,"10,99","1,560","€ 17,15",BP,FC742069
23/08/2025,VH-025,"10,32","1,768","€ 18,25",Shell,FC802792
30/10/2025,VH-025,"12,34","1,929","€ 23,80",BP,FC220816
25/09/2025,VH-025,"16,45","1,713","€ 28,18",EKO,FC439652
13/07/2025,VH-025,"11,52","1,823","€ 21,00",shell,FC614474
11/02/2026,VH-025,"11,35","1,614","€ 18,32",Avin,FC857191
04/06/2026,VH-025,"9,05","1,792","€ 16,22",Shell,FC318109
10/07/2025,VH-025,"6,42","1,857","€ 11,91",eko,FC578843
12/12/2025,VH-025,"13,22","1,902","€ 25,14",eko,FC142308
02/01/2026,VH-025,"8,27","1,635","€ 13,52",EKO,FC669210
03/08/2025,VH-025,"13,18","1,896","€ 24,99",shell,FC230607
15/12/2025,VH-025,"9,53","1,592","€ 15,18",shell,FC459558
02/04/2025,VH-025,"17,42","1,595","€ 27,79",BP,FC759763
03/03/2025,VH-025,"13,65","1,694","€ 23,12",shell,FC152652
07/11/2025,VH-025,"14,85","1,639","€ 24,34",shell,FC965868
11/01/2025,VH-025,"9,64","1,938","€ 18,68",BP,FC871255
09/03/2025,VH-025,"11,49","1,540","€ 17,69",EKO,FC585374
10/07/2026,VH-025,"6,62","1,625","€ 10,76",Shell,FC446126
17/06/2025,VH-025,"10,78","1,768","€ 19,05",Avin,FC305131
21/04/2026,VH-025,"11,86","1,702","€ 20,19",Avin,FC767029
21/01/2026,VH-025,"14,45","1,542","€ 22,29",eko,FC904866
17/11/2025,VH-025,"6,74","1,550","€ 10,45",EKO,FC592348
02/02/2026,VH-025,"13,71","1,806","€ 24,77",EKO,FC130803
09/06/2026,VH-025,"10,20","1,691","€ 17,25",BP,FC702660
13/01/2025,VH-025,"10,74","1,840","€ 19,77",shell,FC463465
05/02/2025,VH-025,"6,91","1,622","€ 11,21",eko,FC434469
15/04/2026,VH-025,"13,53","1,608","€ 21,75",EKO,FC638466
22/05/2025,VH-025,"14,30","1,820","€ 26,02",eko,FC195842
30/03/2026,VH-025,"10,27","1,905","€ 19,57",BP,FC953567
29/03/2026,VH-025,"8,39","1,695","€ 14,22",eko,FC113054
05/12/2025,VH-025,"12,70","1,534","€ 19,48",BP,FC326856
17/01/2025,VH-025,"10,97","1,649","€ 18,09",eko,FC152692
22/04/2025,VH-025,"4,88","1,594","€ 7,78",eko,FC450821
13/01/2026,VH-025,"9,67","1,664","€ 16,09",Shell,FC886182
27/11/2025,VH-025,"4,06","1,557","€ 6,32",Avin,FC229844
21/02/2026,VH-025,"9,33","1,921","€ 17,93",shell,FC875646
03/02/2025,VH-025,"14,93","1,721","€ 25,69",Avin,FC564512
21/05/2026,VH-025,"12,63","1,635","€ 20,64",BP,FC879158
02/03/2025,VH-025,"9,51","1,553","€ 14,77",shell,FC184769
20/05/2025,VH-025,"12,85","1,596","€ 20,51",Avin,FC211080
03/04/2026,VH-025,"13,20","1,523","€ 20,10",Avin,FC235375
26/07/2025,VH-025,"16,35","1,534","€ 25,08",eko,FC891396
28/04/2026,VH-025,"16,26","1,783","€ 28,98",Shell,FC326148
25/07/2025,VH-025,"9,51","1,801","€ 17,13",Avin,FC539431
10/02/2025,VH-025,"12,09","1,566","€ 18,94",EKO,FC904771
04/07/2025,VH-025,"7,10","1,859","€ 13,20",Shell,FC896384
22/05/2026,VH-025,"10,44","1,904","€ 19,87",eko,FC468166
08/10/2025,VH-025,"11,01","1,697","€ 18,68",Shell,FC426784
08/06/2025,VH-025,"11,13","1,773","€ 19,74",Avin,FC877764
05/01/2026,VH-025,"11,15","1,838","€ 20,50",BP,FC105928
12/01/2025,VH-025,"9,68","1,924","€ 18,62",BP,FC448937
24/05/2026,VH-025,"11,95","1,579","€ 18,86",Shell,FC199071
12/11/2025,VH-025,"7,98","1,815","€ 14,49",EKO,FC803520
25/01/2025,VH-025,"12,16","1,616","€ 19,65",BP,FC536960
16/01/2025,VH-025,"13,29","1,865","€ 24,78",eko,FC257433
22/09/2025,VH-025,"11,76","1,635","€ 19,23",Avin,FC282594
23/03/2025,VH-025,"12,03","1,650","€ 19,85",shell,FC711144
01/01/2025,VH-025,"4,90","1,876","€ 9,20",EKO,FC753686
02/02/2025,VH-025,"12,01","1,559","€ 18,73",BP,FC751498
25/01/2026,VH-025,"13,63","1,572","€ 21,42",BP,FC932395
23/12/2025,VH-025,"14,64","1,704","€ 24,95",shell,FC342411
28/04/2025,VH-025,"9,88","1,714","€ 16,93",shell,FC995966
14/04/2026,VH-025,"8,11","1,610","€ 13,06",shell,FC225883
17/09/2025,VH-025,"11,32","1,830","€ 20,72",BP,FC990575
18/03/2025,VH-025,"11,54","1,854","€ 21,39",eko,FC787574
24/01/2025,VH-025,"11,67","1,572","€ 18,34",Shell,FC874949
24/07/2025,VH-025,"11,66","1,827","€ 21,30",shell,FC847846
18/01/2026,VH-025,"11,94","1,833","€ 21,88",Avin,FC464484
01/07/2026,VH-025,"14,43","1,649","€ 23,79",shell,FC216897
22/01/2026,VH-025,"15,32","1,619","€ 24,80",EKO,FC936176
24/08/2025,VH-025,"10,05","1,851","€ 18,61",Avin,FC358706
09/01/2025,VH-025,"13,77","1,825","€ 25,14",Shell,FC149459
13/03/2025,VH-025,"10,58","1,585","€ 16,76",Shell,FC226994
01/03/2025,VH-025,"10,20","1,870","€ 19,08",Avin,FC138039
06/02/2025,VH-025,"6,34","1,856","€ 11,76",Shell,FC279843
06/06/2026,VH-025,"10,88","1,853","€ 20,15",Shell,FC975886
10/02/2025,VH-025,"13,75","1,754","€ 24,12",Avin,FC501825
25/05/2026,VH-025,"6,57","1,840","€ 12,10",BP,FC862366
01/06/2026,VH-025,"9,81","1,771","€ 17,37",eko,FC953844
14/07/2025,VH-025,"11,43","1,921","€ 21,95",Avin,FC549619
25/02/2025,VH-025,"13,71","1,915","€ 26,26",Shell,FC818961
13/02/2026,VH-025,"15,91","1,641","€ 26,12",shell,FC473555
17/04/2026,VH-025,"9,32","1,681","€ 15,67",eko,FC774860
22/04/2026,VH-025,"13,60","1,938","€ 26,35",Shell,FC979860
21/06/2026,VH-025,"9,54","1,529","€ 14,58",Shell,FC816305
29/11/2025,VH-025,"12,52","1,633","€ 20,45",Avin,FC203640
14/06/2026,VH-025,"6,02","1,612","€ 9,70",EKO,FC387110
12/03/2026,VH-025,"11,31","1,544","€ 17,47",eko,FC535640
31/03/2025,VH-025,"9,40","1,804","€ 16,96",Shell,FC211564
05/03/2025,VH-025,"8,51","1,812","€ 15,43",Shell,FC649688
10/12/2025,VH-025,"14,07","1,865","€ 26,24",Avin,FC231577
16/05/2026,VH-025,"9,33","1,713","€ 15,99",EKO,FC715696
11/04/2026,VH-025,"10,80","1,851","€ 19,98",Avin,FC180105
12/02/2025,VH-025,"10,69","1,899","€ 20,30",shell,FC965476
03/11/2025,VH-025,"8,73","1,914","€ 16,71",Avin,FC281698
11/03/2026,VH-025,"9,39","1,791","€ 16,82",Avin,FC376198
07/07/2026,VH-025,"11,14","1,675","€ 18,65",Avin,FC854772
05/02/2026,VH-025,"14,03","1,726","€ 24,21",Shell,FC389340
20/01/2025,VH-025,"8,50","1,864","€ 15,84",EKO,FC338956
10/01/2026,VH-025,"14,03","1,812","€ 25,43",EKO,FC353255
28/05/2025,VH-025,"7,10","1,620","€ 11,51",EKO,FC171854
12/10/2025,VH-025,"11,22","1,576","€ 17,68",BP,FC661266
30/06/2025,VH-025,"12,07","1,899","€ 22,91",Shell,FC518994
04/06/2025,VH-025,"8,04","1,609","€ 12,94",Shell,FC435165
02/01/2026,VH-025,"13,30","1,810","€ 24,08",shell,FC896691
09/06/2025,VH-025,"16,76","1,845","€ 30,92",eko,FC191271
31/05/2025,VH-025,"13,06","1,847","€ 24,13",Avin,FC685799
19/09/2025,VH-025,"11,27","1,759","€ 19,82",Shell,FC558635
03/01/2026,VH-025,"9,86","1,935","€ 19,08",EKO,FC819304
10/06/2026,VH-025,"12,53","1,629","€ 20,42",Shell,FC128183
16/09/2025,VH-025,"17,72","1,535","€ 27,20",EKO,FC316299
30/12/2025,VH-025,"8,09","1,763","€ 14,26",Shell,FC398522
28/09/2025,VH-025,"10,19","1,728","€ 17,62",shell,FC711165
06/01/2026,VH-025,"15,06","1,738","€ 26,18",eko,FC141276
06/06/2026,VH-025,"10,36","1,815","€ 18,80",EKO,FC313912
13/07/2026,VH-025,"13,15","1,732","€ 22,77",Shell,FC646020
26/06/2025,VH-025,"8,53","1,914","€ 16,33",BP,FC864136
19/02/2025,VH-025,"13,54","1,564","€ 21,18",eko,FC225020
18/05/2025,VH-025,"8,35","1,917","€ 16,00",eko,FC643218
03/01/2026,VH-025,"17,93","1,565","€ 28,06",eko,FC300144
02/07/2025,VH-025,"7,70","1,908","€ 14,69",Avin,FC499371
20/07/2025,VH-025,"14,07","1,807","€ 25,43",Shell,FC967529
15/05/2025,VH-025,"16,64","1,586","€ 26,40",eko,FC161451
26/11/2025,VH-025,"11,75","1,851","€ 21,74",BP,FC779757
27/06/2025,VH-025,"8,01","1,523","€ 12,20",eko,FC770956
04/09/2025,VH-025,"11,42","1,806","€ 20,62",eko,FC172377
16/04/2026,VH-025,"13,46","1,762","€ 23,71",BP,FC745876
06/11/2025,VH-025,"9,55","1,896","€ 18,11",shell,FC676094
14/03/2025,VH-025,"13,69","1,630","€ 22,32",Shell,FC156628
09/05/2026,VH-025,"7,99","1,755","€ 14,03",EKO,FC874821
21/09/2025,VH-025,"10,82","1,674","€ 18,11",shell,FC369708
27/05/2026,VH-025,"10,41","1,523","€ 15,86",BP,FC410624
20/04/2025,VH-025,"8,43","1,884","€ 15,89",Avin,FC683835
27/10/2025,VH-025,"9,32","1,794","€ 16,71",BP,FC481391
12/11/2025,VH-025,"14,64","1,789","€ 26,19",EKO,FC799304
11/04/2025,VH-025,"9,26","1,577","€ 14,61",shell,FC450106
18/05/2026,VH-025,"8,69","1,721","€ 14,95",eko,FC421303
08/03/2025,VH-025,"8,88","1,711","€ 15,19",eko,FC698294
17/06/2026,VH-025,"10,45","1,831","€ 19,13",Avin,FC563286
12/03/2025,VH-025,"11,68","1,811","€ 21,16",Avin,FC577250
21/06/2025,VH-025,"7,56","1,860","€ 14,06",Shell,FC691958
11/02/2025,VH-026,"24,59","0,514","€ 12,64",BP,FC958306
26/06/2026,VH-026,"26,88","0,513","€ 13,79",shell,FC172909
24/01/2026,VH-026,"34,15","0,373","€ 12,74",Avin,FC624371
13/01/2025,VH-026,,"0,412","€ 11,72",shell,FC244478
12/01/2025,VH-026,"47,51","0,294","€ 13,97",eko,FC373119
10/12/2025,VH-026,"37,30","0,296","€ 11,04",Shell,FC372249
31/03/2026,VH-026,"29,78","0,358","€ 10,66",Avin,FC981409
29/06/2026,VH-026,"32,60","0,511","€ 16,66",Avin,FC437744
11/05/2026,VH-026,"17,28","0,451","€ 7,79",BP,FC166587
11/02/2025,VH-026,"23,91","0,501","€ 11,98",Avin,FC926221
04/09/2025,VH-026,"49,21","0,337","€ 16,58",Shell,FC192221
08/07/2025,VH-026,"36,45","0,319","€ 11,63",BP,FC189918
12/10/2025,VH-026,"21,87","0,519","€ 11,35",Avin,FC222269
22/06/2026,VH-026,"21,86","0,446","€ 9,75",BP,FC871226
15/12/2025,VH-026,"40,66","0,296","€ 12,03",eko,FC405898
22/11/2025,VH-026,"24,30","0,470","€ 11,42",shell,FC277883
10/02/2026,VH-026,"36,82","0,315","€ 11,60",Avin,FC674223
19/09/2025,VH-026,"45,10","0,368","€ 16,60",Shell,FC607726
30/06/2026,VH-026,"28,31","0,370","€ 10,48",EKO,FC435376
30/12/2025,VH-026,"39,04","0,459","€ 17,92",BP,FC180451
05/01/2026,VH-026,"28,76","0,322","€ 9,26",BP,FC310553
26/10/2025,VH-026,"63,28","0,323","€ 20,44",Shell,FC883515
04/09/2025,VH-026,"27,46","0,392","€ 10,77",Avin,FC930172
12/07/2026,VH-026,"31,49","0,387","€ 12,19",EKO,FC682723
27/02/2026,VH-026,"25,39","0,345","€ 8,76",Shell,FC677520
11/06/2026,VH-026,"24,31","0,348","€ 8,46",shell,FC852182
05/01/2026,VH-026,,"0,290","€ 15,94",EKO,FC714052
19/10/2025,VH-026,"32,42","0,368","€ 11,93",EKO,FC832183
22/01/2026,VH-026,"33,63","0,390","€ 13,12",eko,FC499860
11/07/2026,VH-026,"26,81","0,429","€ 11,50",shell,FC801561
09/08/2025,VH-026,"30,63","0,494","€ 15,13",BP,FC539434
12/10/2025,VH-026,"45,99","0,328","€ 15,09",Shell,FC946456
08/10/2025,VH-026,"31,90","0,447","€ 14,26",shell,FC745754
16/11/2025,VH-026,"32,17","0,318","€ 10,23",eko,FC206049
03/06/2026,VH-026,"14,84","0,501","€ 7,43",eko,FC287475
08/02/2025,VH-026,"25,30","0,438","€ 11,08",eko,FC868226
28/10/2025,VH-026,"42,83","0,354","€ 15,16",Shell,FC258128
05/01/2026,VH-026,"20,08","0,506","€ 10,16",shell,FC268671
29/11/2025,VH-026,"14,68","0,413","€ 6,06",Shell,FC791892
28/04/2025,VH-026,"24,35","0,383","€ 9,33",eko,FC409691
22/09/2025,VH-026,"14,43","0,312","€ 4,50",eko,FC759030
27/02/2026,VH-026,"29,92","0,351","€ 10,50",EKO,FC379517
10/03/2026,VH-026,"29,97","0,422","€ 12,65",BP,FC320382
06/05/2025,VH-026,"33,86","0,462","€ 15,64",EKO,FC953632
09/06/2025,VH-026,"28,71","0,437","€ 12,55",eko,FC768183
23/11/2025,VH-026,"28,41","0,467","€ 13,27",eko,FC810314
04/01/2026,VH-026,"24,33","0,390","€ 9,49",eko,FC122040
28/02/2026,VH-026,"20,17","0,428","€ 8,63",Shell,FC869168
05/01/2025,VH-026,"30,97","0,479","€ 14,83",shell,FC921548
22/03/2026,VH-026,"37,15","0,339","€ 12,59",EKO,FC380098
19/02/2026,VH-026,"25,30","0,505","€ 12,78",Avin,FC536594
31/05/2026,VH-026,"34,29","0,401","€ 13,75",BP,FC344185
27/01/2025,VH-026,,"0,458","€ 15,97",shell,FC618349
04/01/2025,VH-026,"42,13","0,361","€ 15,21",EKO,FC335485
07/01/2026,VH-026,"43,77","0,325","€ 14,22",Avin,FC761434
23/01/2025,VH-026,"44,47","0,296","€ 13,16",BP,FC343744
21/01/2026,VH-026,"37,98","0,402","€ 15,27",BP,FC100595
20/10/2025,VH-026,"29,76","0,332","€ 9,88",EKO,FC422818
15/04/2026,VH-026,"43,01","0,301","€ 12,95",Avin,FC771861
07/05/2026,VH-026,"34,21","0,299","€ 10,23",Shell,FC913808
12/04/2026,VH-026,"26,54","0,492","€ 13,06",EKO,FC640198
25/01/2025,VH-026,"41,72","0,358","€ 14,93",Avin,FC463005
30/01/2026,VH-026,"28,12","0,293","€ 8,24",BP,FC451229
08/06/2026,VH-026,"43,67","0,349","€ 15,24",eko,FC338458
01/03/2026,VH-026,"30,20","0,443","€ 13,38",eko,FC640547
28/02/2026,VH-026,"22,20","0,498","€ 11,06",BP,FC604051
24/12/2025,VH-026,,"0,345","€ 14,22",BP,FC649759
11/07/2025,VH-026,"26,21","0,334","€ 8,75",Shell,FC854651
25/05/2025,VH-026,"32,16","0,453","€ 14,57",EKO,FC120366
30/06/2025,VH-026,"18,09","0,473","€ 8,56",BP,FC541971
06/09/2025,VH-026,"24,61","0,440","€ 10,83",EKO,FC755415
12/06/2026,VH-026,"21,57","0,460","€ 9,92",Shell,FC510180
29/07/2025,VH-026,"32,96","0,358","€ 11,80",shell,FC504009
11/04/2026,VH-026,"12,45","0,433","€ 5,39",eko,FC632523
16/11/2025,VH-026,"26,32","0,502","€ 13,21",Avin,FC450850
06/07/2025,VH-026,"59,56","0,286","€ 17,04",eko,FC423059
29/12/2025,VH-026,"31,52","0,481","€ 15,16",BP,FC172423
14/02/2026,VH-026,"18,95","0,427","€ 8,09",BP,FC411894
10/05/2025,VH-026,"29,03","0,486","€ 14,11",EKO,FC497793
29/06/2025,VH-026,"22,27","0,462","€ 10,29",Avin,FC426403
27/07/2025,VH-026,"37,59","0,473","€ 17,78",EKO,FC874174
11/07/2026,VH-026,"39,15","0,413","€ 16,17",EKO,FC249689
03/03/2026,VH-026,"28,67","0,314","€ 9,00",Shell,FC771144
15/06/2025,VH-026,"48,50","0,293","€ 14,21",Avin,FC982797
14/01/2026,VH-026,"21,10","0,474","€ 10,00",Avin,FC956701
09/09/2025,VH-026,"32,41","0,344","€ 11,15",Shell,FC719749
29/04/2026,VH-026,,"0,519","€ 14,63",EKO,FC761846
17/10/2025,VH-026,"47,09","0,285","€ 13,42",BP,FC202162
10/03/2025,VH-026,"31,57","0,315","€ 9,94",Shell,FC625883
28/04/2026,VH-026,"40,19","0,330","€ 13,26",Shell,FC937258
26/06/2026,VH-026,"21,21","0,488","€ 10,35",Avin,FC149520
30/07/2025,VH-026,"26,18","0,476","€ 12,46",eko,FC343747
02/07/2026,VH-026,"42,83","0,480","€ 20,56",BP,FC957265
17/01/2026,VH-026,"54,54","0,329","€ 17,94",eko,FC128626
11/12/2025,VH-026,"49,42","0,314","€ 15,52",eko,FC140613
27/08/2025,VH-026,"33,44","0,490","€ 16,38",BP,FC766425
13/06/2025,VH-026,"20,46","0,434","€ 8,88",eko,FC635912
20/06/2026,VH-026,"25,91","0,508","€ 13,16",BP,FC794079
05/01/2025,VH-026,"19,09","0,395","€ 7,54",BP,FC567061
20/12/2025,VH-026,"47,00","0,325","€ 15,28",Shell,FC677181
29/08/2025,VH-026,"45,71","0,318","€ 14,54",Avin,FC980136
13/07/2025,VH-026,"24,07","0,421","€ 10,13",Shell,FC780670
27/12/2025,VH-026,"40,67","0,280","€ 11,39",EKO,FC640510
19/09/2025,VH-026,"29,58","0,351","€ 10,38",Shell,FC665831
09/05/2026,VH-026,"41,66","0,475","€ 19,79",BP,FC271663
05/02/2026,VH-026,"52,43","0,315","€ 16,51",Avin,FC951273
09/12/2025,VH-026,"23,38","0,490","€ 11,46",EKO,FC324796
05/01/2025,VH-026,"22,31","0,386","€ 8,61",shell,FC156392
03/07/2026,VH-026,,"0,406","€ 8,40",Avin,FC302830
29/05/2026,VH-026,"25,75","0,370","€ 9,53",Shell,FC997402
16/12/2025,VH-026,"51,53","0,282","€ 14,53",BP,FC820890
01/04/2026,VH-026,"13,62","0,518","€ 7,05",Shell,FC184355
19/01/2025,VH-026,"41,78","0,284","€ 11,87",eko,FC379323
24/01/2026,VH-026,"19,07","0,322","€ 6,14",EKO,FC683034
18/01/2026,VH-026,"20,44","0,513","€ 10,49",BP,FC791926
31/12/2025,VH-026,"25,86","0,405","€ 10,47",shell,FC712444
12/05/2025,VH-026,"36,51","0,415","€ 15,15",EKO,FC364376
09/03/2025,VH-026,"25,01","0,449","€ 11,23",shell,FC357425
06/02/2026,VH-026,"19,22","0,516","€ 9,92",EKO,FC177014
10/05/2026,VH-026,"47,23","0,290","€ 13,70",EKO,FC972871
22/03/2026,VH-026,"21,71","0,393","€ 8,53",shell,FC133303
19/01/2026,VH-026,"38,92","0,439","€ 17,09",shell,FC541753
08/05/2026,VH-026,"30,30","0,338","€ 10,24",Shell,FC780019
06/01/2025,VH-026,"39,31","0,382","€ 15,02",eko,FC476815
23/08/2025,VH-026,"34,19","0,435","€ 14,87",shell,FC255704
18/02/2026,VH-026,"37,00","0,368","€ 13,62",BP,FC762673
13/02/2025,VH-026,"40,73","0,335","€ 13,64",Shell,FC794910
05/12/2025,VH-026,"47,08","0,359","€ 16,90",Avin,FC447295
02/05/2025,VH-026,"45,03","0,336","€ 15,13",EKO,FC679698
27/10/2025,VH-026,"29,00","0,443","€ 12,85",Avin,FC674148
12/02/2025,VH-026,"35,43","0,357","€ 12,65",eko,FC950635
04/02/2026,VH-026,"15,71","0,511","€ 8,03",Shell,FC701522
24/11/2025,VH-026,"29,80","0,469","€ 13,98",EKO,FC784574
02/07/2026,VH-026,"27,00","0,445","€ 12,02",BP,FC365148
13/05/2026,VH-026,"32,80","0,457","€ 14,99",eko,FC293643
18/06/2025,VH-026,"30,37","0,447","€ 13,57",eko,FC490955
08/06/2025,VH-026,"51,15","0,357","€ 18,26",shell,FC935569
15/09/2025,VH-026,"39,13","0,313","€ 12,25",Shell,FC904771
27/01/2026,VH-026,"32,91","0,379","€ 12,47",eko,FC343892
23/01/2025,VH-026,,"0,437","€ 10,57",shell,FC756768
19/06/2025,VH-026,"48,48","0,396","€ 19,20",EKO,FC394849
13/05/2025,VH-026,"38,55","0,333","€ 12,84",EKO,FC419331
12/06/2025,VH-026,"35,13","0,331","€ 11,63",Shell,FC727200
05/04/2026,VH-026,"29,22","0,392","€ 11,45",Avin,FC882027
28/10/2025,VH-026,"58,64","0,290","€ 17,00",shell,FC748686
14/09/2025,VH-026,"32,11","0,386","€ 12,40",Avin,FC270749
12/01/2025,VH-026,"32,08","0,499","€ 16,01",shell,FC421947
01/08/2025,VH-026,"58,99","0,318","€ 18,76",Shell,FC349239
12/09/2025,VH-026,"55,15","0,285","€ 15,72",EKO,FC801114
10/05/2025,VH-026,"44,25","0,318","€ 14,07",shell,FC663798
24/01/2025,VH-026,"42,69","0,465","€ 19,85",eko,FC471858
18/11/2025,VH-026,"28,07","0,427","€ 11,98",shell,FC573949
30/09/2025,VH-026,"33,90","0,304","€ 10,31",BP,FC964437
27/10/2025,VH-026,"26,01","0,434","€ 11,29",EKO,FC390248
13/03/2025,VH-026,"45,66","0,318","€ 14,52",Avin,FC182674
25/04/2025,VH-027,"26,16","0,495","€ 12,95",shell,FC710797
04/04/2026,VH-027,"28,65","0,308","€ 8,82",EKO,FC987744
16/02/2026,VH-027,"47,15","0,353","€ 16,64",shell,FC701730
28/01/2026,VH-027,"27,43","0,516","€ 14,15",EKO,FC541459
13/01/2025,VH-027,"31,56","0,451","€ 14,23",Shell,FC537844
23/03/2026,VH-027,"22,93","0,496","€ 11,38",eko,FC700115
20/05/2026,VH-027,"30,52","0,422","€ 12,88",EKO,FC822037
11/08/2025,VH-027,"30,51","0,409","€ 12,48",Shell,FC392775
16/06/2025,VH-027,"20,59","0,424","€ 8,73",eko,FC287177
06/08/2025,VH-027,"28,15","0,476","€ 13,40",Avin,FC665857
27/06/2026,VH-027,"25,36","0,491","€ 12,45",shell,FC951037
28/06/2026,VH-027,"37,20","0,377","€ 14,02",EKO,FC385560
24/12/2025,VH-027,"28,06","0,517","€ 14,51",EKO,FC860693
09/05/2026,VH-027,"54,84","0,287","€ 15,74",Avin,FC535044
06/11/2025,VH-027,"25,34","0,436","€ 11,05",Avin,FC305219
05/01/2026,VH-027,"27,29","0,456","€ 12,44",eko,FC408324
10/04/2026,VH-027,"25,00","0,487","€ 12,18",Shell,FC544076
16/04/2026,VH-027,"25,98","0,308","€ 8,00",Avin,FC555977
09/04/2026,VH-027,"27,82","0,476","€ 13,24",eko,FC268484
08/03/2025,VH-027,"16,93","0,464","€ 7,86",Avin,FC370734
09/08/2025,VH-027,"32,87","0,478","€ 15,71",Avin,FC796922
14/01/2026,VH-027,"9,80","0,495","€ 4,85",EKO,FC152079
10/05/2026,VH-027,"22,55","0,402","€ 9,06",shell,FC671936
02/06/2026,VH-027,"30,28","0,473","€ 14,32",shell,FC859086
01/05/2025,VH-027,"33,13","0,401","€ 13,29",shell,FC673974
20/11/2025,VH-027,"25,48","0,478","€ 12,18",BP,FC774872
26/09/2025,VH-027,"59,72","0,305","€ 18,22",EKO,FC538083
02/07/2026,VH-027,"39,16","0,345","€ 13,51",Shell,FC140513
22/07/2025,VH-027,"32,48","0,500","€ 16,24",eko,FC714688
20/12/2025,VH-027,"26,20","0,334","€ 8,75",BP,FC636811
17/03/2025,VH-027,"31,54","0,444","€ 14,01",EKO,FC155963
03/08/2025,VH-027,"21,09","0,364","€ 7,68",BP,FC701503
09/06/2025,VH-027,"36,56","0,459","€ 16,78",shell,FC690426
07/04/2025,VH-027,,"0,456","€ 14,30",shell,FC188429
02/04/2025,VH-027,"39,85","0,351","€ 13,99",eko,FC914488
28/01/2025,VH-027,"45,49","0,314","€ 14,28",BP,FC317405
27/01/2025,VH-027,"18,58","0,475","€ 8,83",EKO,FC269013
05/11/2025,VH-027,"12,11","0,439","€ 5,32",Shell,FC308910
05/06/2026,VH-027,"11,79","0,433","€ 5,11",eko,FC254671
13/02/2026,VH-027,"22,74","0,517","€ 11,75",EKO,FC260658
14/03/2025,VH-027,"34,70","0,423","€ 14,68",Avin,FC356936
23/03/2025,VH-027,"27,19","0,494","€ 13,43",Avin,FC543866
27/10/2025,VH-027,"43,71","0,281","€ 12,28",eko,FC689527
19/04/2026,VH-027,"42,32","0,414","€ 17,52",EKO,FC760160
14/05/2025,VH-027,"16,28","0,494","€ 8,04",Shell,FC566543
07/12/2025,VH-027,"36,20","0,324","€ 11,73",shell,FC140789
02/03/2025,VH-027,"36,53","0,370","€ 13,52",BP,FC786270
18/03/2026,VH-027,"21,14","0,485","€ 10,25",Avin,FC281200
30/07/2025,VH-027,"53,36","0,312","€ 16,65",eko,FC858744
19/08/2025,VH-027,"28,50","0,408","€ 11,63",eko,FC397896
28/02/2026,VH-027,"42,71","0,349","€ 14,91",shell,FC882521
25/11/2025,VH-027,"34,47","0,445","€ 15,34",EKO,FC411197
15/04/2026,VH-027,"41,96","0,321","€ 13,47",EKO,FC379233
20/03/2025,VH-027,"28,24","0,327","€ 9,24",Avin,FC839708
29/05/2025,VH-027,"36,41","0,430","€ 15,66",EKO,FC849975
11/07/2025,VH-027,"24,18","0,502","€ 12,14",eko,FC773002
17/04/2025,VH-027,"31,81","0,400","€ 12,72",Avin,FC586166
28/11/2025,VH-027,"47,06","0,299","€ 14,07",shell,FC885085
17/01/2025,VH-027,"14,35","0,281","€ 4,03",shell,FC697783
04/09/2025,VH-027,"23,62","0,517","€ 12,21",Shell,FC861559
15/05/2026,VH-027,"31,57","0,422","€ 13,32",shell,FC164909
10/06/2026,VH-027,"21,63","0,369","€ 7,98",Shell,FC875345
30/04/2025,VH-027,"24,89","0,421","€ 10,48",Avin,FC687907
02/02/2025,VH-027,"26,55","0,284","€ 7,54",shell,FC989312
06/06/2025,VH-027,,"0,384","€ 12,36",EKO,FC783881
13/07/2025,VH-027,"26,50","0,403","€ 10,68",EKO,FC672689
29/06/2025,VH-027,"9,03","0,451","€ 4,07",eko,FC591558
16/02/2026,VH-027,"41,12","0,324","€ 13,32",BP,FC825328
29/08/2025,VH-027,"43,49","0,373","€ 16,22",Avin,FC648235
10/02/2026,VH-027,"28,88","0,324","€ 9,36",eko,FC691257
05/09/2025,VH-027,"50,47","0,285","€ 14,38",EKO,FC180987
30/06/2026,VH-027,"18,77","0,503","€ 9,44",Avin,FC291416
02/03/2025,VH-027,"45,64","0,378","€ 17,25",BP,FC729994
27/09/2025,VH-027,"24,19","0,492","€ 11,90",BP,FC918803
02/07/2026,VH-027,"29,85","0,370","€ 11,04",shell,FC758686
07/03/2026,VH-027,"28,72","0,309","€ 8,88",BP,FC210128
14/10/2025,VH-027,"31,70","0,504","€ 15,98",BP,FC558505
13/01/2025,VH-027,"48,64","0,426","€ 20,72",eko,FC720870
07/02/2025,VH-027,"33,20","0,423","€ 14,05",shell,FC346395
03/09/2025,VH-027,"44,42","0,424","€ 18,83",Avin,FC177049
30/03/2025,VH-027,"28,95","0,408","€ 11,81",EKO,FC278544
16/10/2025,VH-027,"34,28","0,458","€ 15,70",Shell,FC264562
30/04/2025,VH-027,"36,84","0,368","€ 13,56",Avin,FC766018
17/01/2025,VH-027,"56,24","0,332","€ 18,67",shell,FC858855
29/11/2025,VH-027,"31,02","0,426","€ 13,22",Avin,FC252279
17/03/2026,VH-027,"25,74","0,486","€ 12,51",Shell,FC846920
14/02/2026,VH-027,"12,87","0,446","€ 5,74",EKO,FC109641
12/04/2026,VH-027,"19,75","0,484","€ 9,56",Avin,FC435791
05/05/2025,VH-027,"35,44","0,380","€ 13,47",shell,FC571992
02/05/2025,VH-027,"52,40","0,282","€ 14,78",EKO,FC837283
26/02/2025,VH-027,"41,12","0,304","€ 12,50",Shell,FC320653
15/08/2025,VH-027,"25,56","0,379","€ 9,69",Shell,FC364600
09/06/2026,VH-027,"38,90","0,307","€ 11,94",Shell,FC534679
21/07/2025,VH-027,"37,65","0,517","€ 19,46",Avin,FC107985
24/04/2026,VH-027,"30,17","0,346","€ 10,44",EKO,FC166792
25/05/2026,VH-027,"30,03","0,338","€ 10,15",Shell,FC982340
02/02/2025,VH-027,"38,92","0,440","€ 17,12",BP,FC146124
18/10/2025,VH-027,"41,58","0,303","€ 12,60",Avin,FC548369
27/03/2026,VH-027,"28,64","0,485","€ 13,89",BP,FC334649
17/05/2025,VH-027,"29,16","0,335","€ 9,77",Shell,FC162025
18/10/2025,VH-027,"21,29","0,467","€ 9,94",BP,FC712945
11/07/2025,VH-027,"28,52","0,417","€ 11,89",eko,FC380211
18/01/2026,VH-027,"34,90","0,457","€ 15,95",EKO,FC323868
08/10/2025,VH-027,"27,68","0,484","€ 13,40",eko,FC244229
14/06/2026,VH-027,"34,10","0,440","€ 15,00",Shell,FC600481
14/02/2026,VH-027,"28,14","0,441","€ 12,41",Shell,FC644254
02/08/2025,VH-027,"25,43","0,420","€ 10,68",Avin,FC206757
24/10/2025,VH-027,"37,35","0,379","€ 14,15",BP,FC986680
14/05/2026,VH-027,"42,69","0,319","€ 13,62",BP,FC709995
14/11/2025,VH-027,"53,43","0,359","€ 19,18",Shell,FC763672
19/02/2026,VH-027,"30,03","0,394","€ 11,83",EKO,FC763451
01/06/2026,VH-027,"47,42","0,296","€ 14,03",shell,FC633509
04/04/2025,VH-027,"34,79","0,455","€ 15,83",Shell,FC988905
12/04/2026,VH-027,"21,07","0,495","€ 10,43",Shell,FC734642
22/06/2025,VH-027,"39,95","0,389","€ 15,54",Shell,FC955542
04/05/2026,VH-027,"29,13","0,306","€ 8,91",BP,FC419729
29/10/2025,VH-027,"25,57","0,394","€ 10,07",Avin,FC956736
03/02/2026,VH-027,"29,44","0,514","€ 15,13",BP,FC397790
14/02/2026,VH-027,"36,03","0,488","€ 17,58",Avin,FC250950
19/02/2025,VH-027,"43,27","0,365","€ 15,79",shell,FC835582
30/01/2026,VH-027,,"0,471","€ 15,48",EKO,FC417266
04/02/2026,VH-027,"17,44","0,492","€ 8,58",Shell,FC296495
30/11/2025,VH-027,"32,08","0,365","€ 11,71",BP,FC554651
10/07/2026,VH-027,"44,25","0,283","€ 12,52",Shell,FC635660
13/11/2025,VH-027,"11,09","0,472","€ 5,23",BP,FC502690
05/05/2026,VH-027,"21,18","0,439","€ 9,30",EKO,FC331889
29/06/2025,VH-027,"33,43","0,406","€ 13,57",Avin,FC283364
09/03/2025,VH-027,"18,56","0,479","€ 8,89",Avin,FC591704
22/01/2025,VH-027,"53,39","0,371","€ 19,81",Avin,FC815131
17/04/2025,VH-027,"20,46","0,411","€ 8,41",EKO,FC901300
14/01/2025,VH-027,"33,14","0,455","€ 15,08",EKO,FC206979
05/04/2025,VH-027,"24,60","0,456","€ 11,22",shell,FC517682
21/06/2026,VH-027,"17,93","0,515","€ 9,24",EKO,FC441666
28/03/2026,VH-027,"38,37","0,379","€ 14,54",Avin,FC527223
23/02/2026,VH-027,"24,98","0,490","€ 12,24",Shell,FC586505
18/06/2025,VH-027,"26,15","0,376","€ 9,83",Avin,FC351257
07/07/2026,VH-027,"34,85","0,347","€ 12,09",Avin,FC347705
03/02/2025,VH-027,"30,94","0,395","€ 12,22",eko,FC305819
23/02/2026,VH-027,"32,69","0,489","€ 15,98",Shell,FC260471
12/02/2025,VH-027,"26,40","0,326","€ 8,61",eko,FC572807
16/11/2025,VH-027,"42,81","0,325","€ 13,91",shell,FC249080
25/10/2025,VH-027,"29,41","0,339","€ 9,97",Shell,FC349377
15/08/2025,VH-027,"52,64","0,298","€ 15,69",BP,FC437467
24/04/2025,VH-027,"27,24","0,483","€ 13,16",BP,FC367361
20/01/2026,VH-027,"22,90","0,465","€ 10,65",shell,FC597646
27/04/2025,VH-027,"24,52","0,480","€ 11,77",eko,FC125868
27/01/2025,VH-027,"22,69","0,505","€ 11,46",Avin,FC394462
26/04/2025,VH-027,"28,89","0,347","€ 10,02",Avin,FC513958
23/03/2025,VH-027,"41,01","0,439","€ 18,00",eko,FC724622
14/03/2025,VH-027,"45,58","0,393","€ 17,91",shell,FC463539
15/12/2025,VH-027,"43,55","0,286","€ 12,45",Shell,FC978006
26/03/2026,VH-027,"46,54","0,342","€ 15,92",eko,FC386913
13/12/2025,VH-028,"15,80","1,575","€ 24,89",BP,FC326260
27/02/2025,VH-028,"13,12","1,527","€ 20,04",BP,FC305398
08/10/2025,VH-028,"9,72","1,904","€ 18,50",eko,FC477121
08/04/2025,VH-028,"11,96","1,596","€ 19,08",Shell,FC256024
15/09/2025,VH-028,,"1,854","€ 11,57",BP,FC602274
19/04/2025,VH-028,"13,33","1,752","€ 23,36",BP,FC568838
17/10/2025,VH-028,"10,03","1,684","€ 16,89",BP,FC638548
15/04/2026,VH-028,"9,28","1,725","€ 16,00",EKO,FC475822
29/06/2026,VH-028,"11,67","1,877","€ 21,90",Shell,FC975190
09/02/2026,VH-028,"11,06","1,594","€ 17,62",Avin,FC752306
09/06/2026,VH-028,"10,41","1,632","€ 17,00",Avin,FC749031
06/07/2025,VH-028,"8,34","1,800","€ 15,02",eko,FC841683
09/03/2026,VH-028,"13,87","1,829","€ 25,36",Shell,FC475951
29/05/2025,VH-028,"9,87","1,531","€ 15,12",eko,FC974229
23/08/2025,VH-028,"10,47","1,822","€ 19,09",Shell,FC563270
22/03/2026,VH-028,"10,23","1,702","€ 17,42",eko,FC335457
20/08/2025,VH-028,"9,07","1,746","€ 15,83",eko,FC213661
02/11/2025,VH-028,"9,19","1,614","€ 14,83",shell,FC971961
05/01/2025,VH-028,"9,15","1,564","€ 14,31",Avin,FC551506
14/10/2025,VH-028,"14,12","1,553","€ 21,93",BP,FC284673
14/04/2025,VH-028,"16,03","1,755","€ 28,14",shell,FC940798
21/09/2025,VH-028,"12,00","1,794","€ 21,53",Avin,FC490054
20/02/2026,VH-028,"11,25","1,862","€ 20,96",eko,FC197124
01/08/2025,VH-028,"7,67","1,908","€ 14,64",eko,FC402014
19/05/2026,VH-028,"10,48","1,930","€ 20,23",Shell,FC158691
21/11/2025,VH-028,"14,72","1,550","€ 22,82",BP,FC168194
21/08/2025,VH-028,"7,62","1,910","€ 14,55",eko,FC593290
29/03/2026,VH-028,"15,82","1,686","€ 26,67",EKO,FC828736
28/04/2025,VH-028,"17,58","1,771","€ 31,13",Shell,FC712546
10/11/2025,VH-028,"11,80","1,642","€ 19,38",Avin,FC865923
24/02/2026,VH-028,"12,12","1,915","€ 23,21",Avin,FC833131
12/03/2026,VH-028,"11,74","1,896","€ 22,25",BP,FC603306
24/01/2025,VH-028,"10,28","1,544","€ 15,88",BP,FC761197
28/10/2025,VH-028,"12,35","1,820","€ 22,47",eko,FC762369
09/06/2025,VH-028,"6,80","1,647","€ 11,20",BP,FC224876
14/04/2025,VH-028,"6,05","1,747","€ 10,56",Shell,FC785937
20/04/2025,VH-028,"11,15","1,878","€ 20,94",Shell,FC371793
04/03/2025,VH-028,"10,03","1,700","€ 17,06",Shell,FC533590
17/03/2026,VH-028,"12,95","1,697","€ 21,98",EKO,FC598692
05/03/2025,VH-028,"10,69","1,916","€ 20,47",Avin,FC608933
02/03/2025,VH-028,"11,14","1,746","€ 19,45",BP,FC859366
06/05/2026,VH-028,"10,22","1,648","€ 16,84",BP,FC806193
12/11/2025,VH-028,"9,35","1,686","€ 15,76",EKO,FC526503
09/02/2026,VH-028,"10,33","1,689","€ 17,44",EKO,FC374747
14/05/2026,VH-028,"12,51","1,667","€ 20,85",Avin,FC530239
05/10/2025,VH-028,"11,42","1,593","€ 18,20",shell,FC797006
18/06/2025,VH-028,"11,48","1,743","€ 20,00",eko,FC954289
21/08/2025,VH-028,"10,80","1,700","€ 18,36",Avin,FC386765
25/08/2025,VH-028,"13,95","1,677","€ 23,40",Avin,FC590878
05/12/2025,VH-028,"9,24","1,700","€ 15,71",BP,FC659862
13/01/2026,VH-028,"9,39","1,808","€ 16,97",eko,FC854251
18/04/2026,VH-028,"8,77","1,844","€ 16,17",EKO,FC518558
31/07/2025,VH-028,"13,67","1,923","€ 26,29",eko,FC263230
03/05/2025,VH-028,"11,66","1,593","€ 18,58",BP,FC334582
21/10/2025,VH-028,"7,85","1,919","€ 15,07",Shell,FC682693
17/05/2025,VH-028,"12,49","1,821","€ 22,74",BP,FC721590
02/03/2026,VH-028,"11,63","1,850","€ 21,51",Shell,FC555851
17/02/2026,VH-028,"15,15","1,794","€ 27,18",shell,FC412055
03/04/2026,VH-028,"12,00","1,885","€ 22,61",Shell,FC803501
16/06/2026,VH-028,"10,41","1,729","€ 18,01",shell,FC625406
28/02/2025,VH-028,"7,72","1,938","€ 14,95",Avin,FC841946
09/05/2025,VH-028,"6,62","1,846","€ 12,23",BP,FC608041
10/10/2025,VH-028,"8,79","1,609","€ 14,14",EKO,FC611271
23/05/2025,VH-028,"10,99","1,751","€ 19,24",eko,FC879225
01/06/2026,VH-028,"9,75","1,686","€ 16,44",shell,FC787250
17/11/2025,VH-028,"9,80","1,780","€ 17,45",Shell,FC323885
12/01/2026,VH-028,"10,03","1,683","€ 16,88",BP,FC897337
11/04/2025,VH-028,"5,16","1,585","€ 8,18",EKO,FC428513
12/10/2025,VH-028,"8,91","1,613","€ 14,37",BP,FC707670
18/12/2025,VH-028,"10,85","1,922","€ 20,86",Avin,FC846984
03/11/2025,VH-028,"13,17","1,773","€ 23,35",EKO,FC712804
31/08/2025,VH-028,"11,95","1,738","€ 20,77",Avin,FC229186
19/11/2025,VH-028,"14,59","1,567","€ 22,87",shell,FC965179
15/04/2026,VH-028,"10,09","1,846","€ 18,63",Avin,FC532734
06/05/2025,VH-028,"11,96","1,795","€ 21,48",EKO,FC269231
10/09/2025,VH-028,"6,08","1,654","€ 10,05",EKO,FC723330
02/07/2026,VH-028,"14,61","1,555","€ 22,71",shell,FC143839
01/05/2026,VH-028,"10,80","1,590","€ 17,17",eko,FC801094
04/01/2025,VH-028,"9,71","1,866","€ 18,12",EKO,FC467463
21/06/2026,VH-028,"4,65","1,653","€ 7,69",Shell,FC330560
09/03/2026,VH-028,"10,24","1,590","€ 16,28",Shell,FC440998
06/12/2025,VH-028,"6,08","1,730","€ 10,53",EKO,FC355727
05/04/2026,VH-028,"8,84","1,882","€ 16,63",BP,FC315054
26/04/2025,VH-028,"10,37","1,549","€ 16,07",Avin,FC383802
27/04/2025,VH-028,"10,09","1,787","€ 18,02",Shell,FC960835
14/07/2026,VH-028,"6,99","1,875","€ 13,10",BP,FC892893
19/11/2025,VH-028,"12,52","1,640","€ 20,53",Shell,FC367974
24/02/2026,VH-028,"14,74","1,711","€ 25,23",EKO,FC470124
12/10/2025,VH-028,,"1,617","€ 13,05",eko,FC211334
12/02/2026,VH-028,"12,25","1,674","€ 20,51",Avin,FC983099
17/10/2025,VH-028,"8,41","1,828","€ 15,38",eko,FC646364
04/09/2025,VH-028,"8,57","1,826","€ 15,64",Shell,FC354149
25/01/2025,VH-028,"10,59","1,716","€ 18,17",Avin,FC738892
14/07/2025,VH-028,"7,80","1,705","€ 13,29",BP,FC927854
03/12/2025,VH-028,"10,27","1,892","€ 19,44",BP,FC378880
21/01/2025,VH-028,"13,18","1,635","€ 21,54",Shell,FC738643
08/01/2025,VH-028,"10,00","1,607","€ 16,07",shell,FC815825
29/05/2026,VH-028,"11,12","1,728","€ 19,21",EKO,FC802836
15/03/2025,VH-028,"11,31","1,739","€ 19,68",Shell,FC828803
15/06/2026,VH-028,"6,80","1,699","€ 11,55",EKO,FC234339
14/12/2025,VH-028,"7,97","1,809","€ 14,42",Shell,FC918693
05/03/2025,VH-028,"10,60","1,746","€ 18,51",Shell,FC487362
28/10/2025,VH-028,"10,43","1,792","€ 18,68",BP,FC764724
26/05/2025,VH-028,"7,80","1,864","€ 14,54",EKO,FC151557
24/03/2026,VH-028,"5,25","1,892","€ 9,92",Shell,FC297143
29/01/2025,VH-028,"11,56","1,862","€ 21,52",Shell,FC417134
06/02/2026,VH-028,"9,25","1,901","€ 17,59",Shell,FC897263
11/03/2026,VH-028,"10,62","1,691","€ 17,96",BP,FC417435
26/06/2025,VH-028,"15,14","1,908","€ 28,89",BP,FC596191
15/03/2026,VH-028,"15,55","1,671","€ 25,99",eko,FC593980
05/02/2026,VH-028,"11,51","1,604","€ 18,46",BP,FC819985
31/05/2026,VH-028,"13,61","1,745","€ 23,76",EKO,FC925498
23/08/2025,VH-028,"13,25","1,753","€ 23,22",eko,FC521181
09/03/2025,VH-028,"7,19","1,613","€ 11,60",BP,FC447473
30/11/2025,VH-028,"9,35","1,577","€ 14,75",Shell,FC546775
17/01/2025,VH-028,"8,23","1,588","€ 13,07",BP,FC326116
08/12/2025,VH-028,"10,93","1,629","€ 17,80",eko,FC122458
26/08/2025,VH-028,"13,93","1,614","€ 22,49",Avin,FC147607
10/10/2025,VH-028,"6,85","1,827","€ 12,51",shell,FC983644
09/02/2026,VH-028,"10,20","1,548","€ 15,78",Shell,FC901549
20/02/2026,VH-028,"16,75","1,654","€ 27,70",Shell,FC677246
18/02/2025,VH-028,"10,98","1,894","€ 20,80",eko,FC516584
25/02/2026,VH-028,"11,10","1,828","€ 20,29",shell,FC555509
16/08/2025,VH-028,"12,10","1,677","€ 20,30",eko,FC537430
23/01/2025,VH-028,"9,17","1,520","€ 13,94",Shell,FC514233
21/05/2026,VH-028,"9,14","1,926","€ 17,60",EKO,FC361593
02/09/2025,VH-028,"9,41","1,793","€ 16,87",shell,FC440676
03/06/2026,VH-028,"7,96","1,701","€ 13,54",EKO,FC315482
04/01/2026,VH-028,"9,85","1,641","€ 16,16",EKO,FC904266
13/01/2026,VH-028,"9,19","1,793","€ 16,47",shell,FC495400
10/12/2025,VH-028,"11,14","1,596","€ 17,78",EKO,FC806790
07/08/2025,VH-028,,"1,667","€ 21,31",shell,FC517162
27/03/2025,VH-028,"10,17","1,698","€ 17,27",shell,FC583042
22/05/2025,VH-028,"12,17","1,759","€ 21,41",EKO,FC806942
24/06/2026,VH-028,"7,55","1,894","€ 14,30",Avin,FC619860
18/05/2025,VH-028,"15,35","1,706","€ 26,19",EKO,FC799427
03/07/2025,VH-028,"15,42","1,742","€ 26,86",shell,FC259252
04/12/2025,VH-028,"8,31","1,797","€ 14,93",Avin,FC388299
10/03/2026,VH-028,"9,54","1,880","€ 17,93",Avin,FC583534
15/12/2025,VH-028,"11,48","1,775","€ 20,37",EKO,FC640803
08/05/2025,VH-028,"7,49","1,843","€ 13,80",eko,FC678043
24/06/2025,VH-028,"6,83","1,819","€ 12,42",Shell,FC880014
12/05/2026,VH-028,"13,73","1,580","€ 21,69",shell,FC802176
11/03/2026,VH-028,"10,08","1,599","€ 16,13",Shell,FC835261
14/07/2025,VH-028,"15,25","1,634","€ 24,91",EKO,FC729247
26/12/2025,VH-028,"12,45","1,691","€ 21,06",Shell,FC377804
08/06/2026,VH-028,"9,12","1,750","€ 15,96",shell,FC889644
02/02/2025,VH-028,"11,53","1,825","€ 21,04",shell,FC278871
17/10/2025,VH-028,"11,10","1,593","€ 17,68",eko,FC374608
09/03/2025,VH-028,"9,75","1,823","€ 17,77",shell,FC887656
08/01/2025,VH-028,"9,07","1,857","€ 16,85",eko,FC537093
27/05/2025,VH-028,"6,85","1,666","€ 11,41",BP,FC968169
23/09/2025,VH-029,"12,14","1,901","€ 23,08",Avin,FC293696
22/04/2025,VH-029,"8,89","1,682","€ 14,95",BP,FC453762
17/11/2025,VH-029,"9,14","1,860","€ 17,01",BP,FC306816
09/06/2026,VH-029,"11,80","1,727","€ 20,37",BP,FC167380
02/02/2026,VH-029,"11,17","1,748","€ 19,52",shell,FC923867
14/02/2026,VH-029,"9,38","1,919","€ 18,00",BP,FC795712
22/03/2025,VH-029,"15,41","1,555","€ 23,96",Shell,FC455111
17/02/2025,VH-029,"10,03","1,889","€ 18,95",BP,FC841385
04/01/2025,VH-029,"10,47","1,621","€ 16,97",Avin,FC672029
02/05/2026,VH-029,"8,31","1,663","€ 13,82",BP,FC381700
14/07/2026,VH-029,"14,33","1,923","€ 27,55",EKO,FC792172
09/06/2026,VH-029,"14,50","1,647","€ 23,88",BP,FC461279
16/07/2025,VH-029,"13,95","1,754","€ 24,46",shell,FC138946
28/03/2026,VH-029,"10,01","1,594","€ 15,95",eko,FC102831
22/03/2025,VH-029,"12,85","1,746","€ 22,44",eko,FC438909
27/08/2025,VH-029,"8,12","1,540","€ 12,51",EKO,FC264357
02/03/2026,VH-029,"9,79","1,846","€ 18,06",Shell,FC643243
19/12/2025,VH-029,"15,56","1,526","€ 23,74",EKO,FC356826
18/04/2025,VH-029,"8,62","1,610","€ 13,87",shell,FC183307
15/08/2025,VH-029,"11,87","1,541","€ 18,28",BP,FC436643
30/03/2026,VH-029,"9,98","1,761","€ 17,57",Avin,FC370749
28/12/2025,VH-029,"10,88","1,866","€ 20,30",BP,FC156126
19/08/2025,VH-029,,"1,755","€ 15,09",shell,FC734806
21/03/2026,VH-029,"17,46","1,690","€ 29,51",eko,FC606077
07/08/2025,VH-029,"9,49","1,549","€ 14,70",BP,FC245655
14/04/2025,VH-029,"11,37","1,772","€ 20,15",shell,FC359550
11/05/2026,VH-029,"14,65","1,526","€ 22,36",shell,FC553575
17/02/2025,VH-029,"13,51","1,597","€ 21,57",BP,FC740327
06/02/2025,VH-029,"8,46","1,934","€ 16,36",BP,FC336729
08/02/2025,VH-029,"11,10","1,847","€ 20,51",Shell,FC803929
17/10/2025,VH-029,"9,09","1,770","€ 16,09",shell,FC187850
21/02/2026,VH-029,"14,03","1,553","€ 21,79",shell,FC266569
11/01/2026,VH-029,"13,40","1,627","€ 21,79",shell,FC230334
29/05/2025,VH-029,"15,04","1,659","€ 24,95",eko,FC649504
19/03/2025,VH-029,"7,91","1,684","€ 13,33",eko,FC317900
15/05/2025,VH-029,"7,74","1,525","€ 11,81",shell,FC427099
21/06/2026,VH-029,"9,83","1,751","€ 17,21",Avin,FC875885
05/05/2026,VH-029,"11,02","1,852","€ 20,40",EKO,FC983729
15/01/2025,VH-029,"6,11","1,651","€ 10,09",Shell,FC384784
13/05/2026,VH-029,"11,04","1,937","€ 21,38",shell,FC111148
16/09/2025,VH-029,"15,23","1,789","€ 27,25",EKO,FC136910
08/12/2025,VH-029,"8,78","1,696","€ 14,90",BP,FC835057
22/05/2026,VH-029,"18,57","1,609","€ 29,89",Avin,FC128158
17/01/2026,VH-029,"11,00","1,839","€ 20,23",EKO,FC284100
24/02/2026,VH-029,"13,63","1,908","€ 26,01",shell,FC764705
26/02/2026,VH-029,"13,06","1,697","€ 22,16",Shell,FC934990
08/03/2025,VH-029,"12,39","1,887","€ 23,39",eko,FC444986
30/03/2026,VH-029,"12,05","1,755","€ 21,15",EKO,FC349696
16/04/2025,VH-029,"7,91","1,793","€ 14,18",EKO,FC773656
08/03/2025,VH-029,"9,39","1,866","€ 17,51",BP,FC418775
04/09/2025,VH-029,"14,92","1,677","€ 25,01",eko,FC157037
08/02/2025,VH-029,"6,57","1,776","€ 11,67",shell,FC400071
22/04/2026,VH-029,"13,64","1,539","€ 20,98",Shell,FC249735
08/02/2025,VH-029,"10,47","1,642","€ 17,20",eko,FC243016
21/03/2026,VH-029,"8,66","1,602","€ 13,87",Shell,FC269867
28/04/2026,VH-029,"12,07","1,811","€ 21,87",EKO,FC378364
10/12/2025,VH-029,"13,46","1,582","€ 21,29",shell,FC570132
12/06/2026,VH-029,"6,80","1,618","€ 11,00",EKO,FC179658
04/10/2025,VH-029,"11,89","1,628","€ 19,36",Shell,FC801391
23/04/2026,VH-029,"7,84","1,868","€ 14,64",Avin,FC282408
07/11/2025,VH-029,"13,58","1,748","€ 23,74",eko,FC846787
20/03/2026,VH-029,"17,07","1,618","€ 27,63",Shell,FC501517
23/02/2026,VH-029,"8,58","1,735","€ 14,88",Avin,FC416733
31/07/2025,VH-029,"15,26","1,586","€ 24,21",EKO,FC160392
14/06/2026,VH-029,"10,44","1,578","€ 16,47",shell,FC867001
10/05/2026,VH-029,"6,54","1,902","€ 12,44",EKO,FC856574
09/12/2025,VH-029,"13,25","1,824","€ 24,18",Shell,FC950975
05/08/2025,VH-029,"13,04","1,703","€ 22,20",shell,FC531569
08/10/2025,VH-029,"9,70","1,899","€ 18,41",BP,FC863863
17/10/2025,VH-029,"6,02","1,904","€ 11,46",Shell,FC250718
28/02/2026,VH-029,"16,01","1,605","€ 25,70",eko,FC767916
07/02/2025,VH-029,"15,30","1,624","€ 24,84",Avin,FC995060
29/09/2025,VH-029,"16,66","1,658","€ 27,62",eko,FC900970
03/04/2025,VH-029,"13,04","1,531","€ 19,96",Avin,FC986134
11/07/2026,VH-029,"3,55","1,818","€ 6,46",EKO,FC592086
17/10/2025,VH-029,"11,01","1,790","€ 19,71",shell,FC674040
04/05/2026,VH-029,"11,56","1,864","€ 21,54",eko,FC779275
19/06/2026,VH-029,"13,99","1,526","€ 21,35",eko,FC272090
06/09/2025,VH-029,"15,59","1,530","€ 23,86",shell,FC564590
20/12/2025,VH-029,"12,75","1,574","€ 20,06",BP,FC412619
28/12/2025,VH-029,"10,29","1,570","€ 16,16",Avin,FC457139
03/11/2025,VH-029,"10,12","1,656","€ 16,77",Avin,FC952125
26/04/2025,VH-029,"13,31","1,830","€ 24,35",BP,FC478041
27/03/2025,VH-029,"13,50","1,880","€ 25,39",Avin,FC178418
13/01/2026,VH-029,"11,27","1,690","€ 19,05",shell,FC373625
22/06/2026,VH-029,"11,81","1,616","€ 19,09",shell,FC979903
11/03/2025,VH-029,"5,81","1,931","€ 11,21",Shell,FC566341
17/09/2025,VH-029,"11,47","1,654","€ 18,97",EKO,FC125779
21/07/2025,VH-029,"10,42","1,782","€ 18,56",Shell,FC246685
24/04/2026,VH-029,"10,19","1,891","€ 19,27",eko,FC660669
27/12/2025,VH-029,"10,05","1,682","€ 16,91",Avin,FC447299
06/06/2025,VH-029,"14,62","1,552","€ 22,68",BP,FC217500
18/04/2026,VH-029,"11,97","1,839","€ 22,01",BP,FC210155
29/12/2025,VH-029,"9,48","1,635","€ 15,49",shell,FC515788
08/09/2025,VH-029,"10,14","1,890","€ 19,16",Avin,FC677421
16/07/2025,VH-029,"9,07","1,612","€ 14,63",Avin,FC180322
25/03/2026,VH-029,"11,25","1,748","€ 19,67",EKO,FC273550
24/04/2025,VH-029,"9,85","1,594","€ 15,70",EKO,FC619519
13/08/2025,VH-029,"10,75","1,575","€ 16,94",eko,FC298080
01/07/2026,VH-029,"16,46","1,877","€ 30,89",shell,FC263465
18/02/2026,VH-029,"5,84","1,885","€ 11,00",BP,FC686711
17/04/2025,VH-029,"11,83","1,867","€ 22,09",shell,FC871161
07/02/2026,VH-029,"14,11","1,526","€ 21,53",shell,FC256410
05/09/2025,VH-029,"13,09","1,635","€ 21,40",Shell,FC576038
05/02/2026,VH-029,"8,05","1,864","€ 15,00",Avin,FC483161
04/03/2026,VH-029,"11,67","1,665","€ 19,44",Shell,FC197349
11/08/2025,VH-029,"12,42","1,726","€ 21,44",EKO,FC849316
12/01/2026,VH-029,"12,00","1,532","€ 18,38",EKO,FC751013
01/03/2026,VH-029,"9,57","1,868","€ 17,88",Shell,FC178088
05/02/2025,VH-029,"12,35","1,720","€ 21,25",Shell,FC424216
05/01/2026,VH-029,"9,72","1,911","€ 18,57",shell,FC882988
31/03/2025,VH-029,"12,17","1,692","€ 20,58",eko,FC823194
18/05/2026,VH-029,"12,85","1,577","€ 20,26",Shell,FC416334
06/10/2025,VH-029,"14,16","1,609","€ 22,78",BP,FC565708
27/12/2025,VH-029,"12,30","1,665","€ 20,48",Shell,FC443971
08/01/2025,VH-029,"13,66","1,786","€ 24,39",Shell,FC184209
19/11/2025,VH-029,"11,18","1,746","€ 19,51",Avin,FC145736
08/02/2025,VH-029,"12,22","1,811","€ 22,12",EKO,FC162705
27/03/2025,VH-029,"14,09","1,805","€ 25,42",EKO,FC357828
28/02/2025,VH-029,"11,35","1,925","€ 21,85",EKO,FC553305
16/07/2025,VH-029,"9,84","1,845","€ 18,16",shell,FC326609
22/01/2026,VH-029,"13,64","1,878","€ 25,61",Shell,FC105978
25/04/2026,VH-029,"8,56","1,653","€ 14,15",EKO,FC721060
29/07/2025,VH-029,"8,39","1,802","€ 15,12",EKO,FC959972
12/02/2026,VH-029,"11,05","1,843","€ 20,37",BP,FC962689
12/01/2026,VH-029,"12,33","1,655","€ 20,41",BP,FC263369
11/05/2026,VH-029,"13,90","1,862","€ 25,87",EKO,FC593375
29/11/2025,VH-029,"14,68","1,650","€ 24,21",EKO,FC594982
06/12/2025,VH-029,"10,34","1,800","€ 18,62",BP,FC171727
11/03/2025,VH-029,"11,95","1,818","€ 21,72",shell,FC263414
04/12/2025,VH-029,"13,54","1,626","€ 22,02",shell,FC795825
07/02/2026,VH-029,"11,93","1,760","€ 21,00",EKO,FC226927
15/08/2025,VH-029,"10,44","1,636","€ 17,08",BP,FC461144
25/08/2025,VH-029,"9,61","1,652","€ 15,88",Avin,FC101800
17/03/2025,VH-029,"12,56","1,921","€ 24,12",shell,FC330673
28/05/2026,VH-029,"16,93","1,645","€ 27,85",Shell,FC311544
13/07/2026,VH-029,"9,44","1,800","€ 17,00",BP,FC816842
13/02/2025,VH-029,"12,10","1,582","€ 19,15",eko,FC847396
26/02/2026,VH-029,"9,02","1,840","€ 16,59",EKO,FC284418
14/06/2025,VH-029,"7,51","1,868","€ 14,02",BP,FC115293
17/05/2026,VH-029,"6,15","1,770","€ 10,89",Avin,FC399598
23/02/2025,VH-029,"15,75","1,787","€ 28,14",EKO,FC989365
05/10/2025,VH-029,"9,02","1,596","€ 14,39",shell,FC334744
15/12/2025,VH-029,"10,79","1,793","€ 19,35",eko,FC894794
04/11/2025,VH-029,"10,00","1,668","€ 16,67",shell,FC300966
23/08/2025,VH-029,"11,40","1,778","€ 20,27",shell,FC439295
27/02/2025,VH-029,"7,63","1,649","€ 12,58",BP,FC162239
04/07/2026,VH-029,"6,31","1,902","€ 12,00",Shell,FC942312
27/06/2026,VH-029,"14,11","1,594","€ 22,49",eko,FC397624
21/02/2026,VH-029,"13,81","1,765","€ 24,38",BP,FC246579
30/12/2025,VH-029,"6,16","1,760","€ 10,84",shell,FC480719
04/06/2025,VH-029,"11,70","1,643","€ 19,22",eko,FC976472
02/01/2025,VH-029,"12,30","1,896","€ 23,32",Avin,FC150480
23/01/2026,VH-029,"9,79","1,822","€ 17,83",shell,FC640125
01/06/2025,VH-029,"10,80","1,576","€ 17,01",EKO,FC444442
12/11/2025,VH-029,"13,54","1,803","€ 24,40",EKO,FC805606
19/02/2025,VH-029,"10,93","1,844","€ 20,16",Shell,FC352810
16/02/2025,VH-029,"13,28","1,533","€ 20,36",eko,FC199896
12/01/2025,VH-029,"6,21","1,684","€ 10,46",eko,FC614082
09/04/2025,VH-029,"10,78","1,805","€ 19,45",Shell,FC880083
10/03/2026,VH-029,"10,35","1,535","€ 15,88",EKO,FC109108
19/03/2026,VH-029,"9,08","1,648","€ 14,97",Shell,FC180883
09/01/2025,VH-029,"12,89","1,591","€ 20,50",Avin,FC331617
29/03/2026,VH-029,"7,73","1,876","€ 14,51",Shell,FC974911
02/02/2025,VH-029,"10,61","1,700","€ 18,04",EKO,FC361082
19/12/2025,VH-030,"16,56","0,470","€ 7,78",eko,FC263267
03/01/2025,VH-030,"25,61","0,382","€ 9,78",Avin,FC310456
30/08/2025,VH-030,"22,85","0,396","€ 9,05",Shell,FC808831
06/02/2026,VH-030,"20,09","0,310","€ 6,23",Shell,FC368364
07/06/2026,VH-030,"15,09","0,471","€ 7,11",Avin,FC378181
26/06/2026,VH-030,"9,81","0,323","€ 3,17",BP,FC984497
21/10/2025,VH-030,"13,82","0,341","€ 4,71",eko,FC330103
08/04/2026,VH-030,"18,81","0,359","€ 6,75",shell,FC834377
21/05/2026,VH-030,"19,88","0,360","€ 7,16",BP,FC212778
18/02/2025,VH-030,"9,26","0,425","€ 3,93",BP,FC104958
11/05/2026,VH-030,"10,77","0,516","€ 5,56",Avin,FC143688
12/01/2025,VH-030,"11,85","0,380","€ 4,50",EKO,FC289926
12/01/2025,VH-030,"18,77","0,459","€ 8,62",shell,FC434441
02/03/2025,VH-030,"15,82","0,382","€ 6,04",BP,FC810982
26/03/2025,VH-030,"17,96","0,374","€ 6,72",EKO,FC992884
06/11/2025,VH-030,"12,37","0,516","€ 6,38",EKO,FC438382
25/10/2025,VH-030,"23,40","0,377","€ 8,82",Avin,FC458834
21/04/2025,VH-030,"15,25","0,435","€ 6,63",shell,FC893365
14/07/2026,VH-030,"19,50","0,422","€ 8,23",Shell,FC562596
13/08/2025,VH-030,"34,55","0,323","€ 11,16",shell,FC551491
05/04/2026,VH-030,"10,17","0,295","€ 3,00",eko,FC816374
05/08/2025,VH-030,"24,93","0,288","€ 7,18",Shell,FC656422
03/03/2026,VH-030,"22,86","0,315","€ 7,20",eko,FC660830
20/07/2025,VH-030,"12,07","0,443","€ 5,35",EKO,FC933423
16/05/2026,VH-030,"15,90","0,471","€ 7,49",EKO,FC793519
18/08/2025,VH-030,"19,10","0,376","€ 7,18",EKO,FC234719
06/05/2026,VH-030,"13,03","0,398","€ 5,19",EKO,FC772303
02/10/2025,VH-030,"18,99","0,373","€ 7,08",Shell,FC381452
06/07/2026,VH-030,"13,98","0,520","€ 7,27",shell,FC950152
08/07/2025,VH-030,"16,28","0,318","€ 5,18",Avin,FC682494
10/09/2025,VH-030,"17,78","0,436","€ 7,75",eko,FC599789
02/01/2025,VH-030,"23,03","0,292","€ 6,73",Avin,FC117889
07/03/2025,VH-030,"14,61","0,486","€ 7,10",BP,FC512119
15/06/2026,VH-030,"13,24","0,464","€ 6,14",shell,FC292275
04/04/2025,VH-030,"16,57","0,458","€ 7,59",Shell,FC580415
20/02/2026,VH-030,"8,78","0,443","€ 3,89",Shell,FC938500
24/01/2026,VH-030,"19,45","0,354","€ 6,89",BP,FC600978
12/06/2026,VH-030,"14,63","0,281","€ 4,11",shell,FC242767
19/06/2025,VH-030,"10,65","0,340","€ 3,62",EKO,FC552233
10/05/2026,VH-030,"25,07","0,316","€ 7,92",Shell,FC395561
11/02/2026,VH-030,"15,26","0,472","€ 7,20",shell,FC274821
28/09/2025,VH-030,"16,75","0,475","€ 7,96",Avin,FC206315
26/02/2025,VH-030,"19,77","0,319","€ 6,31",EKO,FC664334
10/12/2025,VH-030,"16,37","0,398","€ 6,51",eko,FC718484
18/04/2025,VH-030,"15,82","0,286","€ 4,52",Avin,FC391198
26/02/2025,VH-030,"13,20","0,421","€ 5,56",EKO,FC604226
10/03/2025,VH-030,"18,51","0,503","€ 9,31",BP,FC971714
02/05/2025,VH-030,"18,16","0,297","€ 5,39",shell,FC146894
19/11/2025,VH-030,"23,01","0,305","€ 7,02",Avin,FC213090
21/06/2025,VH-030,"16,70","0,386","€ 6,45",shell,FC777180
10/07/2025,VH-030,"13,08","0,497","€ 6,50",eko,FC575079
14/10/2025,VH-030,"15,74","0,421","€ 6,63",eko,FC176483
21/04/2026,VH-030,"16,69","0,432","€ 7,21",Shell,FC552400
15/01/2025,VH-030,"25,14","0,318","€ 7,99",Avin,FC991655
25/04/2025,VH-030,"6,11","0,491","€ 3,00",BP,FC114601
24/02/2026,VH-030,"14,79","0,514","€ 7,60",EKO,FC484109
13/06/2025,VH-030,"12,56","0,471","€ 5,92",BP,FC977678
09/07/2025,VH-030,"15,51","0,328","€ 5,09",eko,FC578704
05/06/2026,VH-030,"13,38","0,509","€ 6,81",eko,FC107003
19/04/2025,VH-030,"14,52","0,418","€ 6,07",BP,FC941935
02/09/2025,VH-030,"10,75","0,453","€ 4,87",Avin,FC560127
29/07/2025,VH-030,"28,33","0,294","€ 8,33",Avin,FC388589
30/10/2025,VH-030,"11,86","0,442","€ 5,24",shell,FC221395
31/03/2025,VH-030,"11,05","0,495","€ 5,47",Shell,FC448603
20/03/2025,VH-030,"21,26","0,283","€ 6,02",EKO,FC494390
12/05/2026,VH-030,"12,02","0,321","€ 3,86",BP,FC153429
23/06/2026,VH-030,"16,10","0,409","€ 6,58",Avin,FC215378
25/05/2026,VH-030,"9,89","0,516","€ 5,11",BP,FC137265
30/01/2025,VH-030,"14,98","0,487","€ 7,29",EKO,FC116535
24/09/2025,VH-030,"7,39","0,406","€ 3,00",shell,FC848575
10/04/2026,VH-030,"12,08","0,431","€ 5,21",eko,FC937608
17/08/2025,VH-030,"12,18","0,361","€ 4,40",Shell,FC719120
15/04/2025,VH-030,"19,47","0,436","€ 8,49",BP,FC347780
11/07/2026,VH-030,"11,84","0,485","€ 5,74",shell,FC466485
02/07/2026,VH-030,"22,90","0,383","€ 8,77",BP,FC145387
06/01/2026,VH-030,"17,12","0,372","€ 6,37",Shell,FC306704
09/01/2026,VH-030,"14,52","0,434","€ 6,30",Avin,FC997744
17/05/2026,VH-030,"14,09","0,442","€ 6,23",Shell,FC949648
13/03/2025,VH-030,"22,69","0,336","€ 7,62",eko,FC986767
14/04/2026,VH-030,"18,41","0,455","€ 8,38",EKO,FC799403
24/06/2026,VH-030,"27,50","0,300","€ 8,25",eko,FC110384
22/03/2026,VH-030,"6,42","0,467","€ 3,00",Shell,FC497503
06/12/2025,VH-030,"16,63","0,384","€ 6,38",shell,FC727441
07/12/2025,VH-030,"7,46","0,452","€ 3,37",eko,FC624599
04/09/2025,VH-030,"12,70","0,442","€ 5,61",BP,FC674100
08/05/2025,VH-030,"9,78","0,514","€ 5,03",shell,FC918749
17/06/2025,VH-030,"14,41","0,474","€ 6,83",shell,FC841663
24/10/2025,VH-030,"15,50","0,418","€ 6,48",BP,FC935676
26/06/2026,VH-030,"13,50","0,428","€ 5,78",eko,FC386171
30/06/2025,VH-030,"13,65","0,405","€ 5,53",shell,FC413404
09/06/2026,VH-030,"17,21","0,425","€ 7,32",Avin,FC201612
03/10/2025,VH-030,"17,96","0,292","€ 5,24",EKO,FC986433
18/02/2025,VH-030,"18,48","0,487","€ 9,00",BP,FC687532
21/06/2026,VH-030,"18,94","0,386","€ 7,31",Shell,FC212705
20/01/2025,VH-030,"14,80","0,432","€ 6,39",Avin,FC896806
23/11/2025,VH-030,"11,68","0,498","€ 5,82",Avin,FC545999
09/12/2025,VH-030,"11,39","0,506","€ 5,76",EKO,FC106910
02/06/2026,VH-030,"13,37","0,364","€ 4,87",EKO,FC113762
21/02/2026,VH-030,"17,18","0,478","€ 8,21",Shell,FC398421
27/04/2025,VH-030,"21,18","0,331","€ 7,01",shell,FC506775
20/05/2025,VH-030,"17,47","0,321","€ 5,61",EKO,FC875872
27/06/2026,VH-030,"20,45","0,397","€ 8,12",EKO,FC262590
11/03/2026,VH-030,"20,48","0,327","€ 6,70",Avin,FC730389
08/07/2026,VH-030,"18,44","0,442","€ 8,15",Shell,FC645201
12/06/2025,VH-030,"12,98","0,477","€ 6,19",Avin,FC968686
10/05/2026,VH-030,"17,10","0,303","€ 5,18",BP,FC213797
26/03/2026,VH-030,,"0,492","€ 7,53",shell,FC937132
12/02/2026,VH-030,"18,24","0,504","€ 9,19",Shell,FC504279
10/01/2026,VH-030,"13,75","0,380","€ 5,22",BP,FC637661
24/05/2025,VH-030,"21,22","0,396","€ 8,40",eko,FC468980
13/01/2026,VH-030,"12,56","0,511","€ 6,42",BP,FC513504
28/06/2026,VH-030,"14,89","0,519","€ 7,73",shell,FC268430
24/04/2026,VH-030,"23,12","0,366","€ 8,46",eko,FC843958
16/02/2025,VH-030,"17,21","0,319","€ 5,49",Shell,FC862183
05/03/2026,VH-030,"11,47","0,354","€ 4,06",shell,FC388048
26/05/2026,VH-030,"9,69","0,429","€ 4,16",Shell,FC589954
29/05/2026,VH-030,"25,80","0,411","€ 10,60",eko,FC117861
10/04/2026,VH-030,"18,93","0,308","€ 5,83",eko,FC715580
30/01/2026,VH-030,"21,07","0,316","€ 6,66",EKO,FC561622
04/04/2026,VH-030,"23,22","0,339","€ 7,87",EKO,FC352727
15/09/2025,VH-030,"29,75","0,284","€ 8,45",Avin,FC967356
23/06/2025,VH-030,"22,28","0,287","€ 6,39",BP,FC450737
14/06/2026,VH-030,"11,60","0,434","€ 5,03",Avin,FC279020
07/06/2026,VH-030,"18,53","0,369","€ 6,84",eko,FC625161
17/07/2025,VH-030,"13,05","0,392","€ 5,12",shell,FC782193
04/10/2025,VH-030,"13,88","0,396","€ 5,50",Avin,FC996271
05/03/2025,VH-030,"10,98","0,301","€ 3,31",shell,FC629979
25/02/2026,VH-030,"26,68","0,354","€ 9,44",eko,FC319504
12/04/2025,VH-030,"9,54","0,468","€ 4,47",EKO,FC791054
26/10/2025,VH-030,"12,05","0,485","€ 5,84",EKO,FC592689
11/01/2025,VH-030,"20,84","0,323","€ 6,73",EKO,FC472011
25/03/2026,VH-030,"12,58","0,338","€ 4,25",Avin,FC141611
13/10/2025,VH-030,"20,36","0,363","€ 7,39",BP,FC770591
20/09/2025,VH-030,"17,32","0,357","€ 6,18",eko,FC263959
15/04/2025,VH-030,"24,74","0,354","€ 8,76",eko,FC820664
20/04/2026,VH-030,,"0,393","€ 7,07",eko,FC867887
06/04/2025,VH-030,"16,89","0,300","€ 5,07",EKO,FC817921
12/07/2025,VH-030,"21,93","0,333","€ 7,30",Shell,FC397966
12/06/2025,VH-030,"21,12","0,339","€ 7,16",eko,FC953808
27/02/2025,VH-030,"17,72","0,445","€ 7,88",BP,FC165422
05/02/2026,VH-030,"18,69","0,359","€ 6,71",eko,FC699543
23/12/2025,VH-030,"21,95","0,328","€ 7,20",Avin,FC294031
06/04/2025,VH-030,"14,18","0,479","€ 6,79",Avin,FC198300
16/03/2026,VH-030,"24,29","0,354","€ 8,60",Avin,FC172303
17/01/2025,VH-030,"6,97","0,470","€ 3,28",BP,FC881319
24/02/2026,VH-030,"18,67","0,427","€ 7,97",BP,FC505005
30/04/2025,VH-030,"18,66","0,337","€ 6,29",Avin,FC468628
31/01/2025,VH-030,"13,46","0,377","€ 5,07",BP,FC790049
25/12/2025,VH-030,"19,44","0,414","€ 8,05",Shell,FC832667
21/05/2026,VH-030,"22,33","0,426","€ 9,51",Shell,FC323207
04/05/2025,VH-030,"19,00","0,366","€ 6,95",shell,FC632040
17/03/2025,VH-030,"19,32","0,363","€ 7,01",BP,FC106573
24/06/2025,VH-030,"26,26","0,343","€ 9,01",eko,FC144320
04/02/2026,VH-030,"18,41","0,395","€ 7,27",Avin,FC843713
24/08/2025,VH-030,"17,38","0,345","€ 6,00",BP,FC804568
22/08/2025,VH-030,"14,41","0,288","€ 4,15",eko,FC969444
05/07/2026,VH-031,"22,58","0,321","€ 7,25",Shell,FC722617
05/04/2025,VH-031,"35,29","0,441","€ 15,56",shell,FC965711
08/09/2025,VH-031,"38,97","0,367","€ 14,30",Avin,FC299448
02/05/2026,VH-031,"21,92","0,477","€ 10,45",BP,FC301189
15/04/2025,VH-031,"38,53","0,376","€ 14,49",shell,FC614554
12/04/2025,VH-031,"38,80","0,316","€ 12,26",BP,FC889951
20/06/2026,VH-031,"23,20","0,452","€ 10,49",Shell,FC999131
28/06/2026,VH-031,"27,22","0,398","€ 10,83",shell,FC175951
31/05/2026,VH-031,"44,27","0,407","€ 18,02",BP,FC770516
03/12/2025,VH-031,"31,76","0,430","€ 13,66",eko,FC461131
21/09/2025,VH-031,"61,44","0,345","€ 21,20",Avin,FC954461
16/02/2026,VH-031,"23,66","0,353","€ 8,35",Avin,FC596942
20/07/2025,VH-031,"58,04","0,306","€ 17,76",Shell,FC480821
07/01/2025,VH-031,"44,31","0,295","€ 13,07",Shell,FC680562
15/06/2026,VH-031,"23,43","0,474","€ 11,11",BP,FC903274
24/06/2026,VH-031,"27,99","0,442","€ 12,37",shell,FC235089
06/01/2025,VH-031,"35,47","0,471","€ 16,71",eko,FC847784
24/03/2026,VH-031,"33,69","0,327","€ 11,02",BP,FC458316
11/06/2025,VH-031,"32,07","0,332","€ 10,65",Avin,FC338303
23/06/2025,VH-031,"39,58","0,488","€ 19,32",EKO,FC428351
02/04/2026,VH-031,"32,23","0,381","€ 12,28",shell,FC758886
05/07/2026,VH-031,"39,35","0,499","€ 19,64",Shell,FC196977
12/05/2025,VH-031,"31,30","0,282","€ 8,83",Avin,FC821956
04/10/2025,VH-031,"15,06","0,473","€ 7,12",Shell,FC154573
27/10/2025,VH-031,"32,00","0,420","€ 13,44",eko,FC251868
13/03/2025,VH-031,"49,29","0,345","€ 17,00",EKO,FC119826
03/03/2026,VH-031,"41,37","0,347","€ 14,35",Avin,FC169467
26/02/2026,VH-031,"41,16","0,301","€ 12,39",Shell,FC632470
23/09/2025,VH-031,,"0,328","€ 12,50",shell,FC677391
08/02/2025,VH-031,"35,21","0,417","€ 14,68",BP,FC859586
17/02/2025,VH-031,"21,04","0,475","€ 9,99",eko,FC314328
05/02/2025,VH-031,"33,57","0,474","€ 15,91",Avin,FC265163
11/05/2026,VH-031,"26,23","0,437","€ 11,46",shell,FC774059
02/02/2025,VH-031,"50,39","0,317","€ 15,97",EKO,FC163620
03/07/2026,VH-031,"19,80","0,355","€ 7,03",shell,FC383077
23/05/2025,VH-031,"28,17","0,486","€ 13,69",Shell,FC729363
15/03/2026,VH-031,"38,18","0,441","€ 16,84",BP,FC291362
26/09/2025,VH-031,"44,26","0,315","€ 13,94",Shell,FC802781
05/07/2026,VH-031,"35,14","0,450","€ 15,81",Shell,FC166056
08/04/2026,VH-031,"43,63","0,428","€ 18,67",Avin,FC633035
05/07/2025,VH-031,"48,47","0,304","€ 14,74",eko,FC452539
16/12/2025,VH-031,"66,09","0,286","€ 18,90",shell,FC411667
27/01/2025,VH-031,"36,01","0,411","€ 14,80",shell,FC994758
14/09/2025,VH-031,"36,12","0,431","€ 15,57",shell,FC236216
03/01/2025,VH-031,"24,21","0,428","€ 10,36",eko,FC659512
28/02/2025,VH-031,"29,32","0,374","€ 10,97",EKO,FC481255
27/07/2025,VH-031,"39,32","0,303","€ 11,91",EKO,FC566192
08/03/2026,VH-031,"41,82","0,446","€ 18,65",BP,FC606745
27/01/2026,VH-031,"31,88","0,461","€ 14,70",BP,FC283246
15/09/2025,VH-031,"29,27","0,511","€ 14,96",shell,FC248913
16/02/2026,VH-031,"27,89","0,413","€ 11,52",Shell,FC836913
26/01/2025,VH-031,"40,57","0,413","€ 16,75",EKO,FC137789
03/05/2026,VH-031,"14,63","0,481","€ 7,04",eko,FC623729
05/05/2025,VH-031,"27,30","0,449","€ 12,26",Avin,FC375266
04/03/2025,VH-031,"30,49","0,388","€ 11,83",EKO,FC411061
06/07/2025,VH-031,"29,42","0,294","€ 8,65",EKO,FC992929
17/09/2025,VH-031,"27,26","0,316","€ 8,61",eko,FC435369
04/07/2026,VH-031,"41,55","0,333","€ 13,84",Shell,FC529553
23/05/2026,VH-031,"29,92","0,451","€ 13,49",BP,FC645390
25/12/2025,VH-031,"45,77","0,416","€ 19,04",BP,FC129006
23/05/2026,VH-031,"25,07","0,381","€ 9,55",shell,FC321901
12/04/2026,VH-031,"33,86","0,388","€ 13,14",Avin,FC929708
18/02/2025,VH-031,"50,27","0,383","€ 19,25",Shell,FC270626
23/06/2026,VH-031,"22,28","0,385","€ 8,58",eko,FC895344
12/03/2026,VH-031,"40,41","0,440","€ 17,78",eko,FC958947
22/03/2025,VH-031,"21,44","0,463","€ 9,93",shell,FC154199
20/08/2025,VH-031,"27,26","0,519","€ 14,15",Shell,FC929770
16/10/2025,VH-031,,"0,280","€ 13,19",shell,FC720298
20/10/2025,VH-031,"53,99","0,314","€ 16,95",shell,FC541134
28/10/2025,VH-031,"40,78","0,383","€ 15,62",BP,FC716215
14/02/2026,VH-031,"32,97","0,430","€ 14,18",BP,FC876540
27/07/2025,VH-031,"16,35","0,421","€ 6,88",shell,FC102015
12/12/2025,VH-031,"51,95","0,330","€ 17,14",shell,FC928415
10/02/2025,VH-031,,"0,317","€ 16,24",Shell,FC303543
12/10/2025,VH-031,"18,11","0,449","€ 8,13",eko,FC823196
29/10/2025,VH-031,"24,20","0,432","€ 10,45",shell,FC545637
06/09/2025,VH-031,"26,11","0,462","€ 12,06",Shell,FC319965
02/02/2025,VH-031,"46,22","0,286","€ 13,22",EKO,FC663939
23/04/2025,VH-031,"12,82","0,517","€ 6,63",EKO,FC908017
13/06/2025,VH-031,"33,38","0,481","€ 16,06",Shell,FC627746
20/03/2025,VH-031,"30,13","0,406","€ 12,23",Shell,FC799990
24/04/2025,VH-031,"33,16","0,516","€ 17,11",EKO,FC189413
15/03/2026,VH-031,"24,06","0,489","€ 11,76",Shell,FC862695
21/06/2026,VH-031,"41,46","0,297","€ 12,31",Shell,FC285363
11/01/2026,VH-031,"24,76","0,517","€ 12,80",shell,FC870050
16/03/2026,VH-031,"40,37","0,335","€ 13,52",eko,FC342900
31/01/2025,VH-031,"15,02","0,517","€ 7,77",eko,FC146633
05/08/2025,VH-031,"46,24","0,294","€ 13,60",Shell,FC268172
09/06/2026,VH-031,"52,36","0,326","€ 17,07",Avin,FC944439
26/03/2026,VH-031,"31,91","0,514","€ 16,40",Shell,FC870876
10/01/2026,VH-031,"42,83","0,490","€ 20,99",eko,FC826326
27/08/2025,VH-031,"23,45","0,458","€ 10,74",shell,FC609469
08/06/2025,VH-031,"40,92","0,343","€ 14,04",Shell,FC363277
30/01/2026,VH-031,"21,24","0,498","€ 10,58",eko,FC619742
31/08/2025,VH-031,"41,18","0,362","€ 14,91",Avin,FC276012
10/03/2026,VH-031,"33,59","0,441","€ 14,81",BP,FC809131
18/11/2025,VH-031,"22,82","0,442","€ 10,08",eko,FC349315
25/02/2025,VH-031,"31,81","0,410","€ 13,04",Avin,FC455260
10/11/2025,VH-031,"31,57","0,421","€ 13,29",shell,FC737242
09/08/2025,VH-031,"28,50","0,355","€ 10,12",BP,FC727325
20/08/2025,VH-031,"35,20","0,472","€ 16,62",shell,FC887513
06/02/2026,VH-031,"34,69","0,391","€ 13,56",EKO,FC719654
05/05/2026,VH-031,"32,12","0,488","€ 15,67",Avin,FC888922
18/01/2025,VH-031,"33,08","0,365","€ 12,07",eko,FC474393
06/02/2026,VH-031,"24,83","0,403","€ 10,01",Shell,FC149360
05/01/2025,VH-031,"36,57","0,346","€ 12,65",EKO,FC608276
30/05/2025,VH-031,"35,01","0,460","€ 16,11",shell,FC196278
20/12/2025,VH-031,"21,19","0,515","€ 10,91",BP,FC737935
04/11/2025,VH-031,"21,80","0,491","€ 10,70",Shell,FC770780
10/10/2025,VH-031,"30,40","0,412","€ 12,53",EKO,FC996550
28/03/2026,VH-031,"36,64","0,453","€ 16,60",shell,FC187108
12/06/2026,VH-031,"25,86","0,492","€ 12,72",eko,FC552189
29/04/2026,VH-031,"39,23","0,425","€ 16,67",shell,FC573047
30/01/2026,VH-031,"22,03","0,452","€ 9,96",eko,FC811999
25/10/2025,VH-031,"27,38","0,374","€ 10,24",EKO,FC737486
26/06/2026,VH-031,"29,91","0,422","€ 12,62",shell,FC700902
01/02/2026,VH-031,"31,63","0,458","€ 14,49",eko,FC299675
01/10/2025,VH-031,"24,85","0,433","€ 10,76",Shell,FC514931
26/01/2025,VH-031,"21,64","0,437","€ 9,45",shell,FC716788
09/06/2025,VH-031,"23,34","0,400","€ 9,34",shell,FC803518
29/05/2025,VH-031,"22,52","0,301","€ 6,78",eko,FC843831
09/06/2025,VH-031,"17,50","0,472","€ 8,26",eko,FC303009
16/10/2025,VH-031,"35,92","0,413","€ 14,84",eko,FC331815
22/02/2025,VH-031,"37,07","0,328","€ 12,16",EKO,FC921737
13/01/2025,VH-031,"22,00","0,508","€ 11,18",BP,FC562934
27/06/2025,VH-031,"47,32","0,377","€ 17,84",eko,FC826323
17/08/2025,VH-031,"38,31","0,308","€ 11,80",shell,FC188737
25/06/2026,VH-031,"51,10","0,386","€ 19,73",BP,FC716186
30/08/2025,VH-031,"34,07","0,407","€ 13,87",shell,FC786979
13/06/2025,VH-031,"24,98","0,469","€ 11,72",eko,FC852139
31/07/2025,VH-031,"32,84","0,435","€ 14,29",BP,FC104749
24/02/2026,VH-031,"34,85","0,333","€ 11,60",Avin,FC805494
09/06/2026,VH-031,"33,65","0,495","€ 16,66",eko,FC159144
30/09/2025,VH-031,"31,80","0,397","€ 12,62",eko,FC512601
09/08/2025,VH-031,"26,96","0,453","€ 12,21",shell,FC752647
26/04/2025,VH-031,"22,87","0,512","€ 11,71",BP,FC384794
08/08/2025,VH-031,"31,89","0,498","€ 15,88",Shell,FC867807
21/02/2025,VH-031,"17,06","0,495","€ 8,44",EKO,FC459800
18/07/2025,VH-031,"9,90","0,459","€ 4,54",BP,FC546904
29/04/2026,VH-031,"34,22","0,452","€ 15,47",BP,FC681299
01/05/2025,VH-031,"51,05","0,317","€ 16,18",Shell,FC278888
20/05/2025,VH-031,"27,50","0,477","€ 13,12",Avin,FC785206
09/08/2025,VH-031,"37,48","0,478","€ 17,91",Avin,FC693498
30/12/2025,VH-031,"44,51","0,364","€ 16,20",BP,FC942717
30/12/2025,VH-031,"16,89","0,371","€ 6,27",Shell,FC889660
13/01/2026,VH-031,"27,22","0,330","€ 8,98",shell,FC390445
17/06/2025,VH-031,"29,54","0,325","€ 9,60",Shell,FC123089
19/02/2026,VH-031,"23,23","0,347","€ 8,06",Avin,FC498491
04/11/2025,VH-031,"45,68","0,368","€ 16,81",EKO,FC239760
29/10/2025,VH-031,"47,14","0,286","€ 13,48",EKO,FC517016
17/07/2025,VH-031,"39,04","0,444","€ 17,33",eko,FC112541
25/07/2025,VH-031,"18,23","0,509","€ 9,28",shell,FC685463
03/04/2026,VH-031,"24,51","0,498","€ 12,21",BP,FC288506
06/08/2025,VH-031,"44,44","0,376","€ 16,71",eko,FC756058
03/02/2026,VH-031,"36,71","0,288","€ 10,57",BP,FC504116
04/01/2026,VH-032,"16,98","1,568","€ 26,63",Avin,FC267062
17/09/2025,VH-032,"8,92","1,882","€ 16,78",EKO,FC944071
14/01/2025,VH-032,"11,59","1,832","€ 21,23",Avin,FC329417
22/12/2025,VH-032,"15,00","1,763","€ 26,44",BP,FC197647
24/04/2026,VH-032,"5,87","1,603","€ 9,41",BP,FC159091
15/06/2025,VH-032,"17,66","1,757","€ 31,02",BP,FC255275
14/02/2025,VH-032,"15,49","1,573","€ 24,37",Shell,FC193477
10/05/2025,VH-032,"4,47","1,790","€ 8,00",shell,FC539137
08/05/2025,VH-032,"11,86","1,748","€ 20,73",Shell,FC672218
20/05/2025,VH-032,"10,48","1,927","€ 20,19",shell,FC272440
21/03/2025,VH-032,"11,83","1,540","€ 18,21",EKO,FC741613
01/06/2025,VH-032,"10,26","1,724","€ 17,69",Avin,FC540000
12/10/2025,VH-032,"6,82","1,914","€ 13,06",Avin,FC218488
28/05/2025,VH-032,"15,04","1,522","€ 22,89",shell,FC762236
15/05/2025,VH-032,"10,98","1,885","€ 20,69",EKO,FC218579
04/07/2026,VH-032,"12,55","1,566","€ 19,65",BP,FC917980
22/10/2025,VH-032,"10,48","1,779","€ 18,65",eko,FC802406
19/01/2025,VH-032,"7,06","1,645","€ 11,61",BP,FC288502
02/05/2025,VH-032,"11,82","1,831","€ 21,63",Shell,FC848825
03/03/2025,VH-032,"14,29","1,549","€ 22,13",shell,FC791568
05/06/2026,VH-032,"13,87","1,763","€ 24,45",eko,FC269108
16/05/2025,VH-032,"12,63","1,571","€ 19,85",Avin,FC773114
04/03/2026,VH-032,"7,56","1,925","€ 14,55",Avin,FC224041
09/07/2025,VH-032,"12,58","1,563","€ 19,66",EKO,FC194049
23/04/2026,VH-032,"10,94","1,779","€ 19,47",Avin,FC258495
14/01/2025,VH-032,"14,28","1,808","€ 25,81",eko,FC183754
09/02/2025,VH-032,"8,52","1,737","€ 14,80",eko,FC877161
30/04/2026,VH-032,"9,43","1,866","€ 17,59",Shell,FC480562
20/11/2025,VH-032,"8,86","1,582","€ 14,02",shell,FC583688
04/03/2025,VH-032,"9,33","1,591","€ 14,85",EKO,FC251304
02/02/2026,VH-032,"14,98","1,682","€ 25,20",Shell,FC781133
21/03/2025,VH-032,"17,67","1,657","€ 29,29",EKO,FC376649
25/08/2025,VH-032,"13,18","1,620","€ 21,36",Avin,FC793493
20/04/2025,VH-032,"13,33","1,553","€ 20,70",Avin,FC738334
25/11/2025,VH-032,"15,28","1,798","€ 27,48",Avin,FC166694
28/06/2025,VH-032,"11,30","1,554","€ 17,57",eko,FC119848
12/12/2025,VH-032,"6,94","1,902","€ 13,21",eko,FC766238
04/06/2026,VH-032,"12,73","1,536","€ 19,56",Shell,FC855958
14/02/2025,VH-032,"4,65","1,787","€ 8,31",EKO,FC529664
06/12/2025,VH-032,"10,07","1,741","€ 17,53",shell,FC539641
16/10/2025,VH-032,"10,69","1,701","€ 18,18",shell,FC956543
03/04/2025,VH-032,"12,81","1,583","€ 20,28",eko,FC156555
27/02/2025,VH-032,"12,22","1,592","€ 19,46",Avin,FC897099
24/09/2025,VH-032,"7,56","1,722","€ 13,02",eko,FC134642
11/11/2025,VH-032,"6,88","1,796","€ 12,36",eko,FC275856
30/06/2025,VH-032,"11,59","1,830","€ 21,22",EKO,FC612876
02/05/2025,VH-032,"11,76","1,842","€ 21,65",Avin,FC790537
11/03/2025,VH-032,"12,11","1,631","€ 19,76",BP,FC760922
26/09/2025,VH-032,"13,11","1,642","€ 21,53",EKO,FC737414
29/01/2026,VH-032,"9,52","1,805","€ 17,18",eko,FC550595
15/01/2026,VH-032,"12,96","1,602","€ 20,76",shell,FC935442
14/01/2026,VH-032,"10,20","1,910","€ 19,48",eko,FC548364
01/07/2025,VH-032,"10,14","1,866","€ 18,92",Shell,FC436191
22/09/2025,VH-032,"7,50","1,656","€ 12,41",BP,FC859203
18/05/2025,VH-032,"17,21","1,618","€ 27,85",BP,FC993152
15/05/2025,VH-032,"12,78","1,810","€ 23,13",EKO,FC539422
29/09/2025,VH-032,"13,14","1,552","€ 20,39",EKO,FC290515
18/03/2025,VH-032,"11,15","1,908","€ 21,27",eko,FC650334
22/11/2025,VH-032,"11,96","1,911","€ 22,85",Shell,FC495206
22/08/2025,VH-032,"17,74","1,575","€ 27,94",eko,FC237555
04/03/2026,VH-032,,"1,544","€ 21,12",Avin,FC404259
27/04/2025,VH-032,"4,99","1,774","€ 8,85",EKO,FC486539
22/11/2025,VH-032,"7,69","1,908","€ 14,67",shell,FC394415
01/06/2026,VH-032,"14,72","1,803","€ 26,54",eko,FC254249
07/04/2025,VH-032,"14,45","1,874","€ 27,07",eko,FC331757
10/11/2025,VH-032,"8,44","1,896","€ 16,00",Avin,FC601011
13/03/2025,VH-032,"11,23","1,830","€ 20,56",eko,FC970416
13/03/2026,VH-032,"13,09","1,751","€ 22,91",Shell,FC272943
10/03/2025,VH-032,"9,17","1,869","€ 17,13",EKO,FC575687
01/02/2025,VH-032,,"1,736","€ 14,92",shell,FC701881
05/04/2025,VH-032,"13,61","1,554","€ 21,15",eko,FC317571
08/07/2026,VH-032,"13,17","1,812","€ 23,87",Avin,FC712352
01/05/2026,VH-032,"10,25","1,895","€ 19,43",eko,FC780511
06/12/2025,VH-032,"9,40","1,932","€ 18,17",Avin,FC468192
16/05/2026,VH-032,,"1,658","€ 20,20",EKO,FC527030
17/12/2025,VH-032,"9,03","1,775","€ 16,03",EKO,FC136053
21/03/2025,VH-032,"14,93","1,663","€ 24,83",EKO,FC616300
28/03/2025,VH-032,,"1,580","€ 20,34",shell,FC336847
10/12/2025,VH-032,"13,86","1,605","€ 22,25",Avin,FC995128
27/06/2025,VH-032,"12,19","1,801","€ 21,96",Avin,FC567728
10/10/2025,VH-032,"16,60","1,665","€ 27,64",EKO,FC467354
07/03/2025,VH-032,"8,66","1,685","€ 14,59",eko,FC320564
17/12/2025,VH-032,"14,39","1,823","€ 26,23",EKO,FC201566
03/01/2025,VH-032,"17,53","1,532","€ 26,85",EKO,FC423648
21/09/2025,VH-032,"12,42","1,779","€ 22,09",eko,FC335436
20/01/2026,VH-032,"10,33","1,687","€ 17,42",BP,FC737218
01/06/2026,VH-032,"11,67","1,562","€ 18,22",Avin,FC707698
05/07/2026,VH-032,"6,75","1,930","€ 13,03",EKO,FC129638
15/10/2025,VH-032,"8,94","1,876","€ 16,76",EKO,FC700395
17/11/2025,VH-032,"12,87","1,682","€ 21,64",Avin,FC553146
17/01/2025,VH-032,"8,43","1,816","€ 15,31",BP,FC498528
29/05/2025,VH-032,"9,56","1,695","€ 16,21",EKO,FC569220
26/06/2026,VH-032,"11,65","1,603","€ 18,68",BP,FC397396
06/07/2025,VH-032,"9,55","1,928","€ 18,41",BP,FC461975
21/05/2025,VH-032,"10,51","1,552","€ 16,32",Shell,FC210993
04/07/2026,VH-032,"11,23","1,677","€ 18,83",shell,FC832443
13/05/2026,VH-032,"13,76","1,932","€ 26,58",Avin,FC712057
25/08/2025,VH-032,"15,65","1,577","€ 24,69",Avin,FC327067
12/07/2026,VH-032,"12,96","1,740","€ 22,56",Avin,FC500698
13/02/2026,VH-032,"13,96","1,559","€ 21,76",eko,FC103191
03/09/2025,VH-032,"12,39","1,819","€ 22,53",EKO,FC998612
20/01/2026,VH-032,"7,57","1,797","€ 13,60",EKO,FC611820
04/05/2025,VH-032,"16,94","1,520","€ 25,75",BP,FC165970
13/02/2026,VH-032,"13,27","1,610","€ 21,36",eko,FC148565
08/03/2025,VH-032,"10,97","1,592","€ 17,47",shell,FC312983
24/11/2025,VH-032,"11,69","1,887","€ 22,05",EKO,FC702323
26/03/2026,VH-032,"8,30","1,779","€ 14,76",shell,FC799704
11/03/2026,VH-032,"11,44","1,871","€ 21,41",Avin,FC308810
28/01/2026,VH-032,"13,43","1,778","€ 23,87",shell,FC398875
03/06/2025,VH-032,"14,97","1,523","€ 22,81",Avin,FC405993
21/01/2026,VH-032,"13,72","1,581","€ 21,69",Shell,FC630945
17/08/2025,VH-032,"16,13","1,611","€ 25,99",Shell,FC669458
26/11/2025,VH-032,"16,77","1,801","€ 30,21",Shell,FC621434
09/06/2025,VH-032,"10,39","1,652","€ 17,17",shell,FC282426
28/03/2026,VH-032,"12,16","1,667","€ 20,26",EKO,FC858473
22/05/2026,VH-032,"6,99","1,660","€ 11,60",Shell,FC600444
27/12/2025,VH-032,"12,85","1,676","€ 21,54",Avin,FC828013
08/03/2026,VH-032,"10,59","1,936","€ 20,51",Shell,FC817120
27/07/2025,VH-032,"12,63","1,802","€ 22,76",BP,FC100951
25/05/2025,VH-032,"11,08","1,921","€ 21,29",Avin,FC591667
08/08/2025,VH-032,"11,45","1,595","€ 18,26",Avin,FC207151
28/06/2026,VH-032,"12,57","1,827","€ 22,97",Shell,FC752250
09/07/2025,VH-032,"11,27","1,725","€ 19,44",shell,FC146745
16/06/2025,VH-032,"17,42","1,559","€ 27,15",Avin,FC984824
27/03/2026,VH-032,"8,67","1,836","€ 15,92",BP,FC598183
18/05/2025,VH-032,"10,13","1,636","€ 16,58",shell,FC995443
20/04/2026,VH-032,"7,72","1,766","€ 13,63",eko,FC664375
07/09/2025,VH-032,"7,77","1,807","€ 14,05",eko,FC863278
08/01/2025,VH-032,"13,07","1,713","€ 22,39",Shell,FC504970
28/10/2025,VH-032,"13,05","1,626","€ 21,22",EKO,FC130528
10/04/2025,VH-032,"11,29","1,851","€ 20,89",BP,FC402908
04/04/2025,VH-032,"9,26","1,800","€ 16,67",BP,FC510577
19/02/2026,VH-032,"11,05","1,773","€ 19,60",Avin,FC697568
16/04/2025,VH-032,"16,95","1,893","€ 32,08",eko,FC322754
16/03/2025,VH-032,"10,69","1,829","€ 19,55",Shell,FC705789
03/07/2025,VH-032,"15,43","1,703","€ 26,28",shell,FC631629
19/07/2025,VH-032,"15,43","1,938","€ 29,90",Avin,FC341453
17/02/2026,VH-032,"10,22","1,717","€ 17,54",BP,FC936137
20/06/2025,VH-032,"13,75","1,783","€ 24,51",EKO,FC845035
20/02/2025,VH-032,"17,48","1,735","€ 30,32",Avin,FC133385
30/09/2025,VH-032,"14,02","1,639","€ 22,98",Shell,FC265358
23/07/2025,VH-032,"6,15","1,712","€ 10,53",eko,FC430236
17/02/2025,VH-032,"14,91","1,691","€ 25,21",eko,FC299116
21/02/2026,VH-032,"14,69","1,765","€ 25,93",BP,FC709922
16/01/2026,VH-032,"10,98","1,684","€ 18,49",shell,FC491169
05/09/2025,VH-032,"9,33","1,722","€ 16,07",shell,FC600898
12/10/2025,VH-032,"5,78","1,932","€ 11,16",EKO,FC570305
20/09/2025,VH-032,"10,34","1,671","€ 17,27",Shell,FC761225
06/06/2025,VH-032,"13,64","1,675","€ 22,84",shell,FC952492
02/06/2025,VH-032,"11,02","1,688","€ 18,59",Avin,FC771718
23/02/2025,VH-032,"15,97","1,544","€ 24,66",Shell,FC949604
29/10/2025,VH-032,"8,91","1,850","€ 16,49",shell,FC987537
08/11/2025,VH-032,"13,85","1,940","€ 26,86",Shell,FC455727
23/11/2025,VH-032,"17,64","1,539","€ 27,15",EKO,FC279726
13/04/2025,VH-032,"10,64","1,887","€ 20,07",Shell,FC584287
27/05/2026,VH-032,"9,18","1,695","€ 15,57",Avin,FC540564
16/08/2025,VH-033,"9,65","1,621","€ 15,64",Shell,FC976102
19/01/2025,VH-033,"12,09","1,742","€ 21,07",eko,FC159041
01/04/2025,VH-033,"9,78","1,567","€ 15,32",eko,FC450702
26/09/2025,VH-033,"8,90","1,848","€ 16,46",EKO,FC952223
24/05/2025,VH-033,"12,36","1,801","€ 22,26",Avin,FC785956
10/03/2026,VH-033,"12,70","1,786","€ 22,68",BP,FC141052
14/05/2025,VH-033,"10,75","1,552","€ 16,69",shell,FC197333
14/10/2025,VH-033,"11,59","1,742","€ 20,20",EKO,FC871568
28/06/2025,VH-033,"11,28","1,593","€ 17,97",Avin,FC692319
11/03/2025,VH-033,"9,25","1,869","€ 17,30",BP,FC860094
31/07/2025,VH-033,"10,34","1,906","€ 19,70",eko,FC708666
27/06/2026,VH-033,"13,22","1,935","€ 25,58",Shell,FC522350
06/01/2026,VH-033,"10,84","1,804","€ 19,56",EKO,FC201430
18/02/2026,VH-033,"13,29","1,640","€ 21,79",EKO,FC523630
22/10/2025,VH-033,"11,37","1,913","€ 21,75",Avin,FC186471
20/02/2026,VH-033,"12,26","1,872","€ 22,96",Avin,FC577158
11/01/2026,VH-033,"13,50","1,861","€ 25,13",shell,FC863648
19/03/2026,VH-033,"13,21","1,555","€ 20,54",BP,FC365426
10/08/2025,VH-033,"10,94","1,873","€ 20,50",BP,FC204324
22/06/2026,VH-033,"15,19","1,678","€ 25,49",eko,FC706685
15/01/2025,VH-033,"8,50","1,771","€ 15,05",BP,FC331297
19/02/2025,VH-033,"9,10","1,560","€ 14,19",Avin,FC104758
03/02/2026,VH-033,"15,49","1,759","€ 27,24",Avin,FC441196
27/03/2025,VH-033,"7,15","1,911","€ 13,66",Shell,FC771243
23/02/2025,VH-033,"13,51","1,698","€ 22,94",eko,FC377039
12/06/2026,VH-033,"13,91","1,555","€ 21,62",shell,FC258633
18/06/2025,VH-033,"11,27","1,681","€ 18,95",Avin,FC809068
22/06/2025,VH-033,"11,72","1,546","€ 18,11",BP,FC862292
11/01/2026,VH-033,"12,53","1,876","€ 23,51",eko,FC667962
15/06/2026,VH-033,"9,62","1,564","€ 15,05",Shell,FC786211
03/09/2025,VH-033,"10,30","1,751","€ 18,03",shell,FC270008
31/12/2025,VH-033,"15,52","1,540","€ 23,90",BP,FC127228
11/01/2025,VH-033,"12,10","1,774","€ 21,47",BP,FC190306
06/05/2025,VH-033,"14,33","1,687","€ 24,18",Shell,FC760666
30/04/2025,VH-033,"8,65","1,587","€ 13,73",Avin,FC581541
22/04/2026,VH-033,"6,16","1,940","€ 11,94",Avin,FC450260
09/06/2026,VH-033,"5,33","1,927","€ 10,27",eko,FC331142
01/03/2026,VH-033,"8,45","1,863","€ 15,75",BP,FC150214
04/10/2025,VH-033,"12,85","1,851","€ 23,79",EKO,FC369024
28/06/2025,VH-033,"13,61","1,725","€ 23,48",Shell,FC877284
17/08/2025,VH-033,"7,62","1,768","€ 13,46",shell,FC638783
26/06/2026,VH-033,"9,28","1,823","€ 16,91",BP,FC118164
20/01/2025,VH-033,"8,94","1,686","€ 15,07",Shell,FC814965
19/01/2026,VH-033,"10,03","1,844","€ 18,49",BP,FC220402
21/09/2025,VH-033,"15,33","1,760","€ 26,98",BP,FC888031
09/06/2026,VH-033,"10,70","1,805","€ 19,31",eko,FC145909
06/05/2026,VH-033,"9,92","1,539","€ 15,27",eko,FC327675
07/12/2025,VH-033,"11,82","1,902","€ 22,48",shell,FC787705
13/07/2026,VH-033,"16,03","1,601","€ 25,67",EKO,FC839015
24/10/2025,VH-033,"10,45","1,682","€ 17,58",eko,FC282308
25/05/2025,VH-033,"12,87","1,829","€ 23,53",shell,FC142714
10/11/2025,VH-033,"9,10","1,918","€ 17,46",eko,FC390587
12/10/2025,VH-033,"9,73","1,837","€ 17,87",shell,FC224248
15/05/2026,VH-033,"7,25","1,922","€ 13,93",Avin,FC784612
02/04/2025,VH-033,"7,51","1,767","€ 13,27",Avin,FC972916
13/08/2025,VH-033,"14,46","1,599","€ 23,12",BP,FC977668
04/02/2026,VH-033,"10,90","1,827","€ 19,91",eko,FC917573
06/08/2025,VH-033,"12,73","1,787","€ 22,74",shell,FC408606
04/06/2025,VH-033,"11,75","1,678","€ 19,71",BP,FC721576
19/09/2025,VH-033,"19,94","1,623","€ 32,36",EKO,FC252774
13/05/2025,VH-033,"14,83","1,559","€ 23,12",BP,FC770254
08/08/2025,VH-033,"11,26","1,531","€ 17,24",Shell,FC433327
06/04/2025,VH-033,"11,49","1,936","€ 22,24",Shell,FC887745
10/05/2025,VH-033,"10,75","1,898","€ 20,40",Avin,FC644707
31/10/2025,VH-033,"10,42","1,838","€ 19,16",Shell,FC110230
26/11/2025,VH-033,"13,89","1,659","€ 23,05",EKO,FC707748
20/01/2025,VH-033,"14,33","1,557","€ 22,31",BP,FC707065
14/06/2025,VH-033,"7,05","1,570","€ 11,07",Shell,FC486743
04/12/2025,VH-033,"9,18","1,895","€ 17,40",Avin,FC743599
10/01/2026,VH-033,"6,09","1,749","€ 10,66",shell,FC126362
15/06/2026,VH-033,"14,10","1,810","€ 25,52",EKO,FC959677
01/03/2026,VH-033,"7,78","1,880","€ 14,63",EKO,FC458315
27/07/2025,VH-033,"12,60","1,913","€ 24,10",shell,FC937946
14/06/2025,VH-033,"11,93","1,669","€ 19,91",Avin,FC146444
02/11/2025,VH-033,"6,41","1,812","€ 11,62",shell,FC516467
23/05/2025,VH-033,"17,96","1,521","€ 27,32",BP,FC543970
22/03/2026,VH-033,"17,87","1,625","€ 29,04",Avin,FC247753
20/06/2026,VH-033,"13,81","1,593","€ 22,00",shell,FC262148
21/04/2025,VH-033,"13,97","1,570","€ 21,94",eko,FC729232
29/09/2025,VH-033,"13,73","1,869","€ 25,66",Avin,FC932930
24/07/2025,VH-033,"7,72","1,912","€ 14,76",EKO,FC486221
17/02/2026,VH-033,"8,54","1,851","€ 15,82",Avin,FC668983
19/04/2025,VH-033,"15,16","1,552","€ 23,52",Avin,FC480268
11/12/2025,VH-033,"8,84","1,597","€ 14,11",Avin,FC468956
30/04/2026,VH-033,"4,67","1,885","€ 8,81",eko,FC156803
11/04/2026,VH-033,"14,64","1,913","€ 28,00",Shell,FC760174
27/02/2026,VH-033,"16,21","1,554","€ 25,19",shell,FC880035
06/06/2025,VH-033,"8,64","1,828","€ 15,79",eko,FC335317
01/01/2026,VH-033,"8,36","1,939","€ 16,22",Avin,FC282841
04/04/2026,VH-033,"11,92","1,897","€ 22,62",EKO,FC766215
27/02/2025,VH-033,"14,34","1,587","€ 22,75",shell,FC412825
04/05/2025,VH-033,"15,44","1,895","€ 29,26",BP,FC666616
29/03/2025,VH-033,"12,95","1,683","€ 21,80",EKO,FC884789
12/01/2026,VH-033,"13,76","1,833","€ 25,23",Avin,FC649990
26/02/2025,VH-033,"12,40","1,684","€ 20,89",BP,FC715577
11/07/2025,VH-033,"6,40","1,894","€ 12,12",eko,FC546472
26/02/2026,VH-033,"9,12","1,802","€ 16,43",Avin,FC470867
02/11/2025,VH-033,"17,16","1,679","€ 28,82",Avin,FC164067
22/11/2025,VH-033,"8,51","1,753","€ 14,91",EKO,FC360256
19/08/2025,VH-033,"12,71","1,867","€ 23,73",Avin,FC782425
19/06/2025,VH-033,"14,00","1,806","€ 25,28",eko,FC418540
08/07/2026,VH-033,"9,96","1,926","€ 19,19",BP,FC943705
05/04/2026,VH-033,"8,51","1,872","€ 15,93",Shell,FC461228
21/02/2026,VH-033,"12,56","1,530","€ 19,21",Avin,FC178074
17/02/2026,VH-033,"8,35","1,778","€ 14,84",Shell,FC896684
28/02/2026,VH-033,"8,42","1,627","€ 13,71",BP,FC368443
26/10/2025,VH-033,"9,22","1,875","€ 17,28",Shell,FC688649
30/01/2025,VH-033,"12,03","1,554","€ 18,70",EKO,FC912200
04/02/2026,VH-033,"8,40","1,815","€ 15,24",EKO,FC727375
17/01/2025,VH-033,"6,52","1,899","€ 12,37",eko,FC151868
20/07/2025,VH-033,"14,12","1,540","€ 21,74",BP,FC109992
13/02/2026,VH-033,"14,18","1,604","€ 22,75",Avin,FC233402
02/03/2025,VH-033,"13,43","1,859","€ 24,97",shell,FC702445
19/06/2025,VH-033,"9,15","1,670","€ 15,29",eko,FC190271
10/12/2025,VH-033,"10,53","1,756","€ 18,50",eko,FC170616
22/02/2026,VH-033,"13,32","1,598","€ 21,28",BP,FC292381
24/12/2025,VH-033,"10,78","1,766","€ 19,04",BP,FC892676
27/06/2026,VH-033,"5,93","1,907","€ 11,30",Shell,FC561830
31/10/2025,VH-033,"10,27","1,773","€ 18,20",Avin,FC954659
15/12/2025,VH-033,"12,73","1,640","€ 20,88",Avin,FC785036
01/01/2026,VH-033,"6,62","1,842","€ 12,20",eko,FC152966
23/03/2026,VH-033,"14,19","1,658","€ 23,53",Avin,FC231335
05/04/2026,VH-033,"9,97","1,769","€ 17,63",Avin,FC596370
04/07/2026,VH-033,"16,46","1,572","€ 25,88",shell,FC308437
09/06/2025,VH-033,"11,44","1,912","€ 21,87",Avin,FC932871
07/10/2025,VH-033,"8,04","1,817","€ 14,61",Avin,FC954804
20/06/2025,VH-033,"12,59","1,686","€ 21,22",Shell,FC848344
21/09/2025,VH-033,"10,00","1,698","€ 16,98",shell,FC141555
19/09/2025,VH-033,"9,74","1,848","€ 18,00",eko,FC914331
08/05/2025,VH-033,,"1,684","€ 25,72",EKO,FC186453
20/07/2025,VH-033,"10,76","1,645","€ 17,71",EKO,FC126864
02/07/2026,VH-033,"8,30","1,939","€ 16,10",Shell,FC724497
07/02/2026,VH-033,"10,52","1,634","€ 17,20",shell,FC781713
10/06/2026,VH-033,"8,72","1,759","€ 15,34",BP,FC366423
12/05/2025,VH-033,"7,66","1,803","€ 13,81",EKO,FC511061
14/10/2025,VH-033,"8,96","1,569","€ 14,07",Avin,FC172453
11/12/2025,VH-033,"15,75","1,542","€ 24,29",eko,FC530585
04/11/2025,VH-033,"8,71","1,785","€ 15,54",Shell,FC253209
04/06/2025,VH-033,"11,64","1,652","€ 19,23",eko,FC241595
14/07/2026,VH-033,"12,13","1,546","€ 18,75",EKO,FC827318
26/05/2026,VH-033,"10,72","1,843","€ 19,75",EKO,FC550900
10/03/2025,VH-033,"10,82","1,688","€ 18,26",Avin,FC791648
14/03/2026,VH-033,"8,64","1,775","€ 15,34",EKO,FC933074
05/06/2026,VH-033,"12,38","1,552","€ 19,22",shell,FC741797
08/06/2025,VH-033,"18,58","1,676","€ 31,15",shell,FC638359
19/11/2025,VH-033,"14,20","1,750","€ 24,86",shell,FC254269
10/01/2026,VH-033,"16,13","1,622","€ 26,16",Avin,FC389281
17/05/2025,VH-033,"11,92","1,815","€ 21,64",Avin,FC156774
04/05/2026,VH-033,"12,61","1,646","€ 20,75",eko,FC504121
22/01/2025,VH-033,"12,91","1,546","€ 19,97",BP,FC364151
20/01/2026,VH-033,"12,58","1,637","€ 20,60",shell,FC120759
19/03/2025,VH-033,"12,00","1,650","€ 19,80",shell,FC307694
07/02/2025,VH-033,"15,81","1,640","€ 25,93",BP,FC126059
02/07/2025,VH-033,"7,97","1,760","€ 14,02",eko,FC804902
05/02/2025,VH-033,"14,54","1,580","€ 22,98",EKO,FC301796
08/09/2025,VH-033,"14,75","1,689","€ 24,91",eko,FC344319
03/02/2025,VH-033,"7,98","1,617","€ 12,90",eko,FC716239
15/10/2025,VH-033,"5,41","1,598","€ 8,65",shell,FC789051
12/04/2025,VH-033,"10,33","1,666","€ 17,21",Shell,FC924335
19/07/2025,VH-033,"6,61","1,824","€ 12,06",Avin,FC153054
12/05/2025,VH-033,"9,69","1,637","€ 15,86",EKO,FC691214
26/04/2026,VH-033,"17,59","1,552","€ 27,30",Avin,FC746461
19/03/2026,VH-033,"12,13","1,896","€ 23,00",Shell,FC182421
13/01/2026,VH-033,"10,21","1,911","€ 19,51",Avin,FC176683
10/05/2026,VH-034,"29,29","0,363","€ 10,63",Shell,FC229250
24/01/2026,VH-034,"33,70","0,461","€ 15,54",eko,FC351605
10/04/2026,VH-034,"39,57","0,425","€ 16,82",EKO,FC743810
20/01/2026,VH-034,"37,95","0,287","€ 10,89",EKO,FC192596
03/02/2026,VH-034,"23,83","0,445","€ 10,61",shell,FC976970
19/07/2025,VH-034,"41,54","0,326","€ 13,54",eko,FC364716
22/09/2025,VH-034,"21,56","0,365","€ 7,87",Shell,FC347367
12/05/2025,VH-034,"34,48","0,330","€ 11,38",eko,FC502601
20/01/2025,VH-034,"27,19","0,497","€ 13,51",BP,FC862193
04/09/2025,VH-034,"20,06","0,462","€ 9,27",EKO,FC830427
11/08/2025,VH-034,"44,35","0,388","€ 17,21",BP,FC194409
18/02/2026,VH-034,"24,97","0,412","€ 10,29",shell,FC134631
08/07/2026,VH-034,"34,79","0,362","€ 12,59",eko,FC604659
10/01/2026,VH-034,"16,57","0,288","€ 4,77",BP,FC842061
12/03/2026,VH-034,"16,73","0,452","€ 7,56",EKO,FC374482
29/05/2026,VH-034,"30,47","0,449","€ 13,68",eko,FC223965
27/11/2025,VH-034,"25,39","0,444","€ 11,27",shell,FC379235
04/09/2025,VH-034,"53,44","0,312","€ 16,67",shell,FC599814
22/03/2025,VH-034,"28,92","0,360","€ 10,41",Avin,FC985454
14/12/2025,VH-034,"40,75","0,310","€ 12,63",Avin,FC434965
30/11/2025,VH-034,,"0,366","€ 10,42",Shell,FC544473
13/07/2025,VH-034,"28,55","0,319","€ 9,11",BP,FC102722
30/03/2025,VH-034,"28,79","0,502","€ 14,45",eko,FC630770
05/03/2025,VH-034,"32,09","0,415","€ 13,32",BP,FC556024
01/10/2025,VH-034,"18,79","0,514","€ 9,66",EKO,FC400069
04/10/2025,VH-034,"39,00","0,299","€ 11,66",eko,FC964239
23/02/2026,VH-034,"48,24","0,310","€ 14,95",shell,FC662257
01/02/2025,VH-034,"30,15","0,441","€ 13,29",shell,FC773770
17/04/2026,VH-034,"19,06","0,405","€ 7,72",Shell,FC523022
31/01/2026,VH-034,"33,86","0,423","€ 14,32",EKO,FC438439
14/05/2025,VH-034,"52,54","0,318","€ 16,71",Shell,FC828148
04/04/2025,VH-034,"34,78","0,332","€ 11,55",eko,FC594715
11/06/2025,VH-034,"35,13","0,301","€ 10,57",eko,FC449001
05/06/2026,VH-034,"35,25","0,301","€ 10,61",BP,FC273813
26/09/2025,VH-034,"26,43","0,371","€ 9,80",Avin,FC965173
30/05/2025,VH-034,"35,01","0,362","€ 12,67",eko,FC998376
13/04/2026,VH-034,"33,57","0,313","€ 10,51",EKO,FC885508
04/06/2025,VH-034,"21,76","0,329","€ 7,16",BP,FC554659
08/02/2026,VH-034,"30,88","0,382","€ 11,80",Shell,FC843076
08/04/2026,VH-034,"29,09","0,444","€ 12,91",BP,FC513378
04/08/2025,VH-034,"72,51","0,340","€ 24,65",shell,FC724356
01/01/2026,VH-034,"29,34","0,306","€ 8,98",Shell,FC540880
03/06/2025,VH-034,"43,52","0,325","€ 14,14",Shell,FC270432
13/08/2025,VH-034,"43,62","0,338","€ 14,74",EKO,FC307680
17/01/2026,VH-034,,"0,390","€ 19,12",Shell,FC503645
22/05/2025,VH-034,"30,39","0,416","€ 12,64",Avin,FC873085
17/05/2025,VH-034,"60,40","0,308","€ 18,60",Avin,FC458557
10/06/2025,VH-034,"16,45","0,413","€ 6,79",Shell,FC173572
03/09/2025,VH-034,"30,20","0,426","€ 12,87",BP,FC266764
12/03/2026,VH-034,"19,63","0,516","€ 10,13",Shell,FC219799
31/01/2026,VH-034,"22,67","0,410","€ 9,29",Shell,FC375415
20/02/2025,VH-034,"36,22","0,368","€ 13,33",eko,FC220492
23/08/2025,VH-034,"43,57","0,345","€ 15,03",shell,FC776180
19/08/2025,VH-034,"11,88","0,435","€ 5,17",shell,FC844698
03/12/2025,VH-034,"27,61","0,417","€ 11,51",Avin,FC668518
22/02/2025,VH-034,"17,97","0,419","€ 7,53",Avin,FC506495
14/07/2025,VH-034,"38,63","0,364","€ 14,06",Avin,FC626736
02/01/2026,VH-034,"29,34","0,445","€ 13,06",EKO,FC593133
28/02/2026,VH-034,"37,72","0,354","€ 13,35",shell,FC473116
18/05/2025,VH-034,"31,33","0,313","€ 9,81",EKO,FC410997
26/09/2025,VH-034,"33,44","0,313","€ 10,47",BP,FC851189
07/07/2026,VH-034,"44,23","0,322","€ 14,24",BP,FC317153
06/01/2025,VH-034,"29,30","0,313","€ 9,17",BP,FC563369
19/06/2025,VH-034,"27,69","0,465","€ 12,87",Avin,FC807257
21/02/2026,VH-034,"37,17","0,351","€ 13,05",EKO,FC157787
06/02/2026,VH-034,"36,35","0,426","€ 15,48",Shell,FC662626
14/09/2025,VH-034,"43,31","0,359","€ 15,55",BP,FC805152
30/07/2025,VH-034,"42,12","0,286","€ 12,05",shell,FC864507
02/01/2025,VH-034,"35,38","0,483","€ 17,09",Shell,FC277840
17/02/2026,VH-034,"35,31","0,405","€ 14,30",eko,FC521849
23/05/2026,VH-034,"46,91","0,302","€ 14,17",EKO,FC749103
02/03/2026,VH-034,"31,13","0,490","€ 15,26",EKO,FC177322
01/03/2025,VH-034,"20,87","0,503","€ 10,50",eko,FC880430
23/03/2026,VH-034,"22,80","0,404","€ 9,21",BP,FC988634
22/03/2026,VH-034,"21,65","0,401","€ 8,68",EKO,FC347703
27/12/2025,VH-034,"48,60","0,329","€ 15,99",BP,FC821764
09/02/2026,VH-034,"26,83","0,504","€ 13,52",EKO,FC882464
16/02/2026,VH-034,"53,95","0,282","€ 15,21",Shell,FC156426
07/12/2025,VH-034,"34,54","0,352","€ 12,16",Shell,FC390266
18/07/2025,VH-034,,"0,518","€ 9,51",EKO,FC308471
17/02/2026,VH-034,"42,06","0,302","€ 12,70",EKO,FC360127
21/09/2025,VH-034,"46,76","0,319","€ 14,92",Avin,FC558884
30/06/2025,VH-034,"35,11","0,392","€ 13,76",shell,FC727690
12/02/2025,VH-034,"28,67","0,382","€ 10,95",Shell,FC755331
19/05/2026,VH-034,"25,99","0,464","€ 12,06",shell,FC379378
07/06/2026,VH-034,"48,25","0,299","€ 14,43",eko,FC483223
07/11/2025,VH-034,"45,13","0,409","€ 18,46",Shell,FC990542
21/02/2025,VH-034,"30,80","0,309","€ 9,52",Shell,FC622681
17/09/2025,VH-034,"38,45","0,341","€ 13,11",BP,FC441684
20/01/2025,VH-034,"23,09","0,387","€ 8,94",shell,FC147235
10/06/2025,VH-034,"38,19","0,421","€ 16,08",EKO,FC575341
20/05/2026,VH-034,"29,73","0,368","€ 10,94",BP,FC263205
15/11/2025,VH-034,"44,11","0,305","€ 13,46",BP,FC949801
09/08/2025,VH-034,"25,41","0,475","€ 12,07",EKO,FC164882
01/12/2025,VH-034,"28,95","0,486","€ 14,07",Shell,FC839078
02/03/2026,VH-034,"30,99","0,376","€ 11,65",Shell,FC292346
18/12/2025,VH-034,"33,82","0,470","€ 15,89",shell,FC986992
14/04/2026,VH-034,"30,03","0,453","€ 13,60",Shell,FC220166
11/12/2025,VH-034,"32,75","0,387","€ 12,67",BP,FC604624
17/12/2025,VH-034,"28,91","0,478","€ 13,82",Avin,FC905770
15/02/2026,VH-034,"27,97","0,333","€ 9,31",eko,FC315414
21/06/2025,VH-034,"23,55","0,436","€ 10,27",Avin,FC717785
31/12/2025,VH-034,"19,42","0,407","€ 7,91",Shell,FC546983
19/01/2026,VH-034,"20,61","0,518","€ 10,68",eko,FC415793
20/09/2025,VH-034,"27,25","0,513","€ 13,98",EKO,FC327615
13/01/2025,VH-034,"25,75","0,408","€ 10,51",shell,FC374203
07/05/2026,VH-034,"28,30","0,361","€ 10,22",Avin,FC547606
04/09/2025,VH-034,"41,68","0,345","€ 14,38",BP,FC877789
18/02/2026,VH-034,"37,51","0,478","€ 17,93",Avin,FC368631
27/01/2025,VH-034,"36,46","0,385","€ 14,04",eko,FC732149
16/04/2026,VH-034,"21,08","0,518","€ 10,92",shell,FC725111
16/04/2026,VH-034,"35,14","0,343","€ 12,05",BP,FC983034
25/02/2026,VH-034,"28,18","0,428","€ 12,06",shell,FC337138
07/03/2025,VH-034,"18,97","0,519","€ 9,85",Shell,FC684254
03/08/2025,VH-034,"20,96","0,308","€ 6,45",Shell,FC543588
19/02/2026,VH-034,"28,85","0,487","€ 14,05",shell,FC582683
02/05/2026,VH-034,"39,30","0,404","€ 15,88",EKO,FC492576
24/05/2025,VH-034,"48,29","0,319","€ 15,40",BP,FC416426
25/06/2025,VH-034,"19,99","0,515","€ 10,29",BP,FC154930
02/07/2025,VH-034,,"0,514","€ 10,50",eko,FC564204
30/06/2025,VH-034,"27,72","0,492","€ 13,64",shell,FC793343
18/02/2025,VH-034,"26,19","0,417","€ 10,92",Avin,FC760729
26/07/2025,VH-034,"29,36","0,348","€ 10,22",EKO,FC901874
13/09/2025,VH-034,"19,47","0,454","€ 8,84",shell,FC221280
07/03/2026,VH-034,"24,67","0,432","€ 10,66",EKO,FC160592
16/04/2026,VH-034,"34,04","0,354","€ 12,05",BP,FC384395
21/01/2025,VH-034,"37,62","0,422","€ 15,88",Shell,FC836614
07/04/2025,VH-034,"32,02","0,401","€ 12,84",Avin,FC732759
27/05/2026,VH-034,"27,89","0,481","€ 13,42",Shell,FC289356
20/01/2025,VH-034,"28,36","0,315","€ 8,93",BP,FC616611
25/06/2025,VH-034,"36,50","0,405","€ 14,78",shell,FC498461
28/01/2026,VH-034,"40,08","0,307","€ 12,30",Shell,FC246073
10/10/2025,VH-034,"22,78","0,452","€ 10,30",Avin,FC347997
05/10/2025,VH-034,"32,67","0,386","€ 12,61",eko,FC541520
15/02/2026,VH-034,"53,03","0,287","€ 15,22",EKO,FC434018
28/08/2025,VH-034,"25,51","0,399","€ 10,18",EKO,FC915198
19/11/2025,VH-034,"43,62","0,328","€ 14,31",BP,FC683056
06/01/2025,VH-034,"50,64","0,283","€ 14,33",Shell,FC171006
04/05/2025,VH-034,"15,51","0,322","€ 4,99",Avin,FC530803
23/11/2025,VH-034,"58,51","0,301","€ 17,61",shell,FC555268
20/04/2025,VH-034,"30,56","0,326","€ 9,96",eko,FC849838
04/01/2025,VH-034,"22,60","0,496","€ 11,21",eko,FC823225
14/06/2025,VH-034,"29,11","0,495","€ 14,41",shell,FC187386
01/01/2026,VH-034,"67,85","0,304","€ 20,63",BP,FC756797
01/06/2025,VH-034,"24,13","0,409","€ 9,87",BP,FC758299
18/07/2025,VH-034,"29,50","0,459","€ 13,54",eko,FC723276
26/03/2025,VH-034,"28,08","0,518","€ 14,55",eko,FC523696
14/11/2025,VH-034,"18,54","0,466","€ 8,64",shell,FC868517
01/02/2025,VH-034,"30,35","0,340","€ 10,32",EKO,FC532570
09/06/2026,VH-034,"32,80","0,442","€ 14,50",shell,FC594155
28/12/2025,VH-034,"31,06","0,425","€ 13,20",BP,FC900228
30/05/2025,VH-034,"34,23","0,488","€ 16,70",EKO,FC712192
17/05/2025,VH-034,"24,87","0,516","€ 12,83",Avin,FC453159
15/04/2025,VH-034,"23,07","0,492","€ 11,35",eko,FC894518
27/03/2025,VH-034,"29,62","0,460","€ 13,62",Shell,FC333866
02/06/2025,VH-034,"32,25","0,409","€ 13,19",BP,FC806841
23/05/2026,VH-034,"8,66","0,410","€ 3,55",BP,FC293159
30/07/2025,VH-035,"37,48","0,393","€ 14,73",eko,FC208626
29/05/2025,VH-035,"21,62","0,513","€ 11,09",Avin,FC473583
29/06/2026,VH-035,"37,39","0,398","€ 14,88",eko,FC463975
14/06/2026,VH-035,"33,80","0,403","€ 13,62",BP,FC514940
06/03/2026,VH-035,"43,15","0,356","€ 15,36",EKO,FC403727
11/01/2025,VH-035,"25,30","0,430","€ 10,88",EKO,FC762896
31/05/2025,VH-035,"18,56","0,507","€ 9,41",shell,FC769103
06/02/2025,VH-035,"21,24","0,435","€ 9,24",eko,FC109471
17/02/2026,VH-035,"22,52","0,504","€ 11,35",Avin,FC431023
01/06/2026,VH-035,"24,23","0,384","€ 9,31",BP,FC990558
04/04/2026,VH-035,"25,32","0,405","€ 10,25",EKO,FC387514
10/02/2025,VH-035,"44,12","0,398","€ 17,56",shell,FC186532
17/01/2026,VH-035,"18,80","0,508","€ 9,55",Avin,FC867563
17/01/2025,VH-035,"16,50","0,448","€ 7,39",Avin,FC920190
18/01/2025,VH-035,"19,48","0,505","€ 9,84",BP,FC153612
23/12/2025,VH-035,"31,04","0,359","€ 11,14",EKO,FC985171
29/06/2025,VH-035,"34,64","0,332","€ 11,50",EKO,FC592769
01/10/2025,VH-035,"42,95","0,359","€ 15,42",EKO,FC194903
26/09/2025,VH-035,"44,18","0,354","€ 15,64",Shell,FC392654
26/09/2025,VH-035,"41,99","0,300","€ 12,60",Avin,FC713384
17/11/2025,VH-035,"33,09","0,422","€ 13,96",Shell,FC162984
03/01/2026,VH-035,"27,50","0,515","€ 14,16",BP,FC495851
03/02/2025,VH-035,"31,12","0,327","€ 10,18",Shell,FC792659
03/05/2025,VH-035,"12,94","0,503","€ 6,51",Avin,FC679284
30/03/2026,VH-035,"34,17","0,329","€ 11,24",Avin,FC926427
14/06/2026,VH-035,"25,08","0,371","€ 9,31",Shell,FC407798
12/03/2026,VH-035,"28,30","0,486","€ 13,75",Shell,FC870466
16/01/2026,VH-035,"34,37","0,456","€ 15,67",Shell,FC756426
06/06/2025,VH-035,"32,31","0,439","€ 14,19",BP,FC872450
08/03/2026,VH-035,"45,76","0,308","€ 14,09",Avin,FC144865
06/03/2026,VH-035,"31,80","0,485","€ 15,42",BP,FC906903
16/01/2025,VH-035,"27,34","0,418","€ 11,43",BP,FC682966
14/12/2025,VH-035,"29,31","0,438","€ 12,84",eko,FC465339
14/03/2026,VH-035,"39,02","0,360","€ 14,05",Shell,FC986199
24/08/2025,VH-035,"19,49","0,467","€ 9,10",shell,FC341098
15/02/2025,VH-035,"41,87","0,306","€ 12,81",shell,FC833227
13/08/2025,VH-035,"50,87","0,408","€ 20,75",BP,FC487351
01/04/2026,VH-035,"44,91","0,313","€ 14,06",eko,FC974064
04/05/2026,VH-035,"26,96","0,465","€ 12,54",eko,FC860438
28/06/2026,VH-035,"28,77","0,391","€ 11,25",Avin,FC156739
01/06/2025,VH-035,"44,58","0,325","€ 14,49",eko,FC895003
08/03/2025,VH-035,"43,10","0,340","€ 14,65",shell,FC441173
15/05/2026,VH-035,"52,18","0,338","€ 17,64",eko,FC990815
09/09/2025,VH-035,"43,06","0,419","€ 18,04",EKO,FC990053
12/03/2026,VH-035,"26,36","0,519","€ 13,68",Shell,FC438637
29/03/2025,VH-035,"31,21","0,403","€ 12,58",Shell,FC680834
01/12/2025,VH-035,"39,99","0,358","€ 14,32",eko,FC317884
16/02/2026,VH-035,"28,20","0,512","€ 14,44",EKO,FC633307
22/03/2025,VH-035,"34,29","0,366","€ 12,55",shell,FC511628
28/11/2025,VH-035,"50,62","0,297","€ 15,03",Avin,FC698830
15/03/2026,VH-035,"31,56","0,388","€ 12,24",BP,FC164375
17/02/2025,VH-035,"59,92","0,306","€ 18,34",Avin,FC926069
16/06/2026,VH-035,"42,36","0,410","€ 17,37",EKO,FC463292
24/02/2026,VH-035,"22,67","0,473","€ 10,72",BP,FC635908
04/02/2025,VH-035,"28,66","0,447","€ 12,81",BP,FC158197
12/05/2026,VH-035,"33,13","0,374","€ 12,39",eko,FC602051
24/03/2025,VH-035,"16,51","0,448","€ 7,40",BP,FC337320
20/09/2025,VH-035,"37,05","0,359","€ 13,30",EKO,FC605819
26/07/2025,VH-035,"43,62","0,422","€ 18,41",eko,FC940580
03/09/2025,VH-035,"43,65","0,281","€ 12,27",EKO,FC742676
22/03/2025,VH-035,"29,22","0,390","€ 11,40",Avin,FC560164
03/05/2026,VH-035,"40,06","0,377","€ 15,10",EKO,FC948192
12/07/2026,VH-035,"41,30","0,337","€ 13,92",Avin,FC576427
22/07/2025,VH-035,"41,42","0,288","€ 11,93",BP,FC128470
02/01/2025,VH-035,"26,55","0,496","€ 13,17",EKO,FC773323
13/05/2026,VH-035,"15,93","0,500","€ 7,97",Shell,FC936488
13/05/2026,VH-035,"27,21","0,434","€ 11,81",Shell,FC735156
05/12/2025,VH-035,"18,34","0,478","€ 8,77",Shell,FC903168
27/07/2025,VH-035,"35,83","0,392","€ 14,05",Avin,FC136177
21/01/2025,VH-035,"26,32","0,514","€ 13,53",Shell,FC912054
28/10/2025,VH-035,"33,62","0,458","€ 15,40",eko,FC376089
12/04/2026,VH-035,"31,25","0,395","€ 12,35",Avin,FC457978
21/01/2026,VH-035,"53,68","0,304","€ 16,32",eko,FC213709
19/01/2025,VH-035,"21,47","0,458","€ 9,83",eko,FC447034
06/04/2026,VH-035,"30,78","0,431","€ 13,27",EKO,FC814092
31/12/2025,VH-035,"12,54","0,355","€ 4,45",Shell,FC918267
15/01/2025,VH-035,"15,75","0,387","€ 6,09",BP,FC365472
03/04/2025,VH-035,"55,96","0,286","€ 16,01",Avin,FC430240
11/04/2025,VH-035,"26,64","0,465","€ 12,39",Avin,FC140532
21/01/2025,VH-035,"41,12","0,383","€ 15,75",Avin,FC942230
19/07/2025,VH-035,"30,72","0,462","€ 14,19",shell,FC877793
10/09/2025,VH-035,"41,71","0,385","€ 16,06",Avin,FC102404
21/04/2025,VH-035,"26,61","0,383","€ 10,19",EKO,FC369182
28/02/2025,VH-035,"51,55","0,355","€ 18,30",shell,FC623241
28/07/2025,VH-035,"13,52","0,463","€ 6,26",Shell,FC623230
10/08/2025,VH-035,"31,70","0,496","€ 15,72",EKO,FC329180
03/07/2026,VH-035,"6,16","0,487","€ 3,00",eko,FC890525
05/02/2025,VH-035,"31,71","0,362","€ 11,48",BP,FC573581
16/05/2026,VH-035,"42,26","0,324","€ 13,69",Shell,FC545775
11/06/2025,VH-035,"24,66","0,469","€ 11,57",eko,FC921402
29/05/2026,VH-035,"26,78","0,518","€ 13,87",shell,FC315820
21/03/2025,VH-035,"46,47","0,302","€ 14,03",Shell,FC484103
03/01/2025,VH-035,"31,27","0,399","€ 12,48",Avin,FC839132
07/02/2025,VH-035,"33,90","0,336","€ 11,39",EKO,FC335900
28/01/2025,VH-035,"10,31","0,366","€ 3,77",EKO,FC782735
12/01/2026,VH-035,"26,74","0,444","€ 11,87",BP,FC895757
25/08/2025,VH-035,"19,98","0,499","€ 9,97",shell,FC675408
17/01/2026,VH-035,"43,55","0,464","€ 20,21",EKO,FC361929
26/04/2026,VH-035,"23,84","0,468","€ 11,16",EKO,FC998080
30/07/2025,VH-035,"21,97","0,431","€ 9,47",eko,FC538250
05/04/2025,VH-035,"20,71","0,486","€ 10,06",eko,FC599128
29/10/2025,VH-035,"36,73","0,320","€ 11,75",shell,FC903412
22/05/2025,VH-035,"36,72","0,371","€ 13,62",Avin,FC629362
09/03/2026,VH-035,"29,62","0,451","€ 13,36",EKO,FC429844
01/06/2025,VH-035,"42,14","0,298","€ 12,56",Shell,FC869119
14/12/2025,VH-035,"41,43","0,318","€ 13,17",EKO,FC927160
14/07/2026,VH-035,"24,89","0,355","€ 8,84",Avin,FC431817
14/04/2025,VH-035,"43,43","0,322","€ 13,98",Avin,FC145950
29/03/2025,VH-035,"29,85","0,290","€ 8,66",BP,FC908964
03/08/2025,VH-035,"25,24","0,437","€ 11,03",BP,FC633545
10/02/2026,VH-035,"48,53","0,294","€ 14,27",EKO,FC900742
09/06/2026,VH-035,"50,36","0,301","€ 15,16",Shell,FC591297
19/03/2025,VH-035,"48,59","0,297","€ 14,43",Avin,FC880426
04/05/2025,VH-035,"27,55","0,391","€ 10,77",EKO,FC893116
02/11/2025,VH-035,"18,68","0,435","€ 8,13",eko,FC928557
09/12/2025,VH-035,"34,56","0,321","€ 11,09",eko,FC106498
07/04/2025,VH-035,"48,63","0,313","€ 15,22",Shell,FC459280
26/09/2025,VH-035,"40,87","0,392","€ 16,02",Shell,FC880594
05/01/2025,VH-035,"38,22","0,297","€ 11,35",EKO,FC153935
13/04/2025,VH-035,"37,92","0,377","€ 14,30",shell,FC919081
29/03/2026,VH-035,"37,38","0,336","€ 12,56",Shell,FC761546
21/05/2026,VH-035,"38,09","0,463","€ 17,64",Shell,FC784305
30/12/2025,VH-035,"37,45","0,423","€ 15,84",eko,FC506143
25/07/2025,VH-035,"45,74","0,357","€ 16,33",shell,FC795633
22/03/2025,VH-035,"28,14","0,465","€ 13,09",shell,FC965390
01/12/2025,VH-035,"53,67","0,286","€ 15,35",shell,FC112295
20/01/2025,VH-035,"21,01","0,437","€ 9,18",Avin,FC564287
29/11/2025,VH-035,"25,07","0,420","€ 10,53",Shell,FC350915
17/09/2025,VH-035,"25,34","0,471","€ 11,94",BP,FC213804
24/06/2026,VH-035,"62,29","0,313","€ 19,50",Shell,FC148405
28/02/2026,VH-035,"44,63","0,386","€ 17,23",Avin,FC393508
06/04/2025,VH-035,"37,37","0,292","€ 10,91",Avin,FC124119
13/05/2025,VH-035,"38,61","0,343","€ 13,24",shell,FC720518
28/03/2025,VH-035,"24,29","0,476","€ 11,56",Shell,FC848376
30/07/2025,VH-035,"24,21","0,441","€ 10,68",eko,FC868148
09/11/2025,VH-035,"35,16","0,365","€ 12,83",Avin,FC920368
01/04/2025,VH-035,"31,64","0,480","€ 15,19",EKO,FC296845
07/09/2025,VH-035,"34,96","0,318","€ 11,12",BP,FC588932
27/05/2025,VH-035,"41,39","0,375","€ 15,52",BP,FC245496
22/02/2026,VH-035,"27,74","0,287","€ 7,96",shell,FC293400
02/03/2026,VH-035,"27,85","0,432","€ 12,03",Shell,FC953183
06/03/2025,VH-035,"17,43","0,519","€ 9,04",Shell,FC122972
16/02/2026,VH-035,"12,68","0,506","€ 6,42",Avin,FC476501
31/07/2025,VH-035,"21,60","0,380","€ 8,21",Shell,FC285280
01/01/2025,VH-035,"28,40","0,462","€ 13,12",EKO,FC734120
24/07/2025,VH-035,"55,26","0,328","€ 18,13",shell,FC315130
28/04/2025,VH-035,"26,27","0,461","€ 12,11",Avin,FC747058
20/05/2025,VH-035,"33,17","0,300","€ 9,95",BP,FC115330
03/06/2026,VH-035,"28,35","0,444","€ 12,59",Shell,FC885473
06/09/2025,VH-035,"27,21","0,458","€ 12,46",eko,FC265471
21/02/2026,VH-035,"26,40","0,419","€ 11,06",Shell,FC200510
17/01/2026,VH-035,"23,99","0,474","€ 11,37",EKO,FC205646
19/06/2025,VH-035,"35,23","0,283","€ 9,97",eko,FC174002
09/01/2026,VH-035,"36,10","0,466","€ 16,82",eko,FC605703
27/05/2026,VH-035,"36,11","0,361","€ 13,04",Shell,FC155208
13/09/2025,VH-036,"10,94","1,598","€ 17,49",shell,FC233767
29/06/2025,VH-036,"12,10","1,714","€ 20,74",EKO,FC202769
06/04/2026,VH-036,"8,56","1,747","€ 14,96",eko,FC920276
14/10/2025,VH-036,"7,06","1,677","€ 11,83",shell,FC429142
08/07/2026,VH-036,"13,43","1,585","€ 21,28",eko,FC349323
08/07/2026,VH-036,"16,02","1,622","€ 25,99",eko,FC321196
30/05/2026,VH-036,"16,22","1,627","€ 26,39",BP,FC960784
22/12/2025,VH-036,"13,35","1,735","€ 23,17",Shell,FC319603
22/04/2026,VH-036,"13,73","1,921","€ 26,38",Avin,FC314820
04/07/2025,VH-036,"11,92","1,793","€ 21,37",Shell,FC219779
01/12/2025,VH-036,"12,73","1,843","€ 23,46",EKO,FC650517
05/12/2025,VH-036,,"1,610","€ 14,84",Shell,FC936461
13/02/2025,VH-036,"14,40","1,804","€ 25,97",BP,FC375566
10/08/2025,VH-036,"10,87","1,883","€ 20,47",BP,FC874997
25/03/2025,VH-036,"9,41","1,817","€ 17,09",shell,FC467316
19/02/2026,VH-036,"13,15","1,782","€ 23,43",EKO,FC561809
30/05/2025,VH-036,"11,08","1,739","€ 19,27",Shell,FC790895
14/03/2026,VH-036,"17,83","1,562","€ 27,85",shell,FC563292
30/04/2025,VH-036,"7,20","1,732","€ 12,46",shell,FC957358
18/02/2026,VH-036,"9,49","1,834","€ 17,41",eko,FC467039
08/04/2026,VH-036,,"1,633","€ 22,56",EKO,FC569092
20/03/2026,VH-036,"9,02","1,860","€ 16,78",eko,FC105786
19/09/2025,VH-036,"13,61","1,557","€ 21,19",Shell,FC765371
25/08/2025,VH-036,"8,94","1,623","€ 14,51",eko,FC127654
05/02/2026,VH-036,"7,40","1,754","€ 12,98",Avin,FC821551
01/08/2025,VH-036,"12,63","1,685","€ 21,28",Shell,FC987712
12/05/2026,VH-036,"15,72","1,647","€ 25,88",BP,FC345112
01/01/2026,VH-036,"8,60","1,685","€ 14,50",BP,FC451584
02/02/2025,VH-036,"14,59","1,545","€ 22,54",Shell,FC784194
05/02/2026,VH-036,"13,55","1,618","€ 21,92",shell,FC836929
15/05/2025,VH-036,"17,08","1,702","€ 29,07",Avin,FC570750
24/03/2025,VH-036,"6,07","1,810","€ 10,99",shell,FC173143
26/08/2025,VH-036,"9,32","1,717","€ 16,01",eko,FC942177
12/07/2026,VH-036,"10,47","1,879","€ 19,67",Avin,FC270499
27/05/2025,VH-036,"9,55","1,691","€ 16,15",Avin,FC575766
25/01/2026,VH-036,"10,64","1,844","€ 19,63",shell,FC575634
25/03/2025,VH-036,"15,18","1,529","€ 23,21",shell,FC214268
04/10/2025,VH-036,"9,26","1,608","€ 14,89",EKO,FC164564
17/03/2025,VH-036,"15,04","1,685","€ 25,34",EKO,FC745337
09/07/2026,VH-036,"13,98","1,565","€ 21,87",shell,FC652613
28/01/2025,VH-036,"13,15","1,793","€ 23,58",BP,FC413848
22/02/2025,VH-036,"8,99","1,599","€ 14,38",EKO,FC916005
23/08/2025,VH-036,"7,90","1,720","€ 13,59",eko,FC825063
21/12/2025,VH-036,"13,83","1,655","€ 22,88",eko,FC895673
24/04/2025,VH-036,"11,90","1,698","€ 20,21",BP,FC289028
12/06/2025,VH-036,"4,44","1,924","€ 8,54",eko,FC568566
15/03/2025,VH-036,"12,46","1,586","€ 19,77",shell,FC530053
08/11/2025,VH-036,"14,37","1,577","€ 22,66",eko,FC635778
31/08/2025,VH-036,"13,93","1,878","€ 26,17",eko,FC106802
25/02/2025,VH-036,"14,74","1,535","€ 22,62",Shell,FC518349
20/01/2025,VH-036,"11,33","1,640","€ 18,58",BP,FC267602
14/04/2026,VH-036,"13,11","1,916","€ 25,12",Avin,FC975361
09/06/2025,VH-036,"7,80","1,695","€ 13,21",shell,FC969945
20/03/2025,VH-036,"10,82","1,631","€ 17,65",EKO,FC269456
03/04/2026,VH-036,"11,83","1,654","€ 19,56",Avin,FC372091
01/01/2025,VH-036,"16,95","1,664","€ 28,20",EKO,FC884186
17/03/2025,VH-036,"11,40","1,797","€ 20,49",Shell,FC592208
10/05/2025,VH-036,"9,23","1,935","€ 17,86",BP,FC298468
09/07/2025,VH-036,"11,01","1,555","€ 17,12",shell,FC991113
05/04/2025,VH-036,"14,89","1,730","€ 25,75",BP,FC227907
20/09/2025,VH-036,"17,56","1,546","€ 27,15",Avin,FC686985
23/02/2025,VH-036,"11,12","1,829","€ 20,34",BP,FC991329
18/03/2025,VH-036,"9,49","1,530","€ 14,53",eko,FC248099
29/12/2025,VH-036,"10,70","1,711","€ 18,31",Avin,FC657516
14/03/2025,VH-036,"7,70","1,921","€ 14,80",Avin,FC241266
16/06/2025,VH-036,"14,41","1,703","€ 24,55",EKO,FC352879
26/09/2025,VH-036,"9,18","1,895","€ 17,39",EKO,FC657957
09/09/2025,VH-036,"8,02","1,777","€ 14,26",eko,FC580423
21/10/2025,VH-036,"11,46","1,845","€ 21,15",eko,FC815927
05/03/2025,VH-036,"13,45","1,702","€ 22,90",BP,FC279201
15/12/2025,VH-036,"13,03","1,863","€ 24,27",BP,FC925209
19/12/2025,VH-036,"6,18","1,646","€ 10,18",EKO,FC739715
28/07/2025,VH-036,"9,96","1,775","€ 17,68",BP,FC396353
29/04/2026,VH-036,"15,29","1,558","€ 23,82",eko,FC786670
26/04/2026,VH-036,"10,35","1,648","€ 17,06",eko,FC107280
13/07/2025,VH-036,"9,37","1,809","€ 16,95",Shell,FC938786
23/09/2025,VH-036,"12,56","1,551","€ 19,47",EKO,FC270147
20/02/2026,VH-036,"11,98","1,748","€ 20,94",Shell,FC797443
08/03/2025,VH-036,"13,23","1,557","€ 20,60",shell,FC701505
13/07/2026,VH-036,"11,11","1,844","€ 20,49",shell,FC561896
08/02/2025,VH-036,"10,36","1,898","€ 19,67",Avin,FC411914
05/04/2026,VH-036,"12,44","1,938","€ 24,11",Shell,FC193684
20/03/2026,VH-036,"11,43","1,934","€ 22,11",shell,FC937036
22/01/2025,VH-036,"11,05","1,839","€ 20,32",Avin,FC862809
12/05/2026,VH-036,"8,50","1,926","€ 16,37",Avin,FC108339
25/12/2025,VH-036,"13,14","1,593","€ 20,93",Shell,FC744974
30/08/2025,VH-036,"11,86","1,879","€ 22,28",Avin,FC939759
12/10/2025,VH-036,"11,46","1,700","€ 19,49",BP,FC917814
20/01/2026,VH-036,"14,30","1,540","€ 22,03",EKO,FC850266
29/11/2025,VH-036,"7,58","1,797","€ 13,62",EKO,FC525110
02/02/2025,VH-036,"4,56","1,657","€ 7,56",Avin,FC171256
10/08/2025,VH-036,"8,94","1,922","€ 17,18",eko,FC514646
09/03/2025,VH-036,"15,53","1,573","€ 24,42",BP,FC874733
12/05/2026,VH-036,"9,06","1,619","€ 14,67",shell,FC483963
16/01/2026,VH-036,"11,12","1,716","€ 19,08",EKO,FC149838
02/05/2026,VH-036,"6,12","1,727","€ 10,57",BP,FC548879
30/01/2025,VH-036,"12,29","1,604","€ 19,72",Avin,FC294596
09/05/2026,VH-036,"8,68","1,809","€ 15,70",eko,FC859349
21/05/2025,VH-036,"13,12","1,638","€ 21,49",Avin,FC608536
12/04/2026,VH-036,"10,29","1,874","€ 19,29",BP,FC163107
02/05/2026,VH-036,"12,62","1,618","€ 20,41",Shell,FC179198
12/01/2025,VH-036,"13,57","1,797","€ 24,39",eko,FC379484
01/03/2026,VH-036,"12,12","1,824","€ 22,11",Avin,FC662610
11/06/2025,VH-036,"8,92","1,743","€ 15,54",EKO,FC965320
03/05/2026,VH-036,"11,95","1,717","€ 20,52",BP,FC339768
09/06/2026,VH-036,"6,83","1,715","€ 11,71",BP,FC912805
18/04/2025,VH-036,"11,35","1,754","€ 19,91",Shell,FC550403
20/06/2025,VH-036,,"1,683","€ 22,26",Avin,FC252638
02/06/2025,VH-036,"12,13","1,719","€ 20,84",BP,FC593197
26/11/2025,VH-036,"15,99","1,657","€ 26,50",Avin,FC706131
09/06/2026,VH-036,"12,11","1,779","€ 21,55",shell,FC314120
21/07/2025,VH-036,"8,21","1,855","€ 15,23",Shell,FC587619
02/02/2025,VH-036,"7,91","1,891","€ 14,96",BP,FC288639
01/07/2025,VH-036,"13,09","1,877","€ 24,56",Avin,FC788786
17/09/2025,VH-036,"8,76","1,543","€ 13,51",BP,FC552174
08/10/2025,VH-036,"12,67","1,900","€ 24,08",Shell,FC716411
03/05/2025,VH-036,"9,38","1,913","€ 17,95",Shell,FC893420
21/02/2025,VH-036,"11,87","1,586","€ 18,83",shell,FC877921
20/06/2026,VH-036,"11,63","1,598","€ 18,59",BP,FC250588
28/02/2025,VH-036,"10,31","1,679","€ 17,32",eko,FC909872
30/11/2025,VH-036,"13,55","1,869","€ 25,32",Avin,FC765839
27/07/2025,VH-036,"12,22","1,884","€ 23,03",Avin,FC252133
24/05/2026,VH-036,"12,99","1,893","€ 24,59",shell,FC873774
08/04/2026,VH-036,"11,93","1,570","€ 18,73",shell,FC945047
15/12/2025,VH-036,"10,68","1,806","€ 19,30",BP,FC917921
11/11/2025,VH-036,"12,06","1,524","€ 18,39",Shell,FC458200
06/12/2025,VH-036,"9,78","1,765","€ 17,26",EKO,FC840985
13/03/2026,VH-036,"12,17","1,642","€ 19,98",Shell,FC408081
01/01/2026,VH-036,"7,71","1,810","€ 13,95",BP,FC413892
17/04/2025,VH-036,"8,12","1,929","€ 15,67",eko,FC557339
21/04/2025,VH-036,"10,16","1,532","€ 15,57",shell,FC359588
03/09/2025,VH-036,"9,89","1,786","€ 17,67",BP,FC490849
05/08/2025,VH-036,"12,73","1,708","€ 21,74",eko,FC917812
25/12/2025,VH-036,"10,36","1,801","€ 18,66",eko,FC100032
14/10/2025,VH-036,"14,91","1,531","€ 22,82",BP,FC889285
10/12/2025,VH-036,"11,68","1,859","€ 21,71",EKO,FC697927
13/09/2025,VH-036,"12,37","1,884","€ 23,30",Avin,FC626307
14/11/2025,VH-036,"12,01","1,643","€ 19,74",eko,FC730879
12/07/2025,VH-036,"14,00","1,849","€ 25,89",BP,FC239483
14/09/2025,VH-036,"6,80","1,851","€ 12,58",BP,FC951854
28/04/2025,VH-036,"14,68","1,664","€ 24,43",shell,FC657643
03/03/2026,VH-036,,"1,668","€ 21,28",Shell,FC736046
21/06/2026,VH-036,"9,72","1,870","€ 18,17",EKO,FC442407
14/01/2026,VH-036,"14,83","1,811","€ 26,86",Avin,FC222374
24/07/2025,VH-036,"15,77","1,569","€ 24,75",eko,FC199819
11/04/2026,VH-036,"7,06","1,549","€ 10,94",eko,FC820835
01/06/2026,VH-036,"9,11","1,624","€ 14,80",eko,FC202907
12/02/2026,VH-036,"9,81","1,572","€ 15,43",BP,FC544918
31/12/2025,VH-036,"18,02","1,641","€ 29,58",Avin,FC800030
24/03/2026,VH-036,"14,61","1,835","€ 26,81",Avin,FC531484
29/05/2025,VH-036,"10,98","1,783","€ 19,58",BP,FC796896
14/07/2025,VH-036,"8,76","1,864","€ 16,33",EKO,FC159348
02/10/2025,VH-036,"12,16","1,586","€ 19,29",BP,FC393986
30/05/2025,VH-036,"12,43","1,857","€ 23,09",eko,FC653530
28/05/2026,VH-036,"10,79","1,875","€ 20,23",BP,FC379037
29/06/2025,VH-036,"12,08","1,877","€ 22,67",shell,FC396095
17/05/2025,VH-036,"9,82","1,920","€ 18,85",Avin,FC540755
14/03/2025,VH-036,"13,63","1,878","€ 25,59",BP,FC618614
22/03/2026,VH-036,"10,70","1,764","€ 18,88",eko,FC357040
10/02/2025,VH-036,"12,86","1,731","€ 22,25",BP,FC519258
04/07/2026,VH-036,"16,58","1,839","€ 30,50",Shell,FC956035
12/01/2026,VH-037,"11,23","1,666","€ 18,71",eko,FC306667
23/08/2025,VH-037,"10,74","1,781","€ 19,13",EKO,FC324074
29/06/2026,VH-037,"12,09","1,741","€ 21,05",BP,FC112914
05/01/2025,VH-037,"7,88","1,696","€ 13,37",BP,FC778948
15/02/2026,VH-037,"7,47","1,898","€ 14,18",shell,FC762857
29/07/2025,VH-037,"15,80","1,751","€ 27,67",shell,FC169555
01/01/2025,VH-037,"8,44","1,676","€ 14,15",Shell,FC498764
06/10/2025,VH-037,"11,83","1,539","€ 18,21",shell,FC783845
02/04/2025,VH-037,"10,03","1,921","€ 19,26",Shell,FC221644
10/09/2025,VH-037,"11,65","1,860","€ 21,67",EKO,FC989665
22/05/2026,VH-037,"13,01","1,703","€ 22,16",Shell,FC534054
11/12/2025,VH-037,"16,94","1,540","€ 26,09",BP,FC440281
13/05/2026,VH-037,"12,08","1,636","€ 19,77",EKO,FC884003
24/02/2025,VH-037,"14,27","1,602","€ 22,86",eko,FC952639
16/06/2025,VH-037,"12,89","1,529","€ 19,71",shell,FC812099
08/01/2026,VH-037,"9,96","1,880","€ 18,73",eko,FC124024
03/07/2025,VH-037,"17,05","1,586","€ 27,04",EKO,FC152939
28/01/2026,VH-037,"11,66","1,687","€ 19,66",shell,FC968309
07/03/2025,VH-037,"8,57","1,777","€ 15,24",EKO,FC106704
06/01/2026,VH-037,"12,95","1,638","€ 21,22",eko,FC383325
18/04/2025,VH-037,"8,26","1,758","€ 14,52",shell,FC960670
08/02/2025,VH-037,"12,13","1,520","€ 18,44",Avin,FC500601
11/01/2025,VH-037,"10,48","1,760","€ 18,44",Shell,FC231287
23/02/2026,VH-037,"9,60","1,928","€ 18,52",Avin,FC374259
01/04/2026,VH-037,"8,64","1,552","€ 13,41",Shell,FC991698
28/05/2025,VH-037,"11,48","1,532","€ 17,59",BP,FC770387
21/09/2025,VH-037,"10,27","1,624","€ 16,68",shell,FC264907
03/05/2026,VH-037,"15,17","1,731","€ 26,27",Avin,FC118536
13/06/2025,VH-037,"6,43","1,674","€ 10,76",EKO,FC581032
02/11/2025,VH-037,"10,59","1,550","€ 16,41",Avin,FC655086
13/01/2026,VH-037,"8,65","1,585","€ 13,72",Avin,FC623376
22/02/2025,VH-037,"11,72","1,839","€ 21,55",Shell,FC163459
31/10/2025,VH-037,"11,13","1,662","€ 18,49",EKO,FC995174
10/04/2025,VH-037,"14,03","1,606","€ 22,54",Shell,FC818653
30/03/2026,VH-037,"11,86","1,690","€ 20,05",BP,FC600350
08/01/2025,VH-037,"6,86","1,785","€ 12,24",BP,FC967052
25/03/2026,VH-037,"6,82","1,915","€ 13,06",Shell,FC576874
01/04/2025,VH-037,"5,35","1,826","€ 9,77",Avin,FC171297
14/02/2025,VH-037,"12,41","1,537","€ 19,07",Avin,FC942518
29/12/2025,VH-037,"14,10","1,836","€ 25,89",EKO,FC443871
29/01/2026,VH-037,"15,89","1,688","€ 26,83",Avin,FC232551
13/08/2025,VH-037,"14,44","1,522","€ 21,98",eko,FC914374
18/02/2026,VH-037,"8,76","1,718","€ 15,05",eko,FC528254
14/04/2025,VH-037,"10,23","1,567","€ 16,03",BP,FC394030
16/05/2026,VH-037,"12,65","1,776","€ 22,47",Shell,FC740949
26/02/2025,VH-037,"9,95","1,745","€ 17,36",BP,FC454579
07/02/2025,VH-037,"11,82","1,856","€ 21,93",EKO,FC572081
18/03/2025,VH-037,"10,47","1,873","€ 19,62",Avin,FC276487
24/10/2025,VH-037,"7,67","1,854","€ 14,22",BP,FC859660
17/02/2025,VH-037,"10,64","1,759","€ 18,71",EKO,FC882680
13/12/2025,VH-037,"10,42","1,859","€ 19,37",BP,FC705945
24/06/2026,VH-037,,"1,670","€ 13,61",EKO,FC689020
21/04/2025,VH-037,"11,18","1,731","€ 19,35",BP,FC217634
10/11/2025,VH-037,"16,44","1,521","€ 25,00",Avin,FC497190
20/08/2025,VH-037,"7,39","1,885","€ 13,94",shell,FC292297
20/04/2026,VH-037,"18,15","1,631","€ 29,60",eko,FC288971
20/11/2025,VH-037,"12,63","1,887","€ 23,84",eko,FC693713
03/04/2026,VH-037,"10,54","1,846","€ 19,45",EKO,FC274514
29/10/2025,VH-037,"11,04","1,721","€ 19,00",eko,FC870820
04/01/2026,VH-037,"13,87","1,933","€ 26,81",EKO,FC760502
25/04/2026,VH-037,"10,46","1,873","€ 19,59",Shell,FC307158
08/01/2026,VH-037,"8,19","1,527","€ 12,51",BP,FC425265
31/10/2025,VH-037,"11,87","1,565","€ 18,58",EKO,FC210384
07/07/2026,VH-037,"5,75","1,793","€ 10,32",Avin,FC254578
20/06/2025,VH-037,"6,19","1,544","€ 9,56",EKO,FC602201
10/05/2025,VH-037,"12,87","1,629","€ 20,96",Avin,FC902445
02/03/2026,VH-037,"16,22","1,812","€ 29,39",shell,FC678454
19/01/2026,VH-037,"11,66","1,776","€ 20,71",Shell,FC964963
25/11/2025,VH-037,"8,57","1,697","€ 14,55",BP,FC817277
20/12/2025,VH-037,"12,91","1,699","€ 21,94",Avin,FC773098
12/07/2026,VH-037,"8,22","1,798","€ 14,78",EKO,FC414475
08/12/2025,VH-037,"7,24","1,648","€ 11,94",eko,FC394799
20/05/2025,VH-037,"6,99","1,687","€ 11,79",EKO,FC749415
30/04/2026,VH-037,"10,41","1,754","€ 18,25",shell,FC338937
12/02/2026,VH-037,"12,23","1,888","€ 23,09",shell,FC655603
20/05/2025,VH-037,"10,08","1,845","€ 18,60",BP,FC239287
18/04/2025,VH-037,"10,85","1,878","€ 20,37",Avin,FC411265
23/03/2026,VH-037,"11,83","1,792","€ 21,20",shell,FC227546
25/02/2025,VH-037,"4,75","1,870","€ 8,89",shell,FC892532
06/11/2025,VH-037,,"1,715","€ 22,11",eko,FC530482
28/07/2025,VH-037,"10,89","1,537","€ 16,74",Avin,FC183732
17/06/2025,VH-037,"12,67","1,802","€ 22,83",Avin,FC443085
24/06/2026,VH-037,"12,53","1,905","€ 23,88",shell,FC845992
26/08/2025,VH-037,"6,18","1,569","€ 9,70",BP,FC694861
19/09/2025,VH-037,"7,65","1,902","€ 14,54",Shell,FC579355
11/07/2026,VH-037,"5,02","1,860","€ 9,33",Avin,FC663976
22/06/2026,VH-037,"14,24","1,737","€ 24,73",Avin,FC362565
27/08/2025,VH-037,"10,74","1,887","€ 20,27",shell,FC274465
15/04/2026,VH-037,"7,33","1,841","€ 13,49",Avin,FC235742
13/04/2025,VH-037,"9,24","1,845","€ 17,04",Shell,FC862592
02/07/2025,VH-037,"10,57","1,748","€ 18,48",eko,FC262159
22/09/2025,VH-037,"8,11","1,574","€ 12,77",eko,FC161861
01/06/2025,VH-037,"14,03","1,618","€ 22,70",Avin,FC306590
24/05/2025,VH-037,"12,48","1,697","€ 21,18",EKO,FC428121
05/06/2026,VH-037,"11,09","1,623","€ 18,00",Avin,FC375874
07/02/2026,VH-037,"10,48","1,527","€ 16,00",shell,FC794164
09/07/2025,VH-037,"10,49","1,890","€ 19,82",BP,FC468563
19/02/2026,VH-037,"12,96","1,535","€ 19,89",BP,FC287268
13/09/2025,VH-037,"14,40","1,722","€ 24,80",eko,FC469889
17/09/2025,VH-037,"13,56","1,661","€ 22,52",eko,FC281893
24/05/2025,VH-037,"11,94","1,538","€ 18,36",eko,FC841405
03/06/2026,VH-037,"9,68","1,893","€ 18,32",Shell,FC805144
06/09/2025,VH-037,"6,12","1,882","€ 11,51",BP,FC962830
27/11/2025,VH-037,"8,07","1,625","€ 13,11",EKO,FC971115
08/06/2026,VH-037,"8,80","1,675","€ 14,74",Shell,FC922835
23/09/2025,VH-037,"14,44","1,878","€ 27,12",EKO,FC169316
04/05/2026,VH-037,"9,64","1,594","€ 15,36",EKO,FC718350
01/03/2026,VH-037,"7,28","1,812","€ 13,18",EKO,FC624944
29/05/2025,VH-037,"14,34","1,557","€ 22,33",Shell,FC952174
22/07/2025,VH-037,"5,78","1,606","€ 9,29",EKO,FC802775
04/10/2025,VH-037,"17,85","1,579","€ 28,18",eko,FC854553
14/03/2026,VH-037,"11,73","1,783","€ 20,91",EKO,FC814377
20/06/2025,VH-037,"13,72","1,554","€ 21,32",Avin,FC753219
08/06/2026,VH-037,"13,05","1,535","€ 20,03",EKO,FC327223
20/12/2025,VH-037,"8,41","1,617","€ 13,61",Avin,FC149115
21/10/2025,VH-037,"8,71","1,921","€ 16,74",Shell,FC803332
07/04/2025,VH-037,"14,32","1,642","€ 23,52",eko,FC294781
29/04/2025,VH-037,"5,41","1,730","€ 9,36",Shell,FC145631
25/12/2025,VH-037,"15,77","1,538","€ 24,26",BP,FC938060
09/02/2025,VH-037,"12,30","1,554","€ 19,11",eko,FC511824
26/03/2025,VH-037,"13,21","1,813","€ 23,95",BP,FC380692
30/04/2026,VH-037,"12,22","1,868","€ 22,83",Shell,FC553019
12/05/2025,VH-037,"9,79","1,918","€ 18,78",BP,FC800385
23/10/2025,VH-037,"15,16","1,630","€ 24,70",Avin,FC378195
11/06/2026,VH-037,"10,29","1,652","€ 17,00",Shell,FC930482
08/07/2026,VH-037,"16,36","1,686","€ 27,59",EKO,FC600969
11/10/2025,VH-037,"12,21","1,735","€ 21,19",Avin,FC940302
20/10/2025,VH-037,"11,80","1,694","€ 19,99",eko,FC181643
03/06/2025,VH-037,"15,30","1,857","€ 28,41",Shell,FC596553
17/11/2025,VH-037,"11,19","1,929","€ 21,59",Shell,FC395145
21/03/2026,VH-037,"13,85","1,571","€ 21,76",Shell,FC284603
13/12/2025,VH-037,"11,36","1,569","€ 17,82",BP,FC982586
30/01/2025,VH-037,"10,34","1,889","€ 19,54",EKO,FC347153
10/01/2025,VH-037,"9,35","1,911","€ 17,87",Avin,FC465296
11/10/2025,VH-037,"10,26","1,880","€ 19,29",Avin,FC179421
07/01/2026,VH-037,"13,39","1,930","€ 25,84",eko,FC206004
10/07/2026,VH-037,"12,42","1,754","€ 21,78",EKO,FC926305
14/07/2025,VH-037,"8,13","1,843","€ 14,99",eko,FC956639
13/05/2025,VH-037,"6,60","1,574","€ 10,39",shell,FC554424
05/01/2025,VH-037,"13,27","1,688","€ 22,39",BP,FC984308
01/07/2025,VH-037,"6,62","1,834","€ 12,15",Avin,FC702659
20/02/2025,VH-037,"12,43","1,787","€ 22,22",BP,FC351383
22/06/2025,VH-037,"12,19","1,759","€ 21,44",BP,FC903126
11/06/2025,VH-037,"12,38","1,603","€ 19,85",EKO,FC886520
12/07/2025,VH-037,"1,84","1,630","€ 3,00",EKO,FC243875
27/01/2026,VH-037,"8,65","1,607","€ 13,90",eko,FC954382
21/09/2025,VH-037,"9,40","1,822","€ 17,13",Avin,FC236392
24/01/2026,VH-037,"5,43","1,935","€ 10,50",Shell,FC599972
03/06/2026,VH-037,,"1,647","€ 22,06",Avin,FC610235
05/03/2026,VH-037,"9,04","1,535","€ 13,88",Shell,FC461718
15/10/2025,VH-038,"17,16","0,426","€ 7,31",BP,FC560835
18/08/2025,VH-038,"14,68","0,405","€ 5,95",Avin,FC792828
13/05/2026,VH-038,,"0,506","€ 3,00",shell,FC234226
22/06/2025,VH-038,"11,33","0,496","€ 5,62",Avin,FC447698
26/12/2025,VH-038,"12,62","0,436","€ 5,50",Avin,FC729715
19/05/2025,VH-038,"22,10","0,338","€ 7,47",Avin,FC226639
20/03/2026,VH-038,"17,50","0,511","€ 8,94",Avin,FC945586
28/07/2025,VH-038,"19,83","0,366","€ 7,26",Avin,FC797298
06/02/2026,VH-038,"27,24","0,290","€ 7,90",Avin,FC286870
05/04/2025,VH-038,"21,09","0,395","€ 8,33",BP,FC301203
29/01/2025,VH-038,"19,22","0,417","€ 8,02",BP,FC984953
18/06/2025,VH-038,"7,28","0,494","€ 3,60",shell,FC745940
22/04/2025,VH-038,"23,36","0,305","€ 7,12",EKO,FC881647
15/08/2025,VH-038,"13,77","0,430","€ 5,92",shell,FC778392
11/04/2026,VH-038,"23,01","0,372","€ 8,56",Avin,FC186016
31/05/2026,VH-038,"17,69","0,465","€ 8,22",EKO,FC204699
28/02/2025,VH-038,,"0,381","€ 8,84",Shell,FC655552
16/04/2026,VH-038,"12,51","0,472","€ 5,91",eko,FC560774
14/07/2025,VH-038,"17,99","0,445","€ 8,01",shell,FC912468
20/01/2025,VH-038,"14,57","0,461","€ 6,72",Shell,FC267179
09/03/2026,VH-038,"12,86","0,401","€ 5,16",EKO,FC538723
25/08/2025,VH-038,"22,33","0,350","€ 7,82",eko,FC580635
01/02/2025,VH-038,"17,15","0,291","€ 4,99",Avin,FC973031
02/02/2025,VH-038,"10,70","0,516","€ 5,52",Shell,FC948785
28/05/2026,VH-038,"17,52","0,342","€ 5,99",Avin,FC624863
21/03/2026,VH-038,"16,73","0,453","€ 7,58",eko,FC255195
01/10/2025,VH-038,"9,94","0,518","€ 5,15",BP,FC995703
28/02/2025,VH-038,"20,17","0,282","€ 5,69",Avin,FC593796
27/05/2025,VH-038,"18,55","0,358","€ 6,64",Avin,FC438147
27/03/2025,VH-038,"17,27","0,499","€ 8,62",shell,FC274948
23/11/2025,VH-038,"18,47","0,479","€ 8,85",BP,FC442679
14/03/2025,VH-038,"15,17","0,508","€ 7,70",Avin,FC312734
26/11/2025,VH-038,"14,76","0,409","€ 6,04",Shell,FC980791
10/05/2026,VH-038,"22,78","0,364","€ 8,29",eko,FC189305
03/02/2025,VH-038,"22,58","0,302","€ 6,82",Shell,FC850723
12/06/2026,VH-038,"22,32","0,357","€ 7,97",Shell,FC715816
02/01/2025,VH-038,"20,96","0,394","€ 8,26",shell,FC690617
05/03/2026,VH-038,"21,74","0,312","€ 6,78",shell,FC144484
15/03/2025,VH-038,"35,60","0,282","€ 10,04",Avin,FC761344
21/01/2026,VH-038,"16,24","0,433","€ 7,03",Shell,FC473352
26/02/2025,VH-038,"14,89","0,346","€ 5,15",Avin,FC998725
15/10/2025,VH-038,"8,65","0,510","€ 4,41",eko,FC100072
30/12/2025,VH-038,"8,64","0,496","€ 4,28",EKO,FC603239
31/03/2025,VH-038,"18,55","0,436","€ 8,09",BP,FC194134
25/04/2025,VH-038,"24,64","0,331","€ 8,15",shell,FC281085
04/03/2025,VH-038,"15,45","0,518","€ 8,00",Shell,FC780986
22/09/2025,VH-038,"12,91","0,490","€ 6,33",eko,FC312493
27/02/2025,VH-038,"23,77","0,442","€ 10,51",EKO,FC481501
29/06/2025,VH-038,"14,26","0,465","€ 6,63",EKO,FC444268
13/10/2025,VH-038,"12,06","0,357","€ 4,31",EKO,FC429275
14/09/2025,VH-038,"11,07","0,457","€ 5,06",BP,FC720938
21/03/2025,VH-038,"23,29","0,318","€ 7,41",BP,FC116137
25/09/2025,VH-038,"19,51","0,434","€ 8,47",eko,FC783504
29/06/2025,VH-038,"6,71","0,453","€ 3,04",eko,FC956626
10/04/2026,VH-038,"17,27","0,304","€ 5,25",BP,FC829059
05/07/2026,VH-038,"15,30","0,479","€ 7,33",EKO,FC810524
07/09/2025,VH-038,"14,68","0,494","€ 7,25",Shell,FC232190
24/05/2025,VH-038,"14,16","0,422","€ 5,98",EKO,FC657508
12/08/2025,VH-038,"23,23","0,376","€ 8,73",eko,FC137749
01/01/2025,VH-038,"16,14","0,307","€ 4,95",Avin,FC104885
18/04/2025,VH-038,"10,40","0,482","€ 5,01",Shell,FC795446
30/05/2025,VH-038,,"0,356","€ 3,75",shell,FC516039
10/01/2026,VH-038,"14,36","0,497","€ 7,14",Avin,FC337627
11/08/2025,VH-038,"16,10","0,465","€ 7,49",Shell,FC975293
20/10/2025,VH-038,"23,14","0,296","€ 6,85",Avin,FC375209
13/11/2025,VH-038,"20,55","0,295","€ 6,06",shell,FC740531
06/01/2026,VH-038,"12,74","0,458","€ 5,83",EKO,FC733562
07/06/2025,VH-038,"22,57","0,298","€ 6,73",Avin,FC916480
17/02/2025,VH-038,"27,19","0,353","€ 9,60",shell,FC718662
30/01/2026,VH-038,"15,27","0,374","€ 5,71",Avin,FC291390
23/05/2026,VH-038,"15,17","0,493","€ 7,48",shell,FC378907
04/07/2025,VH-038,"21,16","0,318","€ 6,73",BP,FC914273
17/10/2025,VH-038,"26,68","0,394","€ 10,51",Avin,FC410245
19/04/2025,VH-038,"19,99","0,320","€ 6,40",BP,FC640276
25/10/2025,VH-038,"15,88","0,431","€ 6,84",shell,FC955174
16/02/2026,VH-038,"15,88","0,390","€ 6,19",BP,FC141114
08/02/2026,VH-038,"14,92","0,517","€ 7,71",EKO,FC171068
24/11/2025,VH-038,"12,50","0,512","€ 6,40",Avin,FC696664
23/12/2025,VH-038,"19,39","0,447","€ 8,67",shell,FC228668
06/10/2025,VH-038,"18,11","0,312","€ 5,65",shell,FC308846
05/04/2026,VH-038,"15,82","0,436","€ 6,90",Avin,FC110073
05/07/2026,VH-038,"12,76","0,508","€ 6,48",eko,FC839856
05/03/2026,VH-038,"24,21","0,454","€ 10,99",Shell,FC408732
17/10/2025,VH-038,"15,22","0,341","€ 5,19",shell,FC743831
19/12/2025,VH-038,"15,40","0,406","€ 6,25",BP,FC345350
02/11/2025,VH-038,"16,90","0,510","€ 8,62",EKO,FC873504
15/03/2026,VH-038,"16,00","0,412","€ 6,59",Shell,FC685043
12/10/2025,VH-038,"20,34","0,317","€ 6,45",shell,FC721615
12/09/2025,VH-038,"14,98","0,402","€ 6,02",shell,FC449865
16/02/2026,VH-038,"14,67","0,363","€ 5,33",BP,FC768076
15/03/2025,VH-038,"17,97","0,487","€ 8,75",EKO,FC448649
10/05/2025,VH-038,"12,29","0,504","€ 6,20",shell,FC919282
19/04/2025,VH-038,,"0,329","€ 7,62",Avin,FC153809
03/08/2025,VH-038,"9,20","0,515","€ 4,74",EKO,FC353683
16/12/2025,VH-038,"22,79","0,333","€ 7,59",Avin,FC852316
01/06/2025,VH-038,"8,79","0,501","€ 4,40",eko,FC572168
24/03/2025,VH-038,"21,15","0,281","€ 5,94",Shell,FC874581
04/11/2025,VH-038,"11,61","0,460","€ 5,34",Shell,FC387010
04/09/2025,VH-038,"19,71","0,313","€ 6,17",eko,FC923694
06/02/2025,VH-038,"11,41","0,487","€ 5,56",Avin,FC969698
22/02/2025,VH-038,"8,74","0,458","€ 4,00",Shell,FC164835
17/02/2025,VH-038,"17,08","0,334","€ 5,70",shell,FC682372
31/05/2026,VH-038,"11,75","0,468","€ 5,50",shell,FC493214
08/08/2025,VH-038,"23,88","0,321","€ 7,66",BP,FC641539
29/03/2025,VH-038,"12,89","0,508","€ 6,55",EKO,FC210063
22/03/2025,VH-038,"26,05","0,308","€ 8,02",shell,FC641921
04/07/2026,VH-038,"28,99","0,333","€ 9,65",Avin,FC222098
31/05/2026,VH-038,"15,13","0,355","€ 5,37",shell,FC465374
09/05/2026,VH-038,"9,70","0,359","€ 3,48",BP,FC784993
10/04/2025,VH-038,"22,01","0,325","€ 7,15",EKO,FC116194
17/08/2025,VH-038,"11,72","0,487","€ 5,71",shell,FC158058
26/12/2025,VH-038,"15,01","0,442","€ 6,64",Avin,FC254466
01/04/2025,VH-038,"15,61","0,498","€ 7,77",eko,FC918832
20/02/2025,VH-038,"16,08","0,453","€ 7,28",EKO,FC294527
29/06/2026,VH-038,"22,16","0,309","€ 6,85",shell,FC936084
16/05/2026,VH-038,"25,87","0,321","€ 8,30",eko,FC547050
24/01/2026,VH-038,"12,13","0,484","€ 5,87",BP,FC660250
29/01/2025,VH-038,"14,31","0,354","€ 5,06",eko,FC574689
29/11/2025,VH-038,"35,50","0,288","€ 10,22",shell,FC469859
30/10/2025,VH-038,"13,38","0,360","€ 4,82",BP,FC277132
20/11/2025,VH-038,"23,01","0,315","€ 7,25",Avin,FC167086
11/12/2025,VH-038,"23,48","0,306","€ 7,18",Shell,FC964234
16/04/2026,VH-038,"22,73","0,380","€ 8,64",EKO,FC590508
12/06/2025,VH-038,"24,07","0,343","€ 8,26",eko,FC133062
08/09/2025,VH-038,"14,81","0,359","€ 5,32",Avin,FC469066
13/03/2025,VH-038,"20,13","0,407","€ 8,19",EKO,FC883223
16/01/2026,VH-038,"20,91","0,328","€ 6,86",Avin,FC573130
22/02/2025,VH-038,"18,19","0,389","€ 7,08",Avin,FC730269
02/09/2025,VH-038,"16,64","0,473","€ 7,87",shell,FC405992
15/07/2025,VH-038,"20,54","0,320","€ 6,57",EKO,FC601537
10/03/2025,VH-038,"14,71","0,487","€ 7,16",Shell,FC460180
08/05/2025,VH-038,"11,78","0,450","€ 5,30",Shell,FC433904
12/06/2025,VH-038,"24,43","0,281","€ 6,87",Shell,FC710003
04/05/2025,VH-038,"15,64","0,472","€ 7,38",Avin,FC252553
08/10/2025,VH-038,"21,66","0,337","€ 7,30",shell,FC852480
18/06/2025,VH-038,"24,68","0,373","€ 9,21",Avin,FC953746
18/06/2025,VH-038,"15,05","0,514","€ 7,74",BP,FC732479
21/04/2026,VH-038,"11,41","0,508","€ 5,79",shell,FC631379
16/02/2025,VH-038,"17,69","0,281","€ 4,97",eko,FC914792
21/02/2026,VH-038,"22,12","0,289","€ 6,39",EKO,FC261621
06/11/2025,VH-038,"24,43","0,355","€ 8,67",shell,FC485211
01/09/2025,VH-038,"9,70","0,470","€ 4,56",BP,FC705138
17/10/2025,VH-038,"17,67","0,410","€ 7,25",EKO,FC910055
03/09/2025,VH-038,"10,89","0,337","€ 3,67",EKO,FC750703
28/02/2025,VH-038,"13,38","0,398","€ 5,32",Avin,FC558057
06/01/2025,VH-038,"21,86","0,391","€ 8,55",Shell,FC443717
19/01/2025,VH-038,"25,91","0,319","€ 8,27",Shell,FC175545
03/11/2025,VH-038,,"0,360","€ 7,65",shell,FC936868
20/02/2025,VH-038,"18,03","0,441","€ 7,95",Avin,FC446559
02/06/2025,VH-038,"14,20","0,470","€ 6,68",shell,FC504537
13/08/2025,VH-038,"13,75","0,449","€ 6,17",Avin,FC314795
13/08/2025,VH-038,"24,77","0,291","€ 7,21",EKO,FC546014
13/10/2025,VH-038,"15,45","0,449","€ 6,94",Avin,FC655041
09/07/2026,VH-038,"22,78","0,379","€ 8,63",shell,FC560127
13/02/2025,VH-038,"8,46","0,510","€ 4,32",eko,FC514361
01/03/2026,VH-038,"14,26","0,509","€ 7,26",BP,FC378303
08/03/2025,VH-038,"14,49","0,287","€ 4,16",eko,FC930094
31/03/2025,VH-038,"13,08","0,288","€ 3,77",Avin,FC721826
11/03/2025,VH-038,"19,79","0,341","€ 6,75",Avin,FC520066
16/09/2025,VH-038,"15,90","0,383","€ 6,09",eko,FC178109
11/02/2026,VH-038,"24,32","0,401","€ 9,75",BP,FC235203
08/02/2025,VH-038,"20,19","0,471","€ 9,51",EKO,FC674568
29/04/2026,VH-039,"42,23","0,429","€ 18,12",BP,FC636154
03/02/2025,VH-039,"32,50","0,437","€ 14,20",shell,FC689352
21/09/2025,VH-039,"50,44","0,341","€ 17,20",Avin,FC675550
21/08/2025,VH-039,"30,16","0,294","€ 8,87",Shell,FC909539
20/11/2025,VH-039,"30,79","0,377","€ 11,61",Avin,FC588759
22/01/2025,VH-039,"19,23","0,474","€ 9,12",EKO,FC603003
25/01/2026,VH-039,"51,27","0,365","€ 18,71",eko,FC538135
17/09/2025,VH-039,"37,23","0,360","€ 13,40",eko,FC622501
09/01/2025,VH-039,"21,48","0,491","€ 10,55",Avin,FC732381
28/10/2025,VH-039,"48,76","0,303","€ 14,77",EKO,FC987125
18/11/2025,VH-039,"35,39","0,339","€ 12,00",EKO,FC813970
18/10/2025,VH-039,"36,25","0,303","€ 10,98",EKO,FC513251
12/10/2025,VH-039,"34,70","0,352","€ 12,21",Shell,FC803552
30/07/2025,VH-039,"39,81","0,482","€ 19,19",EKO,FC150418
12/01/2026,VH-039,"41,29","0,289","€ 11,93",Avin,FC918606
22/05/2026,VH-039,"49,12","0,324","€ 15,91",EKO,FC492125
01/08/2025,VH-039,"42,43","0,366","€ 15,53",eko,FC362805
03/06/2026,VH-039,"33,52","0,386","€ 12,94",BP,FC976570
03/06/2026,VH-039,"28,10","0,288","€ 8,09",BP,FC392413
09/07/2025,VH-039,"37,85","0,348","€ 13,17",Avin,FC477872
13/11/2025,VH-039,"28,96","0,430","€ 12,45",BP,FC163552
08/06/2026,VH-039,"21,57","0,477","€ 10,29",Shell,FC963324
05/06/2025,VH-039,"15,11","0,370","€ 5,59",BP,FC123703
04/01/2025,VH-039,"25,81","0,430","€ 11,10",EKO,FC222170
16/01/2026,VH-039,"22,10","0,477","€ 10,54",Shell,FC435300
01/08/2025,VH-039,"19,83","0,514","€ 10,19",Shell,FC200583
21/06/2026,VH-039,"28,36","0,513","€ 14,55",BP,FC616611
23/05/2026,VH-039,"58,77","0,283","€ 16,63",eko,FC503897
20/10/2025,VH-039,"36,02","0,308","€ 11,09",eko,FC269757
04/09/2025,VH-039,"41,61","0,380","€ 15,81",shell,FC830291
22/05/2026,VH-039,"10,71","0,303","€ 3,25",Shell,FC189053
11/04/2025,VH-039,"43,10","0,392","€ 16,90",Shell,FC911792
11/08/2025,VH-039,"19,78","0,518","€ 10,25",Avin,FC291452
13/11/2025,VH-039,"23,70","0,489","€ 11,59",eko,FC258609
06/10/2025,VH-039,"35,03","0,352","€ 12,33",shell,FC985162
23/06/2025,VH-039,"37,84","0,461","€ 17,45",eko,FC341547
27/03/2025,VH-039,"21,49","0,318","€ 6,83",Avin,FC217539
24/02/2026,VH-039,"22,61","0,452","€ 10,22",eko,FC637938
01/07/2026,VH-039,"6,54","0,512","€ 3,35",EKO,FC603689
09/11/2025,VH-039,"36,91","0,371","€ 13,70",Shell,FC787111
10/11/2025,VH-039,"20,85","0,419","€ 8,74",BP,FC643409
02/01/2026,VH-039,"25,80","0,468","€ 12,07",BP,FC712331
06/07/2026,VH-039,"29,74","0,465","€ 13,83",shell,FC208394
31/05/2026,VH-039,"15,63","0,433","€ 6,77",Avin,FC864958
10/02/2026,VH-039,"42,75","0,348","€ 14,88",eko,FC954501
25/03/2025,VH-039,"34,84","0,506","€ 17,63",shell,FC782297
23/05/2025,VH-039,"25,45","0,508","€ 12,93",Shell,FC371037
10/09/2025,VH-039,"28,24","0,466","€ 13,16",Avin,FC288843
15/05/2025,VH-039,"11,96","0,519","€ 6,21",Avin,FC990260
02/04/2025,VH-039,"29,95","0,486","€ 14,56",Shell,FC856144
13/06/2025,VH-039,"27,00","0,495","€ 13,36",BP,FC845257
22/03/2025,VH-039,"45,97","0,301","€ 13,84",BP,FC116796
03/02/2025,VH-039,"10,68","0,455","€ 4,86",Shell,FC564992
14/01/2026,VH-039,"43,91","0,360","€ 15,81",Shell,FC954923
23/04/2026,VH-039,"29,63","0,330","€ 9,78",BP,FC115741
28/01/2026,VH-039,"25,25","0,439","€ 11,08",Avin,FC243284
28/02/2025,VH-039,"29,15","0,464","€ 13,53",EKO,FC369717
01/01/2026,VH-039,"25,93","0,494","€ 12,81",shell,FC598144
13/05/2026,VH-039,"28,78","0,479","€ 13,79",eko,FC745801
16/04/2026,VH-039,"38,83","0,363","€ 14,10",BP,FC236346
16/09/2025,VH-039,"12,82","0,438","€ 5,62",eko,FC103479
19/08/2025,VH-039,"23,89","0,496","€ 11,85",BP,FC929694
04/12/2025,VH-039,"40,51","0,375","€ 15,19",BP,FC951760
01/02/2025,VH-039,"34,63","0,387","€ 13,40",EKO,FC492752
13/12/2025,VH-039,"18,08","0,447","€ 8,08",eko,FC929038
20/02/2025,VH-039,"34,27","0,308","€ 10,55",Avin,FC261600
10/06/2025,VH-039,,"0,335","€ 12,82",shell,FC649497
04/02/2026,VH-039,"27,19","0,374","€ 10,17",BP,FC386962
09/05/2026,VH-039,"28,17","0,396","€ 11,16",eko,FC780373
15/09/2025,VH-039,"39,18","0,389","€ 15,24",shell,FC417135
01/01/2026,VH-039,"25,71","0,344","€ 8,85",shell,FC488909
07/05/2025,VH-039,"27,19","0,455","€ 12,37",shell,FC769381
13/11/2025,VH-039,"28,17","0,394","€ 11,10",Shell,FC102049
22/11/2025,VH-039,"23,81","0,372","€ 8,86",shell,FC623333
16/09/2025,VH-039,"29,04","0,389","€ 11,30",Shell,FC612987
20/02/2025,VH-039,"30,20","0,379","€ 11,45",eko,FC853081
08/07/2025,VH-039,"41,15","0,323","€ 13,29",Avin,FC223027
28/12/2025,VH-039,"20,22","0,490","€ 9,91",Avin,FC454535
11/03/2025,VH-039,"45,67","0,301","€ 13,75",shell,FC551007
26/08/2025,VH-039,"26,59","0,409","€ 10,88",shell,FC927350
04/01/2026,VH-039,"29,05","0,419","€ 12,17",eko,FC136524
23/06/2025,VH-039,"57,13","0,313","€ 17,88",eko,FC116009
12/02/2025,VH-039,"29,47","0,387","€ 11,40",EKO,FC964660
24/11/2025,VH-039,"28,33","0,484","€ 13,71",shell,FC125552
29/01/2026,VH-039,"31,03","0,516","€ 16,01",shell,FC747323
13/07/2025,VH-039,"37,19","0,297","€ 11,05",eko,FC890983
27/07/2025,VH-039,"46,15","0,298","€ 13,75",Shell,FC273339
02/01/2026,VH-039,"30,76","0,383","€ 11,78",EKO,FC582011
18/02/2025,VH-039,"30,81","0,398","€ 12,26",shell,FC775033
03/12/2025,VH-039,"26,90","0,445","€ 11,97",eko,FC523839
30/06/2025,VH-039,"34,97","0,396","€ 13,85",Shell,FC993557
22/09/2025,VH-039,"24,17","0,346","€ 8,36",shell,FC508295
08/05/2025,VH-039,"26,46","0,328","€ 8,68",BP,FC510153
18/04/2025,VH-039,"47,57","0,295","€ 14,03",EKO,FC604890
02/06/2025,VH-039,"29,37","0,376","€ 11,04",Shell,FC213798
18/07/2025,VH-039,"28,41","0,334","€ 9,49",eko,FC866959
11/06/2025,VH-039,"19,03","0,378","€ 7,19",eko,FC407405
29/04/2026,VH-039,"31,52","0,377","€ 11,88",Shell,FC341713
01/07/2026,VH-039,"33,31","0,496","€ 16,52",Shell,FC794100
04/09/2025,VH-039,"30,35","0,461","€ 13,99",EKO,FC342970
11/06/2025,VH-039,"23,95","0,351","€ 8,41",EKO,FC553739
06/07/2025,VH-039,"39,74","0,356","€ 14,15",BP,FC824871
29/03/2025,VH-039,"21,27","0,427","€ 9,08",shell,FC129380
14/05/2025,VH-039,"43,31","0,337","€ 14,59",BP,FC517952
17/03/2025,VH-039,"54,57","0,282","€ 15,39",EKO,FC787392
03/08/2025,VH-039,"35,27","0,420","€ 14,81",EKO,FC305892
13/01/2026,VH-039,"29,22","0,341","€ 9,96",BP,FC451023
11/07/2025,VH-039,"37,51","0,407","€ 15,27",Shell,FC683009
24/05/2026,VH-039,"38,13","0,340","€ 12,96",Avin,FC503169
19/10/2025,VH-039,"19,72","0,481","€ 9,49",Avin,FC791455
03/05/2025,VH-039,"63,06","0,284","€ 17,91",BP,FC465493
20/02/2025,VH-039,"34,61","0,425","€ 14,71",BP,FC929927
05/03/2026,VH-039,"25,74","0,518","€ 13,33",EKO,FC697393
05/08/2025,VH-039,"37,28","0,479","€ 17,86",EKO,FC659909
17/09/2025,VH-039,"32,70","0,382","€ 12,49",eko,FC366666
12/12/2025,VH-039,"36,43","0,425","€ 15,48",Shell,FC897671
16/06/2026,VH-039,"40,52","0,317","€ 12,85",EKO,FC428179
24/05/2026,VH-039,"48,00","0,295","€ 14,16",shell,FC781732
20/06/2025,VH-039,"28,63","0,482","€ 13,80",shell,FC201669
10/03/2025,VH-039,"15,31","0,407","€ 6,23",eko,FC346397
20/04/2025,VH-039,"23,28","0,385","€ 8,96",Shell,FC616389
23/11/2025,VH-039,"60,70","0,326","€ 19,79",EKO,FC948205
16/02/2025,VH-039,"22,77","0,386","€ 8,79",BP,FC650942
02/12/2025,VH-039,"52,49","0,312","€ 16,38",EKO,FC613897
01/02/2026,VH-039,"38,41","0,452","€ 17,36",Avin,FC487509
19/07/2025,VH-039,"30,15","0,434","€ 13,09",eko,FC836537
23/09/2025,VH-039,"28,07","0,320","€ 8,98",Avin,FC933872
10/03/2026,VH-039,"36,55","0,508","€ 18,57",EKO,FC708498
05/01/2025,VH-039,"43,60","0,318","€ 13,87",shell,FC922053
22/07/2025,VH-039,"45,71","0,311","€ 14,22",EKO,FC519585
08/03/2025,VH-039,"37,32","0,385","€ 14,37",eko,FC724676
12/04/2025,VH-039,"41,96","0,360","€ 15,11",BP,FC373474
05/05/2025,VH-039,"32,46","0,444","€ 14,41",BP,FC420244
23/01/2026,VH-039,"26,05","0,412","€ 10,73",Shell,FC677185
24/10/2025,VH-039,"43,81","0,333","€ 14,59",eko,FC735215
13/11/2025,VH-039,"33,79","0,415","€ 14,02",EKO,FC512223
30/04/2025,VH-039,"46,90","0,294","€ 13,79",Avin,FC194131
05/12/2025,VH-039,"44,61","0,292","€ 13,03",Shell,FC838501
18/06/2025,VH-039,"18,39","0,457","€ 8,40",Shell,FC708598
16/10/2025,VH-039,"38,26","0,332","€ 12,70",shell,FC547003
07/12/2025,VH-039,"25,32","0,350","€ 8,86",eko,FC766493
21/12/2025,VH-039,"35,01","0,395","€ 13,83",EKO,FC182608
07/10/2025,VH-039,"20,53","0,453","€ 9,30",Avin,FC545374
14/03/2026,VH-039,"40,18","0,347","€ 13,94",eko,FC243685
29/03/2026,VH-039,"44,22","0,387","€ 17,11",eko,FC809444
25/03/2025,VH-039,"19,83","0,456","€ 9,04",Avin,FC785227
03/08/2025,VH-039,"32,70","0,389","€ 12,72",shell,FC300690
16/09/2025,VH-039,"25,15","0,477","€ 12,00",EKO,FC377507
25/02/2026,VH-039,"21,96","0,482","€ 10,59",Avin,FC916031
05/09/2025,VH-039,"34,16","0,437","€ 14,93",eko,FC701122
15/06/2025,VH-040,"14,81","1,933","€ 28,63",BP,FC361936
11/03/2026,VH-040,"6,25","1,717","€ 10,73",Avin,FC243031
05/10/2025,VH-040,"12,82","1,623","€ 20,81",EKO,FC708385
05/02/2026,VH-040,"11,47","1,845","€ 21,17",Avin,FC635191
11/04/2026,VH-040,"11,52","1,643","€ 18,92",EKO,FC769306
16/01/2025,VH-040,"5,14","1,753","€ 9,01",shell,FC394024
29/05/2025,VH-040,"10,11","1,854","€ 18,74",BP,FC827905
07/03/2026,VH-040,"9,39","1,604","€ 15,07",EKO,FC624310
08/02/2025,VH-040,"15,46","1,680","€ 25,98",eko,FC573577
02/04/2026,VH-040,"13,56","1,712","€ 23,21",eko,FC801344
08/02/2025,VH-040,"11,62","1,870","€ 21,73",EKO,FC980151
30/05/2026,VH-040,"9,90","1,932","€ 19,12",shell,FC666389
11/07/2025,VH-040,"15,24","1,618","€ 24,67",eko,FC447519
02/04/2026,VH-040,"18,57","1,665","€ 30,92",Avin,FC522115
24/01/2025,VH-040,"10,46","1,537","€ 16,08",shell,FC838322
28/04/2025,VH-040,"13,22","1,839","€ 24,30",BP,FC540400
20/01/2026,VH-040,"15,28","1,731","€ 26,45",EKO,FC640405
04/09/2025,VH-040,"8,04","1,684","€ 13,54",BP,FC439393
13/07/2026,VH-040,,"1,535","€ 23,39",BP,FC127035
07/02/2026,VH-040,"15,49","1,665","€ 25,80",shell,FC964148
28/01/2025,VH-040,"13,61","1,714","€ 23,34",shell,FC488889
30/06/2025,VH-040,"13,37","1,725","€ 23,07",Shell,FC311004
01/10/2025,VH-040,"16,29","1,691","€ 27,54",Avin,FC820168
02/09/2025,VH-040,"6,40","1,729","€ 11,06",shell,FC117700
24/04/2026,VH-040,"14,38","1,644","€ 23,64",Avin,FC394850
25/05/2025,VH-040,"18,17","1,624","€ 29,50",shell,FC639542
27/03/2025,VH-040,"11,78","1,553","€ 18,29",Shell,FC241204
08/01/2026,VH-040,"14,64","1,742","€ 25,51",eko,FC870002
03/12/2025,VH-040,"13,48","1,815","€ 24,47",Avin,FC920125
19/03/2025,VH-040,"9,28","1,839","€ 17,06",Shell,FC659866
01/03/2026,VH-040,"11,01","1,886","€ 20,76",Avin,FC835224
31/08/2025,VH-040,"14,08","1,629","€ 22,94",EKO,FC803754
24/12/2025,VH-040,"11,28","1,750","€ 19,74",Avin,FC468051
27/02/2025,VH-040,"15,11","1,556","€ 23,51",Shell,FC723988
29/06/2025,VH-040,"11,34","1,764","€ 20,01",BP,FC450115
07/09/2025,VH-040,"16,16","1,721","€ 27,80",Shell,FC152698
10/09/2025,VH-040,"13,67","1,866","€ 25,52",EKO,FC693897
18/01/2025,VH-040,"12,35","1,822","€ 22,50",EKO,FC543279
01/09/2025,VH-040,"10,33","1,832","€ 18,93",BP,FC820098
04/12/2025,VH-040,"13,80","1,799","€ 24,83",EKO,FC337469
16/11/2025,VH-040,"14,72","1,862","€ 27,41",eko,FC907928
27/12/2025,VH-040,"6,31","1,709","€ 10,78",shell,FC247650
08/06/2025,VH-040,"15,35","1,916","€ 29,40",Shell,FC775042
18/05/2025,VH-040,"13,93","1,568","€ 21,85",EKO,FC154655
24/02/2025,VH-040,"9,10","1,932","€ 17,58",eko,FC752447
04/05/2026,VH-040,"11,34","1,648","€ 18,69",BP,FC923824
27/11/2025,VH-040,"9,06","1,703","€ 15,43",Shell,FC342924
05/02/2025,VH-040,"14,03","1,582","€ 22,20",Avin,FC968204
28/12/2025,VH-040,"12,07","1,737","€ 20,96",eko,FC629110
05/05/2026,VH-040,"9,38","1,799","€ 16,87",EKO,FC821538
01/01/2026,VH-040,"18,25","1,524","€ 27,81",BP,FC988144
28/04/2025,VH-040,"16,54","1,570","€ 25,97",EKO,FC816080
01/06/2025,VH-040,"11,40","1,916","€ 21,85",Shell,FC164234
10/03/2026,VH-040,"13,08","1,611","€ 21,07",EKO,FC718250
29/03/2025,VH-040,"11,38","1,553","€ 17,68",Avin,FC902767
11/02/2025,VH-040,"11,60","1,761","€ 20,43",Shell,FC436933
01/04/2025,VH-040,"12,82","1,547","€ 19,83",EKO,FC652234
15/11/2025,VH-040,"13,95","1,763","€ 24,60",EKO,FC486329
30/06/2025,VH-040,"15,81","1,692","€ 26,75",shell,FC646804
15/06/2026,VH-040,"12,99","1,642","€ 21,33",Avin,FC446079
01/07/2026,VH-040,"11,08","1,884","€ 20,87",eko,FC828068
09/05/2025,VH-040,"10,43","1,617","€ 16,87",Shell,FC503234
11/05/2026,VH-040,"8,94","1,681","€ 15,03",Avin,FC962296
25/06/2025,VH-040,"21,94","1,622","€ 35,59",Shell,FC492441
02/08/2025,VH-040,"10,40","1,665","€ 17,32",shell,FC630510
23/05/2026,VH-040,"11,20","1,613","€ 18,06",BP,FC643812
15/06/2025,VH-040,"16,63","1,557","€ 25,89",eko,FC218855
24/03/2026,VH-040,"15,22","1,591","€ 24,21",shell,FC173957
26/05/2025,VH-040,"10,63","1,809","€ 19,22",EKO,FC198820
06/03/2026,VH-040,"11,28","1,727","€ 19,48",EKO,FC193060
10/06/2025,VH-040,"12,55","1,625","€ 20,39",eko,FC258397
29/12/2025,VH-040,"15,22","1,763","€ 26,83",eko,FC442653
12/10/2025,VH-040,"9,09","1,636","€ 14,87",BP,FC988293
27/02/2025,VH-040,"10,99","1,767","€ 19,43",EKO,FC120914
19/07/2025,VH-040,"10,27","1,533","€ 15,75",Shell,FC185248
09/06/2026,VH-040,"6,15","1,711","€ 10,52",shell,FC650292
25/01/2025,VH-040,"10,27","1,872","€ 19,22",shell,FC420272
28/06/2025,VH-040,"9,94","1,733","€ 17,23",EKO,FC601140
06/01/2025,VH-040,"10,59","1,782","€ 18,86",eko,FC900072
26/09/2025,VH-040,"10,82","1,635","€ 17,69",BP,FC670708
02/11/2025,VH-040,"18,49","1,693","€ 31,31",Shell,FC956293
08/04/2026,VH-040,"7,48","1,904","€ 14,24",Shell,FC938064
10/03/2026,VH-040,"9,65","1,857","€ 17,91",Shell,FC849013
28/06/2025,VH-040,"9,00","1,878","€ 16,90",Avin,FC867262
10/03/2026,VH-040,"12,64","1,642","€ 20,75",Shell,FC603984
10/01/2025,VH-040,"9,41","1,552","€ 14,60",EKO,FC965024
27/07/2025,VH-040,"11,10","1,601","€ 17,77",EKO,FC367796
28/04/2025,VH-040,"10,20","1,929","€ 19,68",Avin,FC541223
06/11/2025,VH-040,"13,85","1,754","€ 24,30",shell,FC478420
20/05/2026,VH-040,"17,36","1,606","€ 27,87",Shell,FC504501
21/09/2025,VH-040,"10,81","1,772","€ 19,15",BP,FC526192
27/05/2026,VH-040,"10,15","1,698","€ 17,23",EKO,FC623259
30/05/2026,VH-040,"9,96","1,768","€ 17,61",eko,FC303964
17/01/2025,VH-040,"9,68","1,728","€ 16,72",BP,FC291608
06/09/2025,VH-040,"14,65","1,652","€ 24,21",EKO,FC394735
28/04/2026,VH-040,"12,59","1,804","€ 22,72",Shell,FC208022
29/09/2025,VH-040,"16,78","1,763","€ 29,59",BP,FC352909
31/01/2025,VH-040,"11,06","1,676","€ 18,54",BP,FC234681
26/07/2025,VH-040,"6,34","1,892","€ 11,99",eko,FC461353
28/05/2026,VH-040,"6,77","1,927","€ 13,04",BP,FC664614
26/02/2025,VH-040,,"1,618","€ 21,99",eko,FC919399
22/06/2025,VH-040,"10,63","1,726","€ 18,36",EKO,FC988626
28/04/2025,VH-040,"9,79","1,782","€ 17,45",BP,FC529761
21/02/2025,VH-040,"7,61","1,730","€ 13,16",Avin,FC155696
04/02/2025,VH-040,"12,41","1,918","€ 23,81",Avin,FC829945
13/06/2026,VH-040,"8,85","1,591","€ 14,08",Avin,FC504271
29/07/2025,VH-040,"14,28","1,807","€ 25,81",eko,FC826369
30/06/2026,VH-040,"12,98","1,520","€ 19,73",shell,FC131979
09/07/2025,VH-040,"19,38","1,860","€ 36,04",eko,FC673808
23/01/2026,VH-040,"7,42","1,937","€ 14,37",BP,FC658473
10/03/2025,VH-040,"9,44","1,697","€ 16,02",shell,FC898307
03/07/2025,VH-040,"13,41","1,835","€ 24,61",BP,FC248434
09/05/2026,VH-040,"8,52","1,727","€ 14,71",Shell,FC179354
08/04/2026,VH-040,"12,85","1,670","€ 21,46",EKO,FC656026
26/06/2025,VH-040,"14,50","1,853","€ 26,87",EKO,FC194313
18/11/2025,VH-040,"16,79","1,774","€ 29,78",EKO,FC599974
25/04/2026,VH-040,"8,25","1,843","€ 15,20",BP,FC515133
16/11/2025,VH-040,"12,55","1,738","€ 21,81",eko,FC577622
14/03/2025,VH-040,"11,70","1,645","€ 19,25",BP,FC340916
02/08/2025,VH-040,"11,67","1,753","€ 20,45",Avin,FC199751
06/11/2025,VH-040,"9,90","1,779","€ 17,61",shell,FC303452
02/02/2026,VH-040,"14,54","1,891","€ 27,50",eko,FC781934
03/05/2026,VH-040,"15,31","1,718","€ 26,30",eko,FC958550
14/04/2026,VH-040,"12,81","1,604","€ 20,54",EKO,FC300087
01/03/2025,VH-040,"11,34","1,584","€ 17,96",BP,FC887879
15/08/2025,VH-040,"15,18","1,789","€ 27,16",shell,FC122745
05/04/2026,VH-040,"8,56","1,737","€ 14,87",Avin,FC882093
12/04/2025,VH-040,"7,98","1,766","€ 14,09",BP,FC475447
08/05/2025,VH-040,"14,10","1,801","€ 25,39",Avin,FC754620
14/01/2025,VH-040,"7,58","1,693","€ 12,83",Shell,FC105820
21/03/2026,VH-040,"12,08","1,855","€ 22,42",Avin,FC248846
13/04/2026,VH-040,"14,38","1,556","€ 22,38",eko,FC119122
23/05/2025,VH-040,"12,05","1,926","€ 23,21",shell,FC867207
27/03/2025,VH-040,"11,76","1,614","€ 18,99",EKO,FC996538
09/09/2025,VH-040,"11,19","1,777","€ 19,88",shell,FC824553
10/01/2026,VH-040,"8,68","1,575","€ 13,67",shell,FC240805
21/01/2025,VH-040,"9,53","1,530","€ 14,58",shell,FC466317
11/12/2025,VH-040,"8,77","1,660","€ 14,57",Avin,FC383016
26/01/2025,VH-040,"8,86","1,882","€ 16,68",eko,FC411449
04/11/2025,VH-040,"13,23","1,580","€ 20,91",eko,FC771916
13/05/2025,VH-040,"12,45","1,681","€ 20,93",Avin,FC996147
30/06/2026,VH-040,"9,18","1,747","€ 16,05",EKO,FC217068
02/04/2025,VH-040,"13,86","1,864","€ 25,83",shell,FC313486
26/11/2025,VH-040,"11,74","1,798","€ 21,11",Shell,FC222947
31/12/2025,VH-040,"10,65","1,820","€ 19,37",EKO,FC537146
18/08/2025,VH-040,"10,58","1,771","€ 18,74",eko,FC860346
03/02/2026,VH-040,"13,04","1,527","€ 19,91",eko,FC311651
23/08/2025,VH-040,"12,17","1,767","€ 21,51",Shell,FC926650
18/01/2026,VH-040,"12,21","1,827","€ 22,30",Avin,FC463142
06/05/2025,VH-040,"9,69","1,827","€ 17,71",EKO,FC678474
18/08/2025,VH-040,"10,72","1,923","€ 20,62",BP,FC175215
02/12/2025,VH-040,"15,26","1,529","€ 23,34",Shell,FC307433
27/05/2025,VH-040,"9,27","1,861","€ 17,25",eko,FC487583
11/01/2026,VH-040,"11,84","1,778","€ 21,05",Shell,FC694810
13/03/2025,VH-041,"6,29","1,718","€ 10,80",shell,FC123621
05/06/2026,VH-041,"6,81","1,866","€ 12,71",EKO,FC130408
11/01/2026,VH-041,"9,29","1,567","€ 14,56",Avin,FC609098
05/02/2026,VH-041,"10,83","1,778","€ 19,26",shell,FC844845
15/02/2025,VH-041,"12,00","1,613","€ 19,35",shell,FC164125
13/10/2025,VH-041,"13,64","1,616","€ 22,04",shell,FC509578
27/04/2026,VH-041,"13,48","1,534","€ 20,68",EKO,FC375670
21/05/2026,VH-041,"10,55","1,775","€ 18,72",Shell,FC699378
08/12/2025,VH-041,"9,19","1,862","€ 17,11",BP,FC837749
04/02/2026,VH-041,"8,96","1,562","€ 14,00",BP,FC125141
16/04/2026,VH-041,"9,73","1,672","€ 16,27",eko,FC606975
24/03/2025,VH-041,"13,40","1,574","€ 21,09",Shell,FC419924
24/01/2025,VH-041,"6,12","1,822","€ 11,14",Avin,FC295028
02/08/2025,VH-041,"6,39","1,877","€ 12,00",shell,FC499582
17/10/2025,VH-041,"11,47","1,616","€ 18,54",eko,FC977763
27/01/2025,VH-041,"12,03","1,839","€ 22,12",eko,FC916044
16/04/2025,VH-041,"13,15","1,604","€ 21,10",shell,FC857558
28/04/2026,VH-041,"10,86","1,877","€ 20,38",Avin,FC343764
30/07/2025,VH-041,"7,86","1,901","€ 14,95",shell,FC542694
25/08/2025,VH-041,"14,30","1,738","€ 24,85",Avin,FC884518
11/10/2025,VH-041,"11,49","1,708","€ 19,62",EKO,FC711553
27/06/2025,VH-041,"11,63","1,844","€ 21,44",shell,FC199824
14/04/2025,VH-041,"12,93","1,937","€ 25,04",Avin,FC407526
05/11/2025,VH-041,"9,97","1,922","€ 19,15",BP,FC736257
28/06/2025,VH-041,"17,11","1,632","€ 27,93",eko,FC442323
03/01/2025,VH-041,"10,15","1,683","€ 17,08",BP,FC449671
13/01/2025,VH-041,"9,66","1,893","€ 18,29",EKO,FC484930
07/03/2025,VH-041,"8,39","1,651","€ 13,84",EKO,FC706630
21/06/2025,VH-041,"11,88","1,547","€ 18,37",BP,FC807834
26/09/2025,VH-041,"6,39","1,774","€ 11,34",Avin,FC182568
12/12/2025,VH-041,"6,63","1,900","€ 12,60",shell,FC991401
08/07/2025,VH-041,"8,95","1,667","€ 14,93",EKO,FC737689
15/10/2025,VH-041,"16,07","1,795","€ 28,85",EKO,FC909494
08/06/2026,VH-041,"12,18","1,833","€ 22,32",eko,FC721263
11/03/2026,VH-041,"10,16","1,807","€ 18,36",EKO,FC348465
30/01/2025,VH-041,"12,38","1,632","€ 20,21",Avin,FC945069
07/08/2025,VH-041,"14,43","1,761","€ 25,41",EKO,FC561915
14/11/2025,VH-041,"8,87","1,907","€ 16,91",EKO,FC645290
23/06/2025,VH-041,"12,14","1,926","€ 23,38",eko,FC162689
27/02/2025,VH-041,"11,90","1,932","€ 23,00",EKO,FC216759
16/03/2026,VH-041,"12,53","1,635","€ 20,48",Avin,FC246721
12/03/2025,VH-041,"13,10","1,522","€ 19,93",Shell,FC482241
15/09/2025,VH-041,"10,73","1,796","€ 19,26",eko,FC890657
01/03/2025,VH-041,"11,86","1,917","€ 22,73",eko,FC360019
03/07/2026,VH-041,"11,34","1,763","€ 19,99",EKO,FC747592
28/07/2025,VH-041,"13,49","1,607","€ 21,68",Shell,FC995751
18/01/2025,VH-041,"9,57","1,775","€ 16,98",BP,FC224569
30/11/2025,VH-041,"18,03","1,600","€ 28,85",eko,FC287409
16/03/2026,VH-041,"10,23","1,797","€ 18,38",eko,FC203427
11/01/2025,VH-041,"16,43","1,637","€ 26,90",EKO,FC870102
19/06/2026,VH-041,"7,96","1,860","€ 14,80",shell,FC755945
02/03/2026,VH-041,"16,83","1,536","€ 25,85",eko,FC458614
23/08/2025,VH-041,"12,46","1,844","€ 22,98",Avin,FC748425
16/06/2025,VH-041,"11,04","1,846","€ 20,38",BP,FC454982
15/04/2026,VH-041,"8,27","1,934","€ 15,99",EKO,FC123566
08/07/2026,VH-041,"10,26","1,719","€ 17,63",Avin,FC232911
27/01/2025,VH-041,"8,93","1,881","€ 16,79",shell,FC238880
18/01/2025,VH-041,"11,29","1,530","€ 17,27",shell,FC581003
27/07/2025,VH-041,"8,74","1,871","€ 16,34",eko,FC907033
12/11/2025,VH-041,"17,22","1,759","€ 30,29",Shell,FC311330
28/10/2025,VH-041,"14,33","1,785","€ 25,58",Avin,FC514907
12/01/2026,VH-041,"10,27","1,725","€ 17,72",BP,FC531037
19/02/2025,VH-041,"17,89","1,735","€ 31,05",BP,FC640743
30/03/2026,VH-041,"7,11","1,854","€ 13,19",Avin,FC188130
01/08/2025,VH-041,"9,95","1,925","€ 19,16",Avin,FC117353
24/10/2025,VH-041,"10,36","1,560","€ 16,16",BP,FC829432
08/09/2025,VH-041,"11,37","1,634","€ 18,58",BP,FC362041
31/03/2026,VH-041,"8,59","1,815","€ 15,59",shell,FC902498
14/05/2025,VH-041,"10,90","1,766","€ 19,25",Shell,FC353996
06/05/2025,VH-041,"11,66","1,657","€ 19,31",shell,FC454029
06/05/2025,VH-041,"9,04","1,725","€ 15,60",eko,FC208484
01/03/2026,VH-041,"11,01","1,895","€ 20,86",EKO,FC628958
09/09/2025,VH-041,"6,65","1,831","€ 12,19",eko,FC726185
03/02/2026,VH-041,"11,55","1,646","€ 19,01",EKO,FC473762
20/06/2025,VH-041,"10,08","1,852","€ 18,68",Shell,FC916705
17/04/2025,VH-041,"12,04","1,905","€ 22,93",eko,FC494702
29/08/2025,VH-041,"9,45","1,557","€ 14,72",shell,FC364717
01/04/2025,VH-041,"10,54","1,609","€ 16,96",BP,FC403741
31/07/2025,VH-041,"7,69","1,549","€ 11,91",shell,FC164374
20/01/2025,VH-041,"6,51","1,921","€ 12,50",Shell,FC952065
15/02/2025,VH-041,"14,07","1,692","€ 23,80",Shell,FC709298
12/05/2026,VH-041,"11,29","1,656","€ 18,70",shell,FC577555
21/05/2025,VH-041,"14,12","1,526","€ 21,54",Avin,FC851671
10/05/2025,VH-041,"8,86","1,833","€ 16,24",Shell,FC377551
06/07/2025,VH-041,"9,93","1,522","€ 15,11",Avin,FC195084
22/03/2026,VH-041,"8,53","1,533","€ 13,08",Avin,FC876054
22/01/2026,VH-041,"7,17","1,549","€ 11,10",shell,FC230672
29/06/2025,VH-041,"15,89","1,559","€ 24,77",EKO,FC479435
22/01/2025,VH-041,"12,96","1,652","€ 21,41",BP,FC971019
10/01/2026,VH-041,"12,34","1,544","€ 19,06",Shell,FC381875
26/01/2026,VH-041,,"1,935","€ 17,22",Shell,FC154482
14/08/2025,VH-041,"15,24","1,699","€ 25,90",Avin,FC454446
17/05/2025,VH-041,"7,68","1,940","€ 14,90",BP,FC310347
18/02/2026,VH-041,"7,79","1,865","€ 14,52",BP,FC998285
03/01/2025,VH-041,"10,40","1,727","€ 17,96",Avin,FC673098
28/01/2025,VH-041,"12,72","1,740","€ 22,12",EKO,FC670739
24/08/2025,VH-041,"14,79","1,641","€ 24,26",BP,FC583632
11/11/2025,VH-041,"13,67","1,868","€ 25,54",eko,FC933657
19/04/2026,VH-041,"7,38","1,685","€ 12,43",BP,FC523067
17/05/2026,VH-041,"10,68","1,564","€ 16,70",eko,FC649499
20/05/2026,VH-041,"10,15","1,929","€ 19,57",Shell,FC465104
16/03/2025,VH-041,"12,45","1,753","€ 21,83",shell,FC524753
12/07/2026,VH-041,"13,08","1,561","€ 20,42",BP,FC608974
22/06/2026,VH-041,"14,17","1,559","€ 22,08",shell,FC398938
14/04/2025,VH-041,"11,48","1,926","€ 22,11",eko,FC544369
13/09/2025,VH-041,"4,97","1,920","€ 9,54",eko,FC485506
26/05/2026,VH-041,"8,07","1,839","€ 14,85",Shell,FC522172
01/01/2026,VH-041,"11,02","1,916","€ 21,11",Avin,FC636908
12/07/2025,VH-041,,"1,930","€ 16,86",shell,FC675272
22/09/2025,VH-041,"9,99","1,556","€ 15,55",BP,FC874788
02/06/2026,VH-041,"12,40","1,821","€ 22,59",BP,FC108002
13/09/2025,VH-041,"10,17","1,831","€ 18,62",shell,FC799222
22/10/2025,VH-041,"9,80","1,896","€ 18,57",EKO,FC989447
26/03/2026,VH-041,"13,68","1,535","€ 21,00",EKO,FC904456
26/01/2026,VH-041,"8,26","1,817","€ 15,00",Avin,FC412685
07/04/2026,VH-041,"11,88","1,849","€ 21,96",Shell,FC190748
02/03/2025,VH-041,"12,58","1,834","€ 23,08",eko,FC385806
23/06/2025,VH-041,"2,40","1,652","€ 3,96",Shell,FC487939
09/12/2025,VH-041,,"1,686","€ 19,52",shell,FC912168
24/06/2025,VH-041,"13,42","1,899","€ 25,49",eko,FC632009
20/02/2025,VH-041,"11,57","1,866","€ 21,58",EKO,FC739278
20/03/2026,VH-041,"12,46","1,888","€ 23,53",EKO,FC480498
20/01/2026,VH-041,"13,53","1,609","€ 21,78",shell,FC931439
09/12/2025,VH-041,"11,08","1,527","€ 16,92",eko,FC328399
25/05/2026,VH-041,"11,00","1,811","€ 19,91",EKO,FC550598
23/01/2026,VH-041,"10,35","1,524","€ 15,77",BP,FC732741
02/02/2025,VH-041,"10,00","1,726","€ 17,26",Shell,FC882957
18/07/2025,VH-041,"10,81","1,694","€ 18,32",BP,FC930511
01/06/2025,VH-041,"9,47","1,748","€ 16,56",shell,FC220816
02/01/2025,VH-041,"12,81","1,626","€ 20,83",shell,FC662976
04/02/2026,VH-041,"6,70","1,726","€ 11,56",Shell,FC817900
20/12/2025,VH-041,"13,94","1,739","€ 24,24",Avin,FC640763
11/05/2026,VH-041,"7,97","1,884","€ 15,01",shell,FC107564
27/01/2026,VH-041,"11,53","1,668","€ 19,23",Shell,FC861304
04/07/2026,VH-041,"9,24","1,699","€ 15,70",Avin,FC101796
15/06/2026,VH-041,"9,42","1,881","€ 17,71",shell,FC253970
17/05/2025,VH-041,"12,95","1,527","€ 19,77",eko,FC298303
27/04/2026,VH-041,"9,48","1,841","€ 17,45",EKO,FC827696
01/04/2026,VH-041,"8,91","1,786","€ 15,91",Avin,FC189694
15/02/2025,VH-041,"10,75","1,939","€ 20,84",eko,FC564529
31/05/2026,VH-041,"8,42","1,925","€ 16,20",Shell,FC918446
04/06/2025,VH-041,"4,27","1,937","€ 8,28",eko,FC135139
28/08/2025,VH-041,"14,60","1,697","€ 24,78",Shell,FC194405
01/03/2025,VH-041,"11,98","1,666","€ 19,96",EKO,FC863525
09/05/2026,VH-041,"12,83","1,650","€ 21,17",eko,FC499109
31/12/2025,VH-041,"16,00","1,593","€ 25,48",shell,FC540885
17/01/2026,VH-041,"10,09","1,649","€ 16,65",EKO,FC160557
13/03/2025,VH-041,"10,28","1,858","€ 19,09",eko,FC116108
13/02/2025,VH-041,"12,49","1,712","€ 21,37",shell,FC951292
09/04/2026,VH-041,"11,22","1,904","€ 21,37",EKO,FC679038
08/07/2025,VH-041,"11,59","1,832","€ 21,22",Avin,FC852931
06/07/2025,VH-041,"11,04","1,909","€ 21,07",eko,FC366655
11/02/2026,VH-041,"10,04","1,610","€ 16,16",Shell,FC986570
04/01/2025,VH-041,"11,71","1,744","€ 20,42",shell,FC341777
17/04/2026,VH-041,"7,14","1,616","€ 11,54",Shell,FC744212
22/08/2025,VH-041,"7,65","1,672","€ 12,79",Shell,FC127183
30/05/2026,VH-041,"17,09","1,632","€ 27,89",BP,FC551847
24/06/2026,VH-041,"17,66","1,606","€ 28,37",Avin,FC207420
16/08/2025,VH-041,"11,92","1,558","€ 18,56",Shell,FC213903
02/06/2025,VH-041,"11,63","1,913","€ 22,26",BP,FC143469
17/04/2025,VH-041,"9,03","1,830","€ 16,52",shell,FC295071
25/10/2025,VH-041,"10,36","1,604","€ 16,61",Avin,FC669256
05/07/2025,VH-041,"22,05","1,622","€ 35,76",EKO,FC237110
02/03/2026,VH-041,"13,98","1,637","€ 22,88",shell,FC500892
13/05/2025,VH-042,"31,41","0,307","€ 9,64",eko,FC922302
29/08/2025,VH-042,"31,81","0,502","€ 15,97",BP,FC142079
10/11/2025,VH-042,"42,75","0,311","€ 13,29",Avin,FC957199
21/01/2025,VH-042,"40,35","0,282","€ 11,38",BP,FC624251
17/05/2026,VH-042,"27,25","0,465","€ 12,67",Shell,FC260342
02/04/2026,VH-042,"37,87","0,295","€ 11,17",eko,FC511546
07/02/2025,VH-042,"28,99","0,342","€ 9,92",Shell,FC202056
10/02/2026,VH-042,"28,87","0,431","€ 12,44",shell,FC161222
05/05/2026,VH-042,"54,94","0,288","€ 15,82",Avin,FC287782
16/04/2026,VH-042,"33,51","0,386","€ 12,94",shell,FC796010
10/04/2026,VH-042,"27,94","0,423","€ 11,82",EKO,FC949359
15/02/2025,VH-042,"33,26","0,312","€ 10,38",Avin,FC195279
04/10/2025,VH-042,"21,87","0,374","€ 8,18",eko,FC427107
05/05/2025,VH-042,"24,96","0,332","€ 8,29",eko,FC148516
07/04/2026,VH-042,"27,32","0,429","€ 11,72",BP,FC351278
10/02/2025,VH-042,"48,06","0,350","€ 16,82",EKO,FC897120
18/09/2025,VH-042,"21,69","0,369","€ 8,00",EKO,FC221513
14/04/2026,VH-042,"24,68","0,475","€ 11,72",eko,FC576234
15/02/2026,VH-042,"35,16","0,289","€ 10,16",eko,FC959976
04/08/2025,VH-042,"19,70","0,418","€ 8,23",eko,FC798581
27/01/2026,VH-042,"34,90","0,393","€ 13,71",EKO,FC327310
07/12/2025,VH-042,"35,09","0,400","€ 14,03",BP,FC849506
16/02/2025,VH-042,"25,50","0,382","€ 9,74",eko,FC249186
25/01/2025,VH-042,"33,39","0,306","€ 10,22",shell,FC983028
07/08/2025,VH-042,"26,14","0,437","€ 11,43",BP,FC881392
26/01/2025,VH-042,"32,58","0,520","€ 16,94",EKO,FC123441
28/04/2025,VH-042,"29,43","0,510","€ 15,01",EKO,FC174090
13/07/2025,VH-042,"45,28","0,411","€ 18,61",EKO,FC259495
02/10/2025,VH-042,"23,66","0,423","€ 10,01",shell,FC242589
28/12/2025,VH-042,"28,20","0,514","€ 14,50",eko,FC102712
31/05/2026,VH-042,"32,65","0,337","€ 11,00",eko,FC835626
26/10/2025,VH-042,"23,86","0,452","€ 10,78",BP,FC944637
20/08/2025,VH-042,"31,68","0,480","€ 15,21",Shell,FC392823
20/03/2026,VH-042,"27,59","0,347","€ 9,58",BP,FC408645
16/08/2025,VH-042,"23,79","0,435","€ 10,35",eko,FC918174
31/01/2025,VH-042,"26,18","0,341","€ 8,93",eko,FC591989
13/02/2026,VH-042,"27,42","0,386","€ 10,59",shell,FC194562
09/09/2025,VH-042,"26,91","0,488","€ 13,13",Avin,FC295474
16/09/2025,VH-042,"40,45","0,367","€ 14,85",eko,FC887565
07/04/2025,VH-042,"26,25","0,345","€ 9,05",shell,FC641427
12/05/2025,VH-042,"18,58","0,502","€ 9,33",Shell,FC657473
16/04/2025,VH-042,"34,76","0,308","€ 10,70",Shell,FC400352
09/03/2025,VH-042,"30,57","0,479","€ 14,64",eko,FC532451
26/05/2025,VH-042,"30,48","0,283","€ 8,63",Avin,FC954819
12/12/2025,VH-042,"24,00","0,511","€ 12,26",Shell,FC367906
14/02/2026,VH-042,"18,88","0,393","€ 7,42",Shell,FC311773
07/06/2025,VH-042,"37,67","0,352","€ 13,26",Avin,FC122995
25/05/2026,VH-042,"33,93","0,394","€ 13,37",eko,FC742524
29/01/2025,VH-042,"16,12","0,349","€ 5,63",Avin,FC686442
14/08/2025,VH-042,"31,12","0,341","€ 10,61",shell,FC152080
11/05/2025,VH-042,"32,69","0,386","€ 12,62",shell,FC305869
08/06/2026,VH-042,"62,70","0,306","€ 19,19",BP,FC713947
09/07/2026,VH-042,"19,62","0,469","€ 9,20",eko,FC202212
07/04/2025,VH-042,"48,50","0,379","€ 18,38",BP,FC194849
27/03/2025,VH-042,"15,13","0,505","€ 7,64",eko,FC247257
27/07/2025,VH-042,"33,62","0,440","€ 14,79",shell,FC141606
17/05/2026,VH-042,"10,36","0,374","€ 3,87",eko,FC768851
02/01/2025,VH-042,"24,38","0,479","€ 11,68",shell,FC547179
20/01/2025,VH-042,"38,19","0,368","€ 14,05",eko,FC656601
16/12/2025,VH-042,"51,60","0,292","€ 15,07",EKO,FC364289
14/06/2025,VH-042,"39,71","0,334","€ 13,26",Shell,FC448765
16/10/2025,VH-042,"39,48","0,333","€ 13,15",Avin,FC859210
08/05/2026,VH-042,"36,85","0,381","€ 14,04",eko,FC519220
17/11/2025,VH-042,"24,56","0,514","€ 12,62",Shell,FC535671
21/02/2026,VH-042,"20,32","0,435","€ 8,84",shell,FC505474
15/04/2026,VH-042,"43,74","0,350","€ 15,31",eko,FC884946
11/04/2026,VH-042,"22,63","0,316","€ 7,15",EKO,FC185350
16/04/2026,VH-042,"22,64","0,478","€ 10,82",shell,FC691705
29/05/2025,VH-042,"18,42","0,495","€ 9,12",BP,FC472416
22/03/2025,VH-042,"19,76","0,388","€ 7,67",EKO,FC790352
12/01/2025,VH-042,"27,98","0,408","€ 11,42",Avin,FC635760
13/11/2025,VH-042,"51,29","0,300","€ 15,39",BP,FC774408
11/06/2026,VH-042,"34,41","0,371","€ 12,77",BP,FC805255
15/10/2025,VH-042,"35,87","0,405","€ 14,53",eko,FC762389
23/02/2025,VH-042,"23,40","0,455","€ 10,65",EKO,FC791987
11/01/2025,VH-042,"32,33","0,362","€ 11,70",BP,FC514319
20/02/2025,VH-042,"40,94","0,292","€ 11,96",Avin,FC991237
12/07/2025,VH-042,"30,75","0,499","€ 15,34",Avin,FC632732
21/09/2025,VH-042,"25,14","0,487","€ 12,24",shell,FC989860
03/08/2025,VH-042,"25,42","0,493","€ 12,53",eko,FC134944
07/05/2026,VH-042,"28,84","0,418","€ 12,06",BP,FC734278
05/06/2025,VH-042,"37,51","0,334","€ 12,53",shell,FC358751
23/10/2025,VH-042,"42,21","0,380","€ 16,04",BP,FC757519
20/01/2025,VH-042,"38,18","0,324","€ 12,37",eko,FC583942
30/10/2025,VH-042,"30,56","0,395","€ 12,07",Shell,FC865737
09/07/2026,VH-042,"17,84","0,498","€ 8,89",shell,FC141824
17/02/2025,VH-042,"28,69","0,477","€ 13,69",EKO,FC629328
11/07/2025,VH-042,"42,05","0,320","€ 13,45",BP,FC406568
19/05/2026,VH-042,"31,91","0,479","€ 15,28",Avin,FC681859
08/06/2026,VH-042,"31,25","0,315","€ 9,84",EKO,FC763548
13/01/2026,VH-042,"25,68","0,509","€ 13,07",Shell,FC208521
08/08/2025,VH-042,"57,45","0,308","€ 17,69",eko,FC126138
23/01/2025,VH-042,"23,72","0,518","€ 12,28",BP,FC617305
26/01/2025,VH-042,"23,30","0,447","€ 10,41",BP,FC424171
19/02/2025,VH-042,"39,49","0,364","€ 14,37",eko,FC536484
11/09/2025,VH-042,"33,43","0,302","€ 10,10",Avin,FC539575
02/06/2026,VH-042,"40,59","0,387","€ 15,71",EKO,FC574676
07/12/2025,VH-042,"22,39","0,429","€ 9,60",eko,FC290053
17/12/2025,VH-042,"29,10","0,439","€ 12,77",Avin,FC962982
20/05/2025,VH-042,"24,53","0,385","€ 9,45",Shell,FC701625
17/01/2025,VH-042,"24,71","0,384","€ 9,49",shell,FC267264
12/08/2025,VH-042,"33,49","0,464","€ 15,54",Shell,FC117152
23/08/2025,VH-042,"29,69","0,494","€ 14,67",Avin,FC953657
09/10/2025,VH-042,"23,93","0,425","€ 10,17",EKO,FC376011
28/12/2025,VH-042,"27,84","0,407","€ 11,33",eko,FC293113
12/12/2025,VH-042,"28,27","0,427","€ 12,07",BP,FC156152
05/06/2026,VH-042,"19,82","0,467","€ 9,26",BP,FC187293
18/02/2026,VH-042,"31,97","0,346","€ 11,06",EKO,FC363818
19/01/2026,VH-042,"26,30","0,432","€ 11,36",BP,FC672954
11/07/2026,VH-042,"39,29","0,407","€ 15,99",BP,FC767104
08/02/2025,VH-042,"28,45","0,391","€ 11,12",Shell,FC264121
29/03/2026,VH-042,"38,52","0,333","€ 12,83",Avin,FC381179
19/11/2025,VH-042,"43,83","0,377","€ 16,53",eko,FC196044
01/10/2025,VH-042,"24,74","0,490","€ 12,12",Shell,FC438794
13/04/2025,VH-042,"37,20","0,370","€ 13,76",Shell,FC309241
28/06/2026,VH-042,"19,65","0,512","€ 10,06",BP,FC437437
11/09/2025,VH-042,"29,24","0,320","€ 9,36",BP,FC695097
11/07/2025,VH-042,"32,53","0,362","€ 11,77",Avin,FC760675
22/02/2025,VH-042,"49,65","0,318","€ 15,79",Avin,FC514086
02/04/2026,VH-042,"30,02","0,455","€ 13,66",Shell,FC543655
04/11/2025,VH-042,"40,61","0,297","€ 12,06",Avin,FC114662
23/03/2026,VH-042,"34,99","0,458","€ 16,02",Avin,FC923374
19/08/2025,VH-042,"40,59","0,359","€ 14,57",Avin,FC821962
23/04/2026,VH-042,"53,33","0,329","€ 17,54",eko,FC457665
16/05/2025,VH-042,"28,00","0,359","€ 10,05",shell,FC760037
08/04/2025,VH-042,"37,75","0,403","€ 15,21",eko,FC708712
25/06/2026,VH-042,"16,74","0,489","€ 8,19",eko,FC348030
15/12/2025,VH-042,"20,72","0,495","€ 10,26",shell,FC526019
11/03/2026,VH-042,"20,70","0,464","€ 9,60",EKO,FC794227
23/03/2026,VH-042,"36,54","0,309","€ 11,29",EKO,FC880901
06/03/2025,VH-042,"23,80","0,448","€ 10,66",EKO,FC820994
28/05/2025,VH-042,"13,85","0,431","€ 5,97",eko,FC327339
13/03/2026,VH-042,"20,14","0,432","€ 8,70",Avin,FC604021
14/07/2026,VH-042,"19,87","0,366","€ 7,27",EKO,FC759254
11/12/2025,VH-042,"35,25","0,402","€ 14,17",eko,FC134490
24/03/2026,VH-042,"45,57","0,335","€ 15,27",BP,FC887506
08/06/2026,VH-042,"48,74","0,362","€ 17,64",BP,FC435816
16/04/2025,VH-042,"38,12","0,326","€ 12,43",EKO,FC921384
13/03/2026,VH-042,"52,73","0,401","€ 21,15",shell,FC273106
29/04/2026,VH-042,"25,57","0,465","€ 11,89",BP,FC617417
24/03/2025,VH-042,"49,59","0,388","€ 19,24",Avin,FC297160
01/02/2025,VH-042,"31,60","0,347","€ 10,96",EKO,FC429615
24/02/2026,VH-042,"37,62","0,348","€ 13,09",Avin,FC860543
16/12/2025,VH-042,"19,53","0,466","€ 9,10",BP,FC679224
08/03/2026,VH-042,"48,08","0,344","€ 16,54",Avin,FC591546
19/04/2025,VH-042,"47,27","0,431","€ 20,38",Avin,FC785300
18/02/2025,VH-042,"31,57","0,374","€ 11,81",shell,FC258115
13/02/2026,VH-042,"29,64","0,492","€ 14,58",eko,FC962300
21/07/2025,VH-042,"29,14","0,414","€ 12,06",BP,FC934143
19/01/2025,VH-042,"32,39","0,512","€ 16,58",shell,FC582216
13/09/2025,VH-042,"30,50","0,415","€ 12,66",Shell,FC791658
18/01/2026,VH-042,"36,78","0,370","€ 13,61",shell,FC783645
05/04/2026,VH-042,"28,93","0,358","€ 10,36",BP,FC859994
24/12/2025,VH-042,"38,56","0,349","€ 13,46",BP,FC793261
12/04/2026,VH-042,"31,48","0,384","€ 12,09",eko,FC810421
03/04/2025,VH-042,"50,10","0,375","€ 18,79",shell,FC509577
